ISIN,Name,Listed_In,BSE_Symbol,NSE_Symbol,search query
IN9175A01010,JAIN IRRIGATION SYSTEMS LTD.,"BSE, NSE",JISLDVREQS,JISLDVREQS,JAIN IRRIGATION SYSTEMS LTD. investor relations
IN9623B01058,Future Enterprises Limited,NSE,,FELDVR,Future Enterprises Limited investor relations
INE001B01026,KRBL LTD.,"BSE, NSE",KRBL,KRBL,KRBL LTD. investor relations
INE001E01012,PREMCO GLOBAL LTD.,BSE,PREMCO,,PREMCO GLOBAL LTD. investor relations
INE001F01019,MODERN STEELS LTD.,BSE,MDRNSTL,,MODERN STEELS LTD. investor relations
INE001O01029,RISA INTERNATIONAL LTD.,BSE,RISAINTL,,RISA INTERNATIONAL LTD. investor relations
INE002A01018,RELIANCE INDUSTRIES LTD.,"BSE, NSE",RELIANCE,RELIANCE,RELIANCE INDUSTRIES LTD. investor relations
INE002B01016,SOFTSOL INDIA LTD.,BSE,SOFTSOL,,SOFTSOL INDIA LTD. investor relations
INE002L01015,SJVN LTD,"BSE, NSE",SJVN,SJVN,SJVN LTD investor relations
INE002S01010,Mahanagar Gas Limited,"BSE, NSE",MGL,MGL,Mahanagar Gas Limited investor relations
INE003A01024,SIEMENS LTD.,"BSE, NSE",SIEMENS,SIEMENS,SIEMENS LTD. investor relations
INE003B01014,INTER STATE OIL CARRIER LTD.,BSE,INTSTOIL,,INTER STATE OIL CARRIER LTD. investor relations
INE003F01015,MULLER & PHIPPS (INDIA) LTD.,BSE,MULLER,,MULLER & PHIPPS (INDIA) LTD. investor relations
INE004A01022,Protean eGov Technologies Limi,"BSE, NSE",PROTEAN,PROTEAN,Protean eGov Technologies Limi investor relations
INE004C01028,GUJARAT COTEX LTD.,BSE,GUJCOTEX,,GUJARAT COTEX LTD. investor relations
INE005B01027,AVANTEL LTD.,"BSE, NSE",AVANTEL,AVANTEL,AVANTEL LTD. investor relations
INE005C01017,RTS POWER CORPORATION LTD.,BSE,RTSPOWR,,RTS POWER CORPORATION LTD. investor relations
INE005E01013,Ekansh Concepts Limited,BSE,EKANSH,,Ekansh Concepts Limited investor relations
INE005G01026,Deep Diamond India Limited,BSE,DDIL,,Deep Diamond India Limited investor relations
INE005I01014,AMD INDUSTRIES LTD.,"BSE, NSE",AMDIND,AMDIND,AMD INDUSTRIES LTD. investor relations
INE006C01015,K.Z.LEASING & FINANCE LTD.,BSE,KZLFIN,,K.Z.LEASING & FINANCE LTD. investor relations
INE006F01018,NB FOOTWEAR LTD.,BSE,NBFOOT,,NB FOOTWEAR LTD. investor relations
INE006I01046,ASTRAL LIMITED,"BSE, NSE",ASTRAL,ASTRAL,ASTRAL LIMITED investor relations
INE006Z01016,Arvee Laboratories (India) Limited,NSE,,ARVEE,Arvee Laboratories (India) Limited investor relations
INE007A01025,CRISIL LTD.,"BSE, NSE",CRISIL,CRISIL,CRISIL LTD. investor relations
INE007B01023,Geojit Financial Services Limi,"BSE, NSE",GEOJITFSL,GEOJITFSL,Geojit Financial Services Limi investor relations
INE007C01021,INDRAYANI BIOTECH LTD.,BSE,INDRANIB,,INDRAYANI BIOTECH LTD. investor relations
INE007N01010,Fedbank Financial Services Lim,"BSE, NSE",FEDFINA,FEDFINA,Fedbank Financial Services Lim investor relations
INE008A01015,IDBI BANK LTD.,"BSE, NSE",IDBI,IDBI,IDBI BANK LTD. investor relations
INE008B01013,AIMCO PESTICIDES LTD.,BSE,AIMCOPEST,,AIMCO PESTICIDES LTD. investor relations
INE008C01011,ROYALE MANOR HOTELS & INDUSTRI,BSE,RAYALEMA,,ROYALE MANOR HOTELS & INDUSTRI investor relations
INE008N01018,TIRTH PLASTIC LTD.,BSE,TIRTPLS,,TIRTH PLASTIC LTD. investor relations
INE009A01021,INFOSYS LTD.,"BSE, NSE",INFY,INFY,INFOSYS LTD. investor relations
INE009C01019,SRI KPR INDUSTRIES LTD.,BSE,SRIKPRIND,,SRI KPR INDUSTRIES LTD. investor relations
INE00CA01015,Trejhara Solutions Limited,"BSE, NSE",TREJHARA,TREJHARA,Trejhara Solutions Limited investor relations
INE00CE01017,Shree Vasu Logistics Limited,NSE,,SVLL,Shree Vasu Logistics Limited investor relations
INE00CX01017,Mahip Industries Limited,BSE,MAHIP,,Mahip Industries Limited investor relations
INE00E101023,Bikaji Foods International Lim,"BSE, NSE",BIKAJI,BIKAJI,Bikaji Foods International Lim investor relations
INE00EM01016,Megastar Foods Limited,"BSE, NSE",MEGASTAR,MEGASTAR,Megastar Foods Limited investor relations
INE00EV01017,Hariom Pipe Industries Limited,"BSE, NSE",HARIOMPIPE,HARIOMPIPE,Hariom Pipe Industries Limited investor relations
INE00F201020,Prudent Corporate Advisory Ser,"BSE, NSE",PRUDENT,PRUDENT,Prudent Corporate Advisory Ser investor relations
INE00FF01025,ACUTAAS CHEMICALS LIMITED,"BSE, NSE",ACUTAAS,ACUTAAS,ACUTAAS CHEMICALS LIMITED investor relations
INE00FM01013,B&A PACKAGING INDIA LIMITED,BSE,BAPACK,,B&A PACKAGING INDIA LIMITED investor relations
INE00GK01023,Yash Highvoltage Limited,BSE,YASHHV,,Yash Highvoltage Limited investor relations
INE00H001014,SWIGGY LIMITED,"BSE, NSE",SWIGGY,SWIGGY,SWIGGY LIMITED investor relations
INE00HZ01011,BN AGROCHEM LIMITED,BSE,BNAGROCHEM,,BN AGROCHEM LIMITED investor relations
INE00IK01029,ShreeOswal Seeds And Chemicals Limited,NSE,,OSWALSEEDS,ShreeOswal Seeds And Chemicals Limited investor relations
INE00IN01015,STOVE KRAFT LIMITED,"BSE, NSE",STOVEKRAFT,STOVEKRAFT,STOVE KRAFT LIMITED investor relations
INE00IY01012,Deep Polymers Limited,BSE,DEEP,,Deep Polymers Limited investor relations
INE00KV01022,Rajnandini Metal Limited,NSE,,RAJMET,Rajnandini Metal Limited investor relations
INE00LM01029,SONAM LIMITED,NSE,,SONAMLTD,SONAM LIMITED investor relations
INE00LO01017,Craftsman Automation Limited,"BSE, NSE",CRAFTSMAN,CRAFTSMAN,Craftsman Automation Limited investor relations
INE00M201021,STERLING AND WILSON RENEWABLE,"BSE, NSE",SWSOLAR,SWSOLAR,STERLING AND WILSON RENEWABLE investor relations
INE00M901018,Interarch Building Solutions L,"BSE, NSE",INTERARCH,INTERARCH,Interarch Building Solutions L investor relations
INE00OQ01016,Dharmaj Crop Guard Limited,"BSE, NSE",DHARMAJ,DHARMAJ,Dharmaj Crop Guard Limited investor relations
INE00PV01013,Ahlada Engineers Limited,NSE,,AHLADA,Ahlada Engineers Limited investor relations
INE00Q601028,Studds Accessories Limited,"BSE, NSE",STUDDS,STUDDS,Studds Accessories Limited investor relations
INE00Q901014,S. M. Gold Limited,BSE,SMGOLD,,S. M. Gold Limited investor relations
INE00QT01015,Synergy Green Industries Limit,"BSE, NSE",SGIL,SGIL,Synergy Green Industries Limit investor relations
INE00R701025,DALMIA BHARAT LIMITED,"BSE, NSE",DALBHARAT,DALBHARAT,DALMIA BHARAT LIMITED investor relations
INE00RL01028,Highway Infrastructure Limited,"BSE, NSE",HILINFRA,HILINFRA,Highway Infrastructure Limited investor relations
INE00S901012,Nila Spaces Ltd,"BSE, NSE",NILASPACES,NILASPACES,Nila Spaces Ltd investor relations
INE00ST01011,B.R.GOYAL INFRASTRUCTURE LIMIT,BSE,BRGIL,,B.R.GOYAL INFRASTRUCTURE LIMIT investor relations
INE00SW01015,BCPL Railway Infrastructure Li,BSE,BCPL,,BCPL Railway Infrastructure Li investor relations
INE00TV01023,SUDARSHAN PHARMA INDUSTRIES LI,BSE,SUDARSHAN,,SUDARSHAN PHARMA INDUSTRIES LI investor relations
INE00U401027,UNICOMMERCE ESOLUTIONS LIMITED,"BSE, NSE",UNIECOM,UNIECOM,UNICOMMERCE ESOLUTIONS LIMITED investor relations
INE00VM01036,Manorama Industries Limited,"BSE, NSE",MANORAMA,MANORAMA,Manorama Industries Limited investor relations
INE00WC01027,AFFLE 3I LIMITED,"BSE, NSE",AFFLE,AFFLE,AFFLE 3I LIMITED investor relations
INE00Y201027,Flair Writing Industries Limit,"BSE, NSE",FLAIR,FLAIR,Flair Writing Industries Limit investor relations
INE00Y801016,Akg Exim Limited,NSE,,AKG,Akg Exim Limited investor relations
INE00YB01025,A B INFRABUILD LIMITED,"BSE, NSE",ABINFRA,ABINFRA,A B INFRABUILD LIMITED investor relations
INE00YJ01010,Jaro Institute of Technology M,"BSE, NSE",JARO,JARO,Jaro Institute of Technology M investor relations
INE00Z501029,Kritika Wires Limited,NSE,,KRITIKA,Kritika Wires Limited investor relations
INE00ZE01026,ABANS FINANCIAL SERVICES LIMIT,"BSE, NSE",AFSL,AFSL,ABANS FINANCIAL SERVICES LIMIT investor relations
INE010601016,Entero Healthcare Solutions Li,"BSE, NSE",ENTERO,ENTERO,Entero Healthcare Solutions Li investor relations
INE010A01011,PRISM JOHNSON LIMITED.,"BSE, NSE",PRSMJOHNSN,PRSMJOHNSN,PRISM JOHNSON LIMITED. investor relations
INE010B01027,Zydus Lifesciences Limited,"BSE, NSE",ZYDUSLIFE,ZYDUSLIFE,Zydus Lifesciences Limited investor relations
INE010C01025,SWISS MILITARY CONSUMER GOODS,BSE,SWISSMLTRY,,SWISS MILITARY CONSUMER GOODS investor relations
INE010J01012,Tejas Networks Limited,"BSE, NSE",TEJASNET,TEJASNET,Tejas Networks Limited investor relations
INE010R01023,Ultracab (India) Limited,BSE,ULTRACAB,,Ultracab (India) Limited investor relations
INE010V01017,L&T Technology Services Limite,"BSE, NSE",LTTS,LTTS,L&T Technology Services Limite investor relations
INE011B01017,CLIO INFOTECH LTD.,BSE,CLIOINFO,,CLIO INFOTECH LTD. investor relations
INE011D01013,SHERVANI INDUSTRIAL SYNDICATE,BSE,SHERVANI,,SHERVANI INDUSTRIAL SYNDICATE investor relations
INE011E01029,BALU FORGE INDUSTRIES LIMITED,"BSE, NSE",BALUFORGE,BALUFORGE,BALU FORGE INDUSTRIES LIMITED investor relations
INE011K01018,Tega Industries Limited,"BSE, NSE",TEGA,TEGA,Tega Industries Limited investor relations
INE011R01013,Atishay Limited,BSE,ATISHAY,,Atishay Limited investor relations
INE012A01025,ACC LTD.,"BSE, NSE",ACC,ACC,ACC LTD. investor relations
INE012E01035,DIANA TEA CO.LTD.,BSE,DIANATEA,,DIANA TEA CO.LTD. investor relations
INE012Q01021,R&B DENIMS LTD,"BSE, NSE",RNBDENIMS,RNBDENIMS,R&B DENIMS LTD investor relations
INE013801027,Kshitij Polyline Limited,NSE,,KSHITIJPOL,Kshitij Polyline Limited investor relations
INE013E01017,PANASONIC CARBON INDIA CO.LTD.,BSE,PANCARBON,,PANASONIC CARBON INDIA CO.LTD. investor relations
INE013J01016,KRISHANVEER FORGE LIMITED,BSE,KVFORGE,,KRISHANVEER FORGE LIMITED investor relations
INE013P01021,Onesource Specialty Pharma Lim,"BSE, NSE",ONESOURCE,ONESOURCE,Onesource Specialty Pharma Lim investor relations
INE013V01011,SHELTER PHARMA LIMITED,BSE,SHELTER,,SHELTER PHARMA LIMITED investor relations
INE014B01011,TECIL CHEMICALS & HYDRO POWER,"BSE, NSE",TECILCHEM,TECILCHEM,TECIL CHEMICALS & HYDRO POWER investor relations
INE014E01015,KOVILPATTI LAKSHMI ROLLER FLOU,BSE,KLRFM,,KOVILPATTI LAKSHMI ROLLER FLOU investor relations
INE015B01018,WIM PLAST LTD.,BSE,WIMPLAST,,WIM PLAST LTD. investor relations
INE015C01016,TINNA RUBBER AND INFRASTRUCTUR,"BSE, NSE",TINNARUBR,TINNARUBR,TINNA RUBBER AND INFRASTRUCTUR investor relations
INE015D01022,MANAKSIA LTD.,"BSE, NSE",MANAKSIA,MANAKSIA,MANAKSIA LTD. investor relations
INE015E01012,PARAGON FINANCE LTD.,BSE,PARAGONF,,PARAGON FINANCE LTD. investor relations
INE016A01026,DABUR INDIA LTD.,"BSE, NSE",DABUR,DABUR,DABUR INDIA LTD. investor relations
INE016M01021,Diligent Media Corporation Lim,"BSE, NSE",DNAMEDIA,DNAMEDIA,Diligent Media Corporation Lim investor relations
INE016Q01014,CEINSYS TECH LIMITED,BSE,CEINSYSTECH,,CEINSYS TECH LIMITED investor relations
INE016X01010,Aryan Share & Stock Brokers Lt,BSE,ARYAN,,Aryan Share & Stock Brokers Lt investor relations
INE017A01032,GREAT EASTERN SHIPPING CO.LTD.,"BSE, NSE",GESHIP,GESHIP,GREAT EASTERN SHIPPING CO.LTD. investor relations
INE017C01012,KISAN MOULDINGS LTD.,BSE,KISAN,,KISAN MOULDINGS LTD. investor relations
INE017E01018,INTEC CAPITAL LTD.,BSE,INTECCAP,,INTEC CAPITAL LTD. investor relations
INE017I01027,SERA INVESTMENTS & FINANCE IND,BSE,SERA,,SERA INVESTMENTS & FINANCE IND investor relations
INE017W01010,Sarthak Metals Limited,"BSE, NSE",SMLT,SMLT,Sarthak Metals Limited investor relations
INE018401013,Suvidhaa Infoserve Limited,"BSE, NSE",SUVIDHAA,SUVIDHAA,Suvidhaa Infoserve Limited investor relations
INE018A01030,LARSEN & TOUBRO LTD.,"BSE, NSE",LT,LT,LARSEN & TOUBRO LTD. investor relations
INE018E01016,SBI CARDS AND PAYMENT SERVICES,"BSE, NSE",SBICARD,SBICARD,SBI CARDS AND PAYMENT SERVICES investor relations
INE018S01016,RITA FINANCE AND LEASING LIMIT,BSE,RFLL,,RITA FINANCE AND LEASING LIMIT investor relations
INE019A01038,JSW STEEL LTD.,"BSE, NSE",JSWSTEEL,JSWSTEEL,JSW STEEL LTD. investor relations
INE019B01010,TRANSCHEM LTD.,BSE,TRANSCHEM,,TRANSCHEM LTD. investor relations
INE019C01026,Himadri Speciality Chemical Lt,"BSE, NSE",HSCL,HSCL,Himadri Speciality Chemical Lt investor relations
INE019D01016,Mahaveer Infoway Limited,BSE,MAHAVEER,,Mahaveer Infoway Limited investor relations
INE019J01013,Sastasundar Ventures Limited,"BSE, NSE",SASTASUNDR,SASTASUNDR,Sastasundar Ventures Limited investor relations
INE01A001028,STANLEY LIFESTYLES LIMITED,"BSE, NSE",STANLEY,STANLEY,STANLEY LIFESTYLES LIMITED investor relations
INE01A501027,Ranjeet Mechatronics Limited,BSE,RANJEET,,Ranjeet Mechatronics Limited investor relations
INE01B501018,Add-Shop E-Retail Limited,BSE,ASRL,,Add-Shop E-Retail Limited investor relations
INE01BK01022,Antony Waste Handling Cell Lim,"BSE, NSE",AWHCL,AWHCL,Antony Waste Handling Cell Lim investor relations
INE01BL01012,Northern Spirits Limited,BSE,NSL,,Northern Spirits Limited investor relations
INE01BT01015,Machhar Industries Limited,BSE,MACIND,,Machhar Industries Limited investor relations
INE01C001026,Aartech Solonics Limited,"BSE, NSE",AARTECH,AARTECH,Aartech Solonics Limited investor relations
INE01EA01019,Vishal Mega Mart Limited,"BSE, NSE",VMM,VMM,Vishal Mega Mart Limited investor relations
INE01EE01011,B&B Triplewall Containers Limited,NSE,,BBTCL,B&B Triplewall Containers Limited investor relations
INE01EG01016,Ritco Logistics Limited,"BSE, NSE",RITCO,RITCO,Ritco Logistics Limited investor relations
INE01EO01010,Spectrum Electrical Industries,"BSE, NSE",SPECTRUM,SPECTRUM,Spectrum Electrical Industries investor relations
INE01FR01028,Baazar Style Retail Limited,"BSE, NSE",STYLEBAAZA,STYLEBAAZA,Baazar Style Retail Limited investor relations
INE01GN01025,Iris Clothings Limited,NSE,,IRISDOREME,Iris Clothings Limited investor relations
INE01GR01018,Diksha Greens Limited,BSE,DGL,,Diksha Greens Limited investor relations
INE01GZ01011,Chandni Machines Limited,BSE,CHANDNIMACH,,Chandni Machines Limited investor relations
INE01II01013,Silgo Retail Limited,NSE,,SILGO,Silgo Retail Limited investor relations
INE01IU01018,Sky Gold And Diamonds Limited,"BSE, NSE",SKYGOLD,SKYGOLD,Sky Gold And Diamonds Limited investor relations
INE01J501010,Shubham Polyspin Limited,BSE,SHUBHAM,,Shubham Polyspin Limited investor relations
INE01JE01028,Marine Electricals (India) Limited,NSE,,MARINE,Marine Electricals (India) Limited investor relations
INE01K301012,Harish Textile Engineers Limit,BSE,HARISH,,Harish Textile Engineers Limit investor relations
INE01KI01027,VINNY OVERSEAS LIMITED,"BSE, NSE",VINNY,VINNY,VINNY OVERSEAS LIMITED investor relations
INE01NE01012,Shankar Lal Rampal Dye-Chem Li,"BSE, NSE",SRD,SRD,Shankar Lal Rampal Dye-Chem Li investor relations
INE01P501012,Xelpmoc Design and Tech Limite,"BSE, NSE",XELPMOC,XELPMOC,Xelpmoc Design and Tech Limite investor relations
INE01QM01018,eMudhra Limited,"BSE, NSE",EMUDHRA,EMUDHRA,eMudhra Limited investor relations
INE01R501028,Vikran Engineering Limited,"BSE, NSE",VIKRAN,VIKRAN,Vikran Engineering Limited investor relations
INE01TL01014,BOMBAY OXYGEN INVESTMENTS LIMI,BSE,BOMOXY-B1,,BOMBAY OXYGEN INVESTMENTS LIMI investor relations
INE01TY01017,Canara HSBC Life Insurance Com,"BSE, NSE",CANHLIFE,CANHLIFE,Canara HSBC Life Insurance Com investor relations
INE020801028,Spencer's Retail Limited,"BSE, NSE",SPENCERS,SPENCERS,Spencer's Retail Limited investor relations
INE020B01018,REC LIMITED,"BSE, NSE",RECLTD,RECLTD,REC LIMITED investor relations
INE020D01022,BAID FINSERV LIMITED,"BSE, NSE",BAIDFIN,BAIDFIN,BAID FINSERV LIMITED investor relations
INE020G01017,Inspirisys Solutions Limited,"BSE, NSE",INSPIRISYS,INSPIRISYS,Inspirisys Solutions Limited investor relations
INE020J01029,GOKUL REFOILS & SOLVENT LTD.,"BSE, NSE",GOKUL,GOKUL,GOKUL REFOILS & SOLVENT LTD. investor relations
INE020S01012,GALAXY BEARINGS LTD.,BSE,GALXBRG,,GALAXY BEARINGS LTD. investor relations
INE021A01026,ASIAN PAINTS LTD.,"BSE, NSE",ASIANPAINT,ASIANPAINT,ASIAN PAINTS LTD. investor relations
INE021N01011,ARIGATO UNIVERSE LIMITED,BSE,ARIGATO,,ARIGATO UNIVERSE LIMITED investor relations
INE021O01019,Dodla Dairy Limited,"BSE, NSE",DODLA,DODLA,Dodla Dairy Limited investor relations
INE022C01012,Eurotex Industries and Exports Limited,NSE,,EUROTEXIND,Eurotex Industries and Exports Limited investor relations
INE022I01019,ASIAN GRANITO INDIA LTD.,"BSE, NSE",ASIANTILES,ASIANTILES,ASIAN GRANITO INDIA LTD. investor relations
INE022Q01020,Indian Energy Exchange Limited,"BSE, NSE",IEX,IEX,Indian Energy Exchange Limited investor relations
INE023A01030,NALWA SONS INVESTMENTS LTD.,"BSE, NSE",NSIL,NSIL,NALWA SONS INVESTMENTS LTD. investor relations
INE023H01027,NECTAR LIFESCIENCES LTD.,"BSE, NSE",NECLIFE,NECLIFE,NECTAR LIFESCIENCES LTD. investor relations
INE023M01027,SETUBANDHAN INFRASTRUCTURE LIM,"BSE, NSE",SETUINFRA,SETUINFRA,SETUBANDHAN INFRASTRUCTURE LIM investor relations
INE023R01018,ACE MEN ENGG WORKS LIMITED,BSE,ACEMEN,,ACE MEN ENGG WORKS LIMITED investor relations
INE024001021,Aeroflex Industries Limited,"BSE, NSE",AEROFLEX,AEROFLEX,Aeroflex Industries Limited investor relations
INE024B01010,JOINDRE CAPITAL SERVICES LTD.,BSE,JOINDRE,,JOINDRE CAPITAL SERVICES LTD. investor relations
INE024D01016,PRUDENTIAL SUGAR CORPORATION L,"BSE, NSE",PRUDMOULI,PRUDMOULI,PRUDENTIAL SUGAR CORPORATION L investor relations
INE024F01011,SHILCHAR TECHNOLOGIES LTD.,"BSE, NSE",SHILCTECH,SHILCTECH,SHILCHAR TECHNOLOGIES LTD. investor relations
INE024L01027,GRAVITA INDIA LTD.,"BSE, NSE",GRAVITA,GRAVITA,GRAVITA INDIA LTD. investor relations
INE025A01027,Consolidated Finvest & Holdings Limited,NSE,,CONSOFINVT,Consolidated Finvest & Holdings Limited investor relations
INE025B01025,GOLDIAM INTERNATIONAL LTD.,"BSE, NSE",GOLDIAM,GOLDIAM,GOLDIAM INTERNATIONAL LTD. investor relations
INE025D01013,HEERA ISPAT LTD.,BSE,HEERAISP,,HEERA ISPAT LTD. investor relations
INE025R01021,Artemis Medicare Services Limi,"BSE, NSE",ARTEMISMED,ARTEMISMED,Artemis Medicare Services Limi investor relations
INE026A01025,GUJARAT STATE FERTILIZERS & CH,"BSE, NSE",GSFC,GSFC,GUJARAT STATE FERTILIZERS & CH investor relations
INE026C01013,NDA SECURITIES LTD.,BSE,NDASEC,,NDA SECURITIES LTD. investor relations
INE026D01011,LOTUS CHOCOLATE CO.LTD.,BSE,LOTUSCHO,,LOTUS CHOCOLATE CO.LTD. investor relations
INE026I01010,BHAGWATI OXYGEN LTD.,BSE,BHAGWOX,,BHAGWATI OXYGEN LTD. investor relations
INE026L01022,Tilak Ventures Limited,BSE,TILAK,,Tilak Ventures Limited investor relations
INE027A01015,RASHTRIYA CHEMICALS & FERTILIZ,"BSE, NSE",RCF,RCF,RASHTRIYA CHEMICALS & FERTILIZ investor relations
INE027D01019,NETTLINX LTD.,BSE,NETTLINX,,NETTLINX LTD. investor relations
INE027F01014,CMX HOLDINGS LIMITED,BSE,CMXLTD,,CMX HOLDINGS LIMITED investor relations
INE027H01010,Max Healthcare Institute Limit,"BSE, NSE",MAXHEALTH,MAXHEALTH,Max Healthcare Institute Limit investor relations
INE027T01023,RUDRA GLOBAL INFRA PRODUCTS LI,"BSE, NSE",RUDRA,RUDRA,RUDRA GLOBAL INFRA PRODUCTS LI investor relations
INE028A01039,BANK OF BARODA,"BSE, NSE",BANKBARODA,BANKBARODA,BANK OF BARODA investor relations
INE029A01011,BHARAT PETROLEUM CORPORATION L,"BSE, NSE",BPCL,BPCL,BHARAT PETROLEUM CORPORATION L investor relations
INE029B01019,COSYN Limited,BSE,COSYN,,COSYN Limited investor relations
INE029H01016,Sujala Trading & Holding Ltd.,BSE,SUJALA,,Sujala Trading & Holding Ltd. investor relations
INE029L01018,KALYANI INVESTMENT COMPANY LTD,"BSE, NSE",KICL,KICL,KALYANI INVESTMENT COMPANY LTD investor relations
INE02A801020,ROSSARI BIOTECH LIMITED,"BSE, NSE",ROSSARI,ROSSARI,ROSSARI BIOTECH LIMITED investor relations
INE02AP01013,Roni Households Limited,BSE,RONI,,Roni Households Limited investor relations
INE02AR01019,Anmol India Limited,"BSE, NSE",ANMOL,ANMOL,Anmol India Limited investor relations
INE02EZ01022,Axita Cotton Limited,"BSE, NSE",AXITA,AXITA,Axita Cotton Limited investor relations
INE02GA01012,Anand Rayons Limited,BSE,ARL,,Anand Rayons Limited investor relations
INE02H701025,Nova Agritech Limited,"BSE, NSE",NOVAAGRI,NOVAAGRI,Nova Agritech Limited investor relations
INE02ID01020,Raymond Lifestyle Limited,"BSE, NSE",RAYMONDLSL,RAYMONDLSL,Raymond Lifestyle Limited investor relations
INE02IJ01035,Azad Engineering Limited,"BSE, NSE",AZAD,AZAD,Azad Engineering Limited investor relations
INE02L001032,Borosil Scientific Limited,"BSE, NSE",BOROSCI,BOROSCI,Borosil Scientific Limited investor relations
INE02NC01014,Fino Payments Bank Limited,"BSE, NSE",FINOPB,FINOPB,Fino Payments Bank Limited investor relations
INE02PY01013,Borosil Limited,"BSE, NSE",BOROLTD,BOROLTD,Borosil Limited investor relations
INE02RE01045,Brainbees Solutions Limited,"BSE, NSE",FIRSTCRY,FIRSTCRY,Brainbees Solutions Limited investor relations
INE02WG01024,WONDER ELECTRICALS LIMITED,"BSE, NSE",WEL,WEL,WONDER ELECTRICALS LIMITED investor relations
INE02XD01011,HINDUSTAN APPLIANCES LTD.,BSE,HINDAPL,,HINDUSTAN APPLIANCES LTD. investor relations
INE02YR01019,Electronics Mart India Limited,"BSE, NSE",EMIL,EMIL,Electronics Mart India Limited investor relations
INE02ZQ01018,Corona Remedies Limited,"BSE, NSE",CORONA,CORONA,Corona Remedies Limited investor relations
INE030A01027,HINDUSTAN UNILEVER LTD.,"BSE, NSE",HINDUNILVR,HINDUNILVR,HINDUSTAN UNILEVER LTD. investor relations
INE030C01015,ANSAL BUILDWELL LTD.,BSE,ANSALBU,,ANSAL BUILDWELL LTD. investor relations
INE030P01017,ALACRITY SECURITIES LTD,BSE,ALSL,,ALACRITY SECURITIES LTD investor relations
INE030Q01015,Emerald Finance Limited,BSE,EMERALD,,Emerald Finance Limited investor relations
INE030T01027,Tejnaksh Healthcare Limited,BSE,TEJNAKSH,,Tejnaksh Healthcare Limited investor relations
INE031A01017,Housing &Urban Development Cor,"BSE, NSE",HUDCO,HUDCO,Housing &Urban Development Cor investor relations
INE031B01049,AJANTA PHARMA LTD.,"BSE, NSE",AJANTPHARM,AJANTPHARM,AJANTA PHARMA LTD. investor relations
INE031G01022,Optimus Finance Limited,BSE,OPTIFIN,,Optimus Finance Limited investor relations
INE032A01023,BOMBAY DYEING & MFG.CO.LTD.,"BSE, NSE",BOMDYEING,BOMDYEING,BOMBAY DYEING & MFG.CO.LTD. investor relations
INE032B01021,PRIME SECURITIES LTD.,"BSE, NSE",PRIMESECU,PRIMESECU,PRIME SECURITIES LTD. investor relations
INE032E01017,ARYAMAN FINANCIAL SERVICES LTD,BSE,ARYAMAN,,ARYAMAN FINANCIAL SERVICES LTD investor relations
INE032Z01020,Bombay Super Hybrid Seeds Limited,NSE,,BSHSL,Bombay Super Hybrid Seeds Limited investor relations
INE033C01019,ELNET TECHNOLOGIES LTD.,BSE,ELNET,,ELNET TECHNOLOGIES LTD. investor relations
INE033E01015,MID EAST PORTFOLIO MANAGEMENT,BSE,MIDEASTP,,MID EAST PORTFOLIO MANAGEMENT investor relations
INE034A01011,ARVIND LTD.,"BSE, NSE",ARVIND,ARVIND,ARVIND LTD. investor relations
INE034B01019,GUJARAT CREDIT CORPORATION LTD,BSE,GUJCRED,,GUJARAT CREDIT CORPORATION LTD investor relations
INE034D01049,PTL ENTERPRISES LTD.,"BSE, NSE",PTL,PTL,PTL ENTERPRISES LTD. investor relations
INE034F01010,TCM LTD.,BSE,TCMLMTD,,TCM LTD. investor relations
INE034S01021,Arvind SmartSpaces Limited,"BSE, NSE",ARVSMART,ARVSMART,Arvind SmartSpaces Limited investor relations
INE035801013,Aeroflex Neu Limited,"BSE, NSE",AERONEU,AERONEU,Aeroflex Neu Limited investor relations
INE035D01020,SAVITA OIL TECHNOLOGIES LTD.,"BSE, NSE",SOTL,SOTL,SAVITA OIL TECHNOLOGIES LTD. investor relations
INE035S01028,POCL ENTERPRISES LTD,BSE,POEL,,POCL ENTERPRISES LTD investor relations
INE036A01016,RELIANCE INFRASTRUCTURE LTD.,"BSE, NSE",RELINFRA,RELINFRA,RELIANCE INFRASTRUCTURE LTD. investor relations
INE036B01030,GUJARAT AMBUJA EXPORTS LTD.,"BSE, NSE",GAEL,GAEL,GUJARAT AMBUJA EXPORTS LTD. investor relations
INE036D01028,KARUR VYSYA BANK LTD.,"BSE, NSE",KARURVYSYA,KARURVYSYA,KARUR VYSYA BANK LTD. investor relations
INE037A01022,UNIPHOS ENTERPRISES LTD.,"BSE, NSE",UNIENTER,UNIENTER,UNIPHOS ENTERPRISES LTD. investor relations
INE037B01020,SHARDUL SECURITIES LTD.,BSE,SHARDUL,,SHARDUL SECURITIES LTD. investor relations
INE037C01010,PHYTO CHEM (INDIA) LTD.,BSE,PHYTO,,PHYTO CHEM (INDIA) LTD. investor relations
INE037Z01029,Concord Enviro Systems Limited,"BSE, NSE",CEWATER,CEWATER,Concord Enviro Systems Limited investor relations
INE038A01020,HINDALCO INDUSTRIES LTD.,"BSE, NSE",HINDALCO,HINDALCO,HINDALCO INDUSTRIES LTD. investor relations
INE038B01010,SVC INDUSTRIES LIMITED,BSE,SVCIND,,SVC INDUSTRIES LIMITED investor relations
INE038F01029,TV TODAY NETWORK LTD.,"BSE, NSE",TVTODAY,TVTODAY,TV TODAY NETWORK LTD. investor relations
INE039A01010,IFCI LTD.,"BSE, NSE",IFCI,IFCI,IFCI LTD. investor relations
INE039B01026,CINEVISTA LTD.,"BSE, NSE",CINEVISTA,CINEVISTA,CINEVISTA LTD. investor relations
INE039C01032,JAMNA AUTO INDUSTRIES LTD.,"BSE, NSE",JAMNAAUTO,JAMNAAUTO,JAMNA AUTO INDUSTRIES LTD. investor relations
INE039D01014,HYPERSOFT TECHNOLOGIES LIMITED,BSE,HYPERSOFT,,HYPERSOFT TECHNOLOGIES LIMITED investor relations
INE039O01029,JASH ENGINEERING LIMITED,"BSE, NSE",JASH,JASH,JASH ENGINEERING LIMITED investor relations
INE03CC01015,Jubilant Agri and Consumer Pro,"BSE, NSE",JUBLCPL,JUBLCPL,Jubilant Agri and Consumer Pro investor relations
INE03DD01011,JHS SVENDGAARD RETAIL VENTURES,"BSE, NSE",RETAIL,RETAIL,JHS SVENDGAARD RETAIL VENTURES investor relations
INE03EI01018,Max Estates Limited,"BSE, NSE",MAXESTATES,MAXESTATES,Max Estates Limited investor relations
INE03HW01020,VL E-Governance & IT Solutions,"BSE, NSE",VLEGOV,VLEGOV,VL E-Governance & IT Solutions investor relations
INE03JI01017,Digicontent Limited,"BSE, NSE",DGCONTENT,DGCONTENT,Digicontent Limited investor relations
INE03JT01014,Go Digit General Insurance Lim,"BSE, NSE",GODIGIT,GODIGIT,Go Digit General Insurance Lim investor relations
INE03NU01014,Brigade Hotel Ventures Limited,"BSE, NSE",BRIGHOTEL,BRIGHOTEL,Brigade Hotel Ventures Limited investor relations
INE03Q201024,ALIVUS LIFE SCIENCES LIMITED,"BSE, NSE",ALIVUS,ALIVUS,ALIVUS LIFE SCIENCES LIMITED investor relations
INE03QK01018,Cohance Lifesciences Limited,"BSE, NSE",COHANCE,COHANCE,Cohance Lifesciences Limited investor relations
INE03RS01027,DRC Systems India Limited,"BSE, NSE",DRCSYSTEMS,DRCSYSTEMS,DRC Systems India Limited investor relations
INE03V001013,UNIVERSUS PHOTO IMAGINGS LIMIT,"BSE, NSE",UNIVPHOTO,UNIVPHOTO,UNIVERSUS PHOTO IMAGINGS LIMIT investor relations
INE03YM01018,Chemcon Speciality Chemicals L,"BSE, NSE",CHEMCON,CHEMCON,Chemcon Speciality Chemicals L investor relations
INE040A01034,HDFC BANK LTD.,"BSE, NSE",HDFCBANK,HDFCBANK,HDFC BANK LTD. investor relations
INE040D01038,MAYUR UNIQUOTERS LTD.,"BSE, NSE",MAYURUNIQ,MAYURUNIQ,MAYUR UNIQUOTERS LTD. investor relations
INE040F01033,NETLINK SOLUTIONS (INDIA) LTD.,BSE,NETLINK,,NETLINK SOLUTIONS (INDIA) LTD. investor relations
INE040H01021,SUZLON ENERGY LTD.,"BSE, NSE",SUZLON,SUZLON,SUZLON ENERGY LTD. investor relations
INE040M01013,TREE HOUSE EDUCATION & ACCESSO,"BSE, NSE",TREEHOUSE,TREEHOUSE,TREE HOUSE EDUCATION & ACCESSO investor relations
INE041025011,Embassy Office Parks REIT,BSE,EMBASSY,,Embassy Office Parks REIT investor relations
INE041A01016,DHAMPUR SUGAR MILLS LTD.,"BSE, NSE",DHAMPURSUG,DHAMPURSUG,DHAMPUR SUGAR MILLS LTD. investor relations
INE041B01014,ASIT C.MEHTA FINANCIAL SERVICE,BSE,ASITCFIN,,ASIT C.MEHTA FINANCIAL SERVICE investor relations
INE042A01014,Escorts Kubota Limited,"BSE, NSE",ESCORTS,ESCORTS,Escorts Kubota Limited investor relations
INE042B01012,GROARC INDUSTRIES INDIA LIMITE,BSE,GROARC,,GROARC INDUSTRIES INDIA LIMITE investor relations
INE043A01012,GTL LTD.,"BSE, NSE",GTL,GTL,GTL LTD. investor relations
INE043B01028,REGANTO ENTERPRISES LIMITED,BSE,REGANTO,,REGANTO ENTERPRISES LIMITED investor relations
INE043C01018,IVP LTD.,"BSE, NSE",IVP,IVP,IVP LTD. investor relations
INE043U01010,CHD Chemicals Limited,BSE,CHDCHEM,,CHD Chemicals Limited investor relations
INE043W01024,Vijaya Diagnostic Centre Limit,"BSE, NSE",VIJAYA,VIJAYA,Vijaya Diagnostic Centre Limit investor relations
INE044A01036,SUN PHARMACEUTICAL INDUSTRIES,"BSE, NSE",SUNPHARMA,SUNPHARMA,SUN PHARMACEUTICAL INDUSTRIES investor relations
INE045601023,Paras Defence and Space Techno,"BSE, NSE",PARAS,PARAS,Paras Defence and Space Techno investor relations
INE045A01017,ADOR WELDING LTD.,"BSE, NSE",ADOR,ADOR,ADOR WELDING LTD. investor relations
INE045B01015,NELCO LTD.,"BSE, NSE",NELCO,NELCO,NELCO LTD. investor relations
INE045J01034,FINEOTEX CHEMICAL LTD.,"BSE, NSE",FCL,FCL,FINEOTEX CHEMICAL LTD. investor relations
INE046A01015,RELIANCE INDUSTRIAL INFRASTRUC,"BSE, NSE",RIIL,RIIL,RELIANCE INDUSTRIAL INFRASTRUC investor relations
INE046E01025,APT PACKAGING LTD.,BSE,APTPACK,,APT PACKAGING LTD. investor relations
INE046W01019,Muthoot Microfin Limited,"BSE, NSE",MUTHOOTMF,MUTHOOTMF,Muthoot Microfin Limited investor relations
INE047A01021,GRASIM INDUSTRIES LTD.,"BSE, NSE",GRASIM,GRASIM,GRASIM INDUSTRIES LTD. investor relations
INE047B01011,GILLANDERS ARBUTHNOT & CO.LTD.,"BSE, NSE",GILLANDERS,GILLANDERS,GILLANDERS ARBUTHNOT & CO.LTD. investor relations
INE047E01031,JMD Ventures Limited,BSE,JMDVL,,JMD Ventures Limited investor relations
INE047O01014,NRB INDUSTRIAL BEARINGS LTD.,"BSE, NSE",NIBL,NIBL,NRB INDUSTRIAL BEARINGS LTD. investor relations
INE048A01011,HINDUSTAN ORGANIC CHEMICALS LT,BSE,HOCL,,HINDUSTAN ORGANIC CHEMICALS LT investor relations
INE048B01035,JAGSONPAL PHARMACEUTICALS LTD.,"BSE, NSE",JAGSNPHARM,JAGSNPHARM,JAGSONPAL PHARMACEUTICALS LTD. investor relations
INE048C01025,VICEROY HOTELS LTD.,"BSE, NSE",VHLTD,VHLTD,VICEROY HOTELS LTD. investor relations
INE048G01026,NAVIN FLUORINE INTERNATIONAL L,"BSE, NSE",NAVINFLUOR,NAVINFLUOR,NAVIN FLUORINE INTERNATIONAL L investor relations
INE049A01027,HIMATSINGKA SEIDE LTD.,"BSE, NSE",HIMATSEIDE,HIMATSEIDE,HIMATSINGKA SEIDE LTD. investor relations
INE049B01025,WOCKHARDT LTD.,"BSE, NSE",WOCKPHARMA,WOCKPHARMA,WOCKHARDT LTD. investor relations
INE049I01012,NAHAR CAPITAL & FINANCIAL SERV,"BSE, NSE",NAHARCAP,NAHARCAP,NAHAR CAPITAL & FINANCIAL SERV investor relations
INE04AK01028,SBC EXPORTS LIMITED,"BSE, NSE",SBC,SBC,SBC EXPORTS LIMITED investor relations
INE04CO01018,Kuberan Global Edu Solutions L,BSE,KGES,,Kuberan Global Edu Solutions L investor relations
INE04I401011,KPIT Technologies Ltd,"BSE, NSE",KPITTECH,KPITTECH,KPIT Technologies Ltd investor relations
INE04LG01015,Par Drugs And Chemicals Limited,NSE,,PAR,Par Drugs And Chemicals Limited investor relations
INE04TZ01018,ETHOS LIMITED,"BSE, NSE",ETHOSLTD,ETHOSLTD,ETHOS LIMITED investor relations
INE04VU01023,Seshaasai Technologies Limited,"BSE, NSE",STYL,STYL,Seshaasai Technologies Limited investor relations
INE04Z101016,Asian Warehousing Limited,BSE,ASIAN,,Asian Warehousing Limited investor relations
INE050001010,Prakash Pipes Limited,"BSE, NSE",PPL,PPL,Prakash Pipes Limited investor relations
INE050401020,Elin Electronics Limited,"BSE, NSE",ELIN,ELIN,Elin Electronics Limited investor relations
INE050A01025,The Bombay Burmah Trading Corp,"BSE, NSE",BBTC,BBTC,The Bombay Burmah Trading Corp investor relations
INE050B01023,IL&FS INVESTMENT MANAGERS LTD.,"BSE, NSE",IVC,IVC,IL&FS INVESTMENT MANAGERS LTD. investor relations
INE050E01027,BALAJI AMINES LTD.,"BSE, NSE",BALAMINES,BALAMINES,BALAJI AMINES LTD. investor relations
INE050H01012,RANE (MADRAS) LTD.,"BSE, NSE",RML,RML,RANE (MADRAS) LTD. investor relations
INE050L01048,LESHA INDUSTRIES LTD.,BSE,LESHAIND,,LESHA INDUSTRIES LTD. investor relations
INE050M01012,VARDHMAN SPECIAL STEELS LTD.,"BSE, NSE",VSSL,VSSL,VARDHMAN SPECIAL STEELS LTD. investor relations
INE050N01010,KINGS INFRA VENTURES LIMITED,BSE,KINGSINFR,,KINGS INFRA VENTURES LIMITED investor relations
INE051B01021,VAKRANGEE LIMITED,"BSE, NSE",VAKRANGEE,VAKRANGEE,VAKRANGEE LIMITED investor relations
INE051G01012,DENIS CHEM LAB LTD,BSE,DENISCHEM,,DENIS CHEM LAB LTD investor relations
INE051N01026,Shree Ganesh Biotech (India) L,BSE,SHREEGANES,,Shree Ganesh Biotech (India) L investor relations
INE052001026,Shahlon Silk Industries Limite,BSE,SHAHLON,,Shahlon Silk Industries Limite investor relations
INE052A01021,WINDSOR MACHINES LTD.,"BSE, NSE",WINDMACHIN,WINDMACHIN,WINDSOR MACHINES LTD. investor relations
INE052B01011,BEEYU OVERSEAS LTD.,BSE,BEEYU,,BEEYU OVERSEAS LTD. investor relations
INE052E01015,GAYATRI BIOORGANICS LTD.,BSE,GAYATRIBI,,GAYATRI BIOORGANICS LTD. investor relations
INE052I01032,Camlin Fine Sciences Ltd,"BSE, NSE",CAMLINFINE,CAMLINFINE,Camlin Fine Sciences Ltd investor relations
INE052T01021,BEST AGROLIFE LIMITED,"BSE, NSE",BESTAGRO,BESTAGRO,BEST AGROLIFE LIMITED investor relations
INE052V01019,CIAN Agro Ind & Infra Ltd,BSE,CIANAGRO,,CIAN Agro Ind & Infra Ltd investor relations
INE053A01029,INDIAN HOTELS CO.LTD.,"BSE, NSE",INDHOTEL,INDHOTEL,INDIAN HOTELS CO.LTD. investor relations
INE053D01015,AMIT INTERNATIONAL LTD.,BSE,AMITINT,,AMIT INTERNATIONAL LTD. investor relations
INE053F01010,Indian Railway Finance Corpora,"BSE, NSE",IRFC,IRFC,Indian Railway Finance Corpora investor relations
INE054301028,Odigma Consultancy Solutions L,"BSE, NSE",ODIGMA,ODIGMA,Odigma Consultancy Solutions L investor relations
INE054A01027,V.I.P.INDUSTRIES LTD.,"BSE, NSE",VIPIND,VIPIND,V.I.P.INDUSTRIES LTD. investor relations
INE054C01015,WATERBASE LTD.,BSE,WATERBASE,,WATERBASE LTD. investor relations
INE055A01016,ADITYA BIRLA REAL ESTATE LIMIT,"BSE, NSE",ABREL,ABREL,ADITYA BIRLA REAL ESTATE LIMIT investor relations
INE055C01020,DSJ KEEP LEARNING LIMITED,"BSE, NSE",KEEPLEARN,KEEPLEARN,DSJ KEEP LEARNING LIMITED investor relations
INE055E01034,REAL ECO-ENERGY LIMITED,BSE,REALECO,,REAL ECO-ENERGY LIMITED investor relations
INE055Q01012,SKYLINE VENTURES INDIA LIMITED,BSE,SKILVEN,,SKYLINE VENTURES INDIA LIMITED investor relations
INE055S01018,Cyient DLM Limited,"BSE, NSE",CYIENTDLM,CYIENTDLM,Cyient DLM Limited investor relations
INE056001014,CITY PULSE MULTIVENTURES LIMIT,BSE,CPML,,CITY PULSE MULTIVENTURES LIMIT investor relations
INE056801025,IVALUE INFOSOLUTIONS LIMITED,"BSE, NSE",IVALUE,IVALUE,IVALUE INFOSOLUTIONS LIMITED investor relations
INE056E01024,IEL LIMITED,BSE,INDXTRA,,IEL LIMITED investor relations
INE056I01025,REFEX INDUSTRIES LTD.,"BSE, NSE",REFEX,REFEX,REFEX INDUSTRIES LTD. investor relations
INE057Q01018,YORK EXPORTS LTD.,BSE,YORKEXP,,YORK EXPORTS LTD. investor relations
INE058A01010,SANOFI INDIA LTD,"BSE, NSE",SANOFI,SANOFI,SANOFI INDIA LTD investor relations
INE058B01018,Zenith Exports Limited,NSE,,ZENITHEXPO,Zenith Exports Limited investor relations
INE058D01030,JAIPAN INDUSTRIES LTD.,BSE,JAIPAN,,JAIPAN INDUSTRIES LTD. investor relations
INE058F01019,ALUFLUORIDE LTD.,BSE,ALUFLUOR,,ALUFLUORIDE LTD. investor relations
INE058I01013,LACTOSE (INDIA) LTD.,BSE,LACTOSE,,LACTOSE (INDIA) LTD. investor relations
INE059A01026,CIPLA LTD.,"BSE, NSE",CIPLA,CIPLA,CIPLA LTD. investor relations
INE059B01024,SIMPLEX INFRASTRUCTURES LTD.,"BSE, NSE",SIMPLEXINF,SIMPLEXINF,SIMPLEX INFRASTRUCTURES LTD. investor relations
INE059D01020,LA OPALA RG LTD.,"BSE, NSE",LAOPALA,LAOPALA,LA OPALA RG LTD. investor relations
INE059Q01014,Kalpa Commercial Limited,BSE,KALPACOMME,,Kalpa Commercial Limited investor relations
INE05AN01011,Hindware Home Innovation Limit,"BSE, NSE",HINDWAREAP,HINDWAREAP,Hindware Home Innovation Limit investor relations
INE05CY01014,Tierra Agrotech Limited,BSE,TIERRA,,Tierra Agrotech Limited investor relations
INE05CZ01011,Ratnaveer Precision Engineerin,"BSE, NSE",RATNAVEER,RATNAVEER,Ratnaveer Precision Engineerin investor relations
INE05FR01029,Ashapuri Gold Ornament Limited,BSE,AGOL,,Ashapuri Gold Ornament Limited investor relations
INE05J901018,Indogulf Cropsciences Limited,"BSE, NSE",IGCL,IGCL,Indogulf Cropsciences Limited investor relations
INE05KD23015,Energy Infrastructure Trust,BSE,ENERGYINF,,Energy Infrastructure Trust investor relations
INE05QJ01015,G. K. P. Printing & Packaging,BSE,GKP,,G. K. P. Printing & Packaging investor relations
INE05ST01028,SURATWWALA BUSINESS GROUP LIMI,"BSE, NSE",SBGLP,SBGLP,SURATWWALA BUSINESS GROUP LIMI investor relations
INE05X901010,Hindprakash Industries Limited,NSE,,HPIL,Hindprakash Industries Limited investor relations
INE05XR01022,BHARAT COKING COAL LIMITED,"BSE, NSE",BHARATCOAL,BHARATCOAL,BHARAT COKING COAL LIMITED investor relations
INE060601031,Murae Organisor Limited,BSE,MURAE,,Murae Organisor Limited investor relations
INE060901027,Likhitha Infrastructure Limite,"BSE, NSE",LIKHITHA,LIKHITHA,Likhitha Infrastructure Limite investor relations
INE060A01024,NAVNEET EDUCATION LIMITED,"BSE, NSE",NAVNETEDUL,NAVNETEDUL,NAVNEET EDUCATION LIMITED investor relations
INE060B01014,Khandwala Securities Limited,NSE,,KHANDSE,Khandwala Securities Limited investor relations
INE060D01028,NARMADA MACPLAST DRIP IRRIGATI,BSE,NARMP,,NARMADA MACPLAST DRIP IRRIGATI investor relations
INE060E01018,KEMP & COMPANY LTD.,BSE,KEMP,,KEMP & COMPANY LTD. investor relations
INE060J01017,FLEXITUFF VENTURES INTERNATION,"BSE, NSE",FLEXITUFF,FLEXITUFF,FLEXITUFF VENTURES INTERNATION investor relations
INE060T01024,Vishal Bearings Limited,BSE,VISHALBL,,Vishal Bearings Limited investor relations
INE060X01034,DEV INFORMATION TECHNOLOGY LIM,"BSE, NSE",DEVIT,DEVIT,DEV INFORMATION TECHNOLOGY LIM investor relations
INE061A01014,INDIAN CARD CLOTHING CO.LTD.,"BSE, NSE",INDIANCARD,INDIANCARD,INDIAN CARD CLOTHING CO.LTD. investor relations
INE061B01038,ALKA INDIA LTD.,BSE,ALKA,,ALKA INDIA LTD. investor relations
INE061F01013,FORTIS HEALTHCARE LTD.,"BSE, NSE",FORTIS,FORTIS,FORTIS HEALTHCARE LTD. investor relations
INE062A01020,STATE BANK OF INDIA,"BSE, NSE",SBIN,SBIN,STATE BANK OF INDIA investor relations
INE062C01042,GLOBAL CAPITAL MARKETS LTD.,BSE,GLOBALCA,,GLOBAL CAPITAL MARKETS LTD. investor relations
INE062D01024,ALICON CASTALLOY LIMITED,"BSE, NSE",ALICON,ALICON,ALICON CASTALLOY LIMITED investor relations
INE062Y01020,Mehai Technology  Limited,BSE,MEHAI,,Mehai Technology  Limited investor relations
INE063601012,Gian Life Care Limited,BSE,GIANLIFE,,Gian Life Care Limited investor relations
INE063E01053,PONDY OXIDES & CHEMICALS LTD.,"BSE, NSE",POCL,POCL,PONDY OXIDES & CHEMICALS LTD. investor relations
INE063P01018,Equitas Small Finance Bank Lim,"BSE, NSE",EQUITASBNK,EQUITASBNK,Equitas Small Finance Bank Lim investor relations
INE063Z01017,Gautam Gems Limited,BSE,GGL,,Gautam Gems Limited investor relations
INE064A01026,TIMEX GROUP INDIA LTD.,BSE,TIMEX,,TIMEX GROUP INDIA LTD. investor relations
INE064C01022,TRIDENT LTD.,"BSE, NSE",TRIDENT,TRIDENT,TRIDENT LTD. investor relations
INE064H01021,GEE LTD.,BSE,GEE,,GEE LTD. investor relations
INE064L01015,GLOBUS CONSTRUCTORS & DEVELOPE,BSE,GLOBUSCON,,GLOBUS CONSTRUCTORS & DEVELOPE investor relations
INE064R01012,MODULEX CONSTRUCTION TECHNOLOG,BSE,MODULEX,,MODULEX CONSTRUCTION TECHNOLOG investor relations
INE064T01018,INTERACTIVE FINANCIAL SERVICES,BSE,IFINSER,,INTERACTIVE FINANCIAL SERVICES investor relations
INE065D01027,AEROFLEX ENTERPRISES LIMITED,"BSE, NSE",AEROENTER,AEROENTER,AEROFLEX ENTERPRISES LIMITED investor relations
INE065E01017,SHREE HARI CHEMICALS EXPORT LT,BSE,SHHARICH,,SHREE HARI CHEMICALS EXPORT LT investor relations
INE065J01024,Teamo Productions HQ Limited,"BSE, NSE",TPHQ,TPHQ,Teamo Productions HQ Limited investor relations
INE065X01017,Indegene Limited,"BSE, NSE",INDGN,INDGN,Indegene Limited investor relations
INE066A01021,EICHER MOTORS LTD.,"BSE, NSE",EICHERMOT,EICHERMOT,EICHER MOTORS LTD. investor relations
INE066F01020,Hindustan Aeronautics Limited,"BSE, NSE",HAL,HAL,Hindustan Aeronautics Limited investor relations
INE066O01014,WONDERLA HOLIDAYS LTD,"BSE, NSE",WONDERLA,WONDERLA,WONDERLA HOLIDAYS LTD investor relations
INE066P01011,Inox Wind Limited,"BSE, NSE",INOXWIND,INOXWIND,Inox Wind Limited investor relations
INE067A01029,CG Power and Industrial Soluti,"BSE, NSE",CGPOWER,CGPOWER,CG Power and Industrial Soluti investor relations
INE067C01025,ANKA INDIA LTD.,BSE,ANKIN,,ANKA INDIA LTD. investor relations
INE067E01013,STERLING POWERGENSYS LTD,BSE,STERPOW,,STERLING POWERGENSYS LTD investor relations
INE068B01017,SAINT-GOBAIN SEKURIT INDIA LTD,BSE,SEKURITIND,,SAINT-GOBAIN SEKURIT INDIA LTD investor relations
INE068C01015,ARAVALI SECURITIES & FINANCE L,BSE,ARAVALIS,,ARAVALI SECURITIES & FINANCE L investor relations
INE068L01024,CANTABIL RETAIL INDIA LTD.,"BSE, NSE",CANTABIL,CANTABIL,CANTABIL RETAIL INDIA LTD. investor relations
INE068V01023,Gland Pharma Limited,"BSE, NSE",GLAND,GLAND,Gland Pharma Limited investor relations
INE069B01023,ANUPAM FINSERV LIMITED,BSE,ANUPAM,,ANUPAM FINSERV LIMITED investor relations
INE069E01019,SURAJ PRODUCTS LTD.,BSE,SURAJ,,SURAJ PRODUCTS LTD. investor relations
INE069I01010,EMBASSY DEVELOPMENTS LIMITED,"BSE, NSE",EMBDL,EMBDL,EMBASSY DEVELOPMENTS LIMITED investor relations
INE06HJ01020,ECOS (India) Mobility & Hospit,"BSE, NSE",ECOSMOBLTY,ECOSMOBLTY,ECOS (India) Mobility & Hospit investor relations
INE06IR01021,Osia Hyper Retail Limited,NSE,,OSIAHYPER,Osia Hyper Retail Limited investor relations
INE06MM01016,Natural Biocon (India) Limited,BSE,NATURAL,,Natural Biocon (India) Limited investor relations
INE06ST01018,INDIQUBE SPACES LIMITED,"BSE, NSE",INDIQUBE,INDIQUBE,INDIQUBE SPACES LIMITED investor relations
INE06WU01026,LAXMI INDIA FINANCE LIMITED,"BSE, NSE",LAXMIINDIA,LAXMIINDIA,LAXMI INDIA FINANCE LIMITED investor relations
INE06XZ01023,Gem Aromatics Limited,"BSE, NSE",GEMAROMA,GEMAROMA,Gem Aromatics Limited investor relations
INE06ZD01017,SHANTI GOLD INTERNATIONAL LIMI,"BSE, NSE",SHANTIGOLD,SHANTIGOLD,SHANTI GOLD INTERNATIONAL LIMI investor relations
INE070A01015,SHREE CEMENT LTD.,"BSE, NSE",SHREECEM,SHREECEM,SHREE CEMENT LTD. investor relations
INE070C01037,COMPUAGE INFOCOM LTD.,"BSE, NSE",COMPINFO,COMPINFO,COMPUAGE INFOCOM LTD. investor relations
INE070D01027,JAI CORP LTD.,"BSE, NSE",JAICORPLTD,JAICORPLTD,JAI CORP LTD. investor relations
INE070I01018,INSECTICIDES (INDIA) LTD.,"BSE, NSE",INSECTICID,INSECTICID,INSECTICIDES (INDIA) LTD. investor relations
INE070K01014,APIS INDIA LTD.,BSE,APIS,,APIS INDIA LTD. investor relations
INE071A01013,BIL VYAPAR LIMITED,"BSE, NSE",BILVYAPAR,BILVYAPAR,BIL VYAPAR LIMITED investor relations
INE071D01033,MENON BEARINGS LTD.,"BSE, NSE",MENONBE,MENONBE,MENON BEARINGS LTD. investor relations
INE071E01023,UGAR SUGAR WORKS LTD.,"BSE, NSE",UGARSUGAR,UGARSUGAR,UGAR SUGAR WORKS LTD. investor relations
INE071F01012,ANJANI PORTLAND CEMENT LTD.,"BSE, NSE",APCL,APCL,ANJANI PORTLAND CEMENT LTD. investor relations
INE071N01016,Epigral Limited,"BSE, NSE",EPIGRAL,EPIGRAL,Epigral Limited investor relations
INE071Y01013,Trident Texofab Limited,BSE,TTFL,,Trident Texofab Limited investor relations
INE072A01029,India Homes Limited,BSE,INDIAHOMES,,India Homes Limited investor relations
INE072B01027,Artificial Electronics Intelli,BSE,AEIM,,Artificial Electronics Intelli investor relations
INE072V01017,Ambar Protein Industries Limit,BSE,AMBARPIL,,Ambar Protein Industries Limit investor relations
INE073D01013,SUNDARAM BRAKE LININGS LTD.,"BSE, NSE",SUNDRMBRAK,SUNDRMBRAK,SUNDARAM BRAKE LININGS LTD. investor relations
INE073G01016,ASSOCIATED ALCOHOLS & BREWERIE,"BSE, NSE",ASALCBR,ASALCBR,ASSOCIATED ALCOHOLS & BREWERIE investor relations
INE073K01018,Sona BLW Precision Forgings Li,"BSE, NSE",SONACOMS,SONACOMS,Sona BLW Precision Forgings Li investor relations
INE073V01015,Commercial Syn Bags Limited,"BSE, NSE",COMSYN,COMSYN,Commercial Syn Bags Limited investor relations
INE074A01025,PRAJ INDUSTRIES LTD.,"BSE, NSE",PRAJIND,PRAJIND,PRAJ INDUSTRIES LTD. investor relations
INE074B01023,PARAMOUNT COMMUNICATIONS LTD.,"BSE, NSE",PARACABLES,PARACABLES,PARAMOUNT COMMUNICATIONS LTD. investor relations
INE074C01013,HINDUSTAN ADHESIVES LTD.,BSE,HINDADH,,HINDUSTAN ADHESIVES LTD. investor relations
INE074H01012,SARTHAK INDUSTRIES LTD.,BSE,SARTHAKIND,,SARTHAK INDUSTRIES LTD. investor relations
INE075A01022,WIPRO LTD.,"BSE, NSE",WIPRO,WIPRO,WIPRO LTD. investor relations
INE075B01020,SICAL LOGISTICS LTD.,"BSE, NSE",SICALLOG,SICALLOG,SICAL LOGISTICS LTD. investor relations
INE075D01018,G.M.BREWERIES LTD.,"BSE, NSE",GMBREW,GMBREW,G.M.BREWERIES LTD. investor relations
INE075H01019,SARTHAK GLOBAL LTD.,BSE,SARTHAKGL,,SARTHAK GLOBAL LTD. investor relations
INE075I01017,HealthCare Global Enterprises,"BSE, NSE",HCG,HCG,HealthCare Global Enterprises investor relations
INE075K01013,ANNVRRIDHHI VENTURES LIMITED,BSE,ANVRDHI,,ANNVRRIDHHI VENTURES LIMITED investor relations
INE076B01028,SIYARAM SILK MILLS LTD.,"BSE, NSE",SIYSIL,SIYSIL,SIYARAM SILK MILLS LTD. investor relations
INE076C01018,IFB AGRO INDUSTRIES LTD.,"BSE, NSE",IFBAGRO,IFBAGRO,IFB AGRO INDUSTRIES LTD. investor relations
INE076D01016,GAGAN GASES LTD.,BSE,GAGAN,,GAGAN GASES LTD. investor relations
INE077B01018,ZODIAC-JRD-MKJ LTD.,BSE,ZODJRDMKJ,,ZODIAC-JRD-MKJ LTD. investor relations
INE077F01035,GOCL Corporation Limited,"BSE, NSE",GOCLCORP,GOCLCORP,GOCL Corporation Limited investor relations
INE077P01034,THACKER & CO.LTD.,BSE,THACKER,,THACKER & CO.LTD. investor relations
INE078D01012,PG FOILS LTD.,BSE,PGFOILQ,,PG FOILS LTD. investor relations
INE078I01011,ARCHIT ORGANOSYS LTD.,BSE,ARCHITORG,,ARCHIT ORGANOSYS LTD. investor relations
INE078T01026,K&R RAIL ENGINEERING LIMITED,BSE,KRRAIL,,K&R RAIL ENGINEERING LIMITED investor relations
INE078V01014,Vikram Solar Limited,"BSE, NSE",VIKRAMSOLR,VIKRAMSOLR,Vikram Solar Limited investor relations
INE079A01024,AMBUJA CEMENTS LTD.,"BSE, NSE",AMBUJACEM,AMBUJACEM,AMBUJA CEMENTS LTD. investor relations
INE079C01012,Kotia Enterprises Limited,BSE,KEL,,Kotia Enterprises Limited investor relations
INE079J01017,Gateway Distriparks Limited,"BSE, NSE",GATEWAY,GATEWAY,Gateway Distriparks Limited investor relations
INE079L01013,IYKOT HITECH TOOLROOM LTD.,BSE,IYKOTHITE,,IYKOT HITECH TOOLROOM LTD. investor relations
INE07G501017,Sayaji Hotels (Pune) Limited,BSE,SHPLPUNE,,Sayaji Hotels (Pune) Limited investor relations
INE07GA01011,Suyog Gurbaxani Funicular Rope,BSE,SGFRL,,Suyog Gurbaxani Funicular Rope investor relations
INE07K301024,ZAGGLE PREPAID OCEAN SERVICES,"BSE, NSE",ZAGGLE,ZAGGLE,ZAGGLE PREPAID OCEAN SERVICES investor relations
INE07O001026,Easy Trip Planners Limited,"BSE, NSE",EASEMYTRIP,EASEMYTRIP,Easy Trip Planners Limited investor relations
INE07OG01012,NDR Auto Components Limited,"BSE, NSE",NDRAUTO,NDRAUTO,NDR Auto Components Limited investor relations
INE07P301011,SYSTEMATIX SECURITIES LTD.,BSE,SYTIXSE,,SYSTEMATIX SECURITIES LTD. investor relations
INE07RO01027,Supriya Lifescience Limited,"BSE, NSE",SUPRIYA,SUPRIYA,Supriya Lifescience Limited investor relations
INE07S101038,Pavna Industries Limited,"BSE, NSE",PAVNAIND,PAVNAIND,Pavna Industries Limited investor relations
INE07T201019,Restaurant Brands Asia Limited,"BSE, NSE",RBA,RBA,Restaurant Brands Asia Limited investor relations
INE07U701015,IRM ENERGY LIMITED,"BSE, NSE",IRMENERGY,IRMENERGY,IRM ENERGY LIMITED investor relations
INE07Y701011,HITACHI ENERGY INDIA LIMITED,"BSE, NSE",POWERINDIA,POWERINDIA,HITACHI ENERGY INDIA LIMITED investor relations
INE080A01014,WEIZMANN LTD.,"BSE, NSE",WEIZMANIND,WEIZMANIND,WEIZMANN LTD. investor relations
INE080B01012,KOHINOOR FOODS LTD.,"BSE, NSE",KOHINOOR,KOHINOOR,KOHINOOR FOODS LTD. investor relations
INE080D01042,SYBLY INDUSTRIES LTD.,BSE,SYBLY,,SYBLY INDUSTRIES LTD. investor relations
INE080G01029,CONTIL INDIA LTD.,BSE,CONTILI,,CONTIL INDIA LTD. investor relations
INE080I01025,LLOYDS ENTERPRISES LIMITED,"BSE, NSE",LLOYDSENT,LLOYDSENT,LLOYDS ENTERPRISES LIMITED investor relations
INE081A01020,TATA STEEL LTD.,"BSE, NSE",TATASTEEL,TATASTEEL,TATA STEEL LTD. investor relations
INE081G01019,Kanchi Karpooram Ltd.,BSE,KANCHI,,Kanchi Karpooram Ltd. investor relations
INE082A01010,KOPRAN LTD.,"BSE, NSE",KOPRAN,KOPRAN,KOPRAN LTD. investor relations
INE082B01018,MACHINO PLASTICS LTD.,BSE,MACPLASQ,,MACHINO PLASTICS LTD. investor relations
INE082C01024,PATELS AIRTEMP (INDIA) LTD.,BSE,PATELSAI,,PATELS AIRTEMP (INDIA) LTD. investor relations
INE082W01014,We Win Limited,"BSE, NSE",WEWIN,WEWIN,We Win Limited investor relations
INE083A01026,MOREPEN LABORATORIES LTD.,"BSE, NSE",MOREPENLAB,MOREPENLAB,MOREPEN LABORATORIES LTD. investor relations
INE083B01024,THEMIS MEDICARE LTD.,"BSE, NSE",THEMISMED,THEMISMED,THEMIS MEDICARE LTD. investor relations
INE083C01022,PLASTIBLENDS INDIA LTD.,"BSE, NSE",PLASTIBLEN,PLASTIBLEN,PLASTIBLENDS INDIA LTD. investor relations
INE083D01012,BAL PHARMA LTD.,"BSE, NSE",BALPHARMA,BALPHARMA,BAL PHARMA LTD. investor relations
INE083E01010,DYNAVISION LTD.,BSE,DYNAVSN,,DYNAVISION LTD. investor relations
INE083G01031,TATIA GLOBAL VENNTURE LTD.,BSE,TATIAGLOB,,TATIA GLOBAL VENNTURE LTD. investor relations
INE083K01017,BENGAL & ASSAM COMPANY LTD.,BSE,BENGALASM,,BENGAL & ASSAM COMPANY LTD. investor relations
INE084A01016,BANK OF INDIA,"BSE, NSE",BANKINDIA,BANKINDIA,BANK OF INDIA investor relations
INE084D01010,CG-VAK SOFTWARE & EXPORTS LTD.,BSE,CGVAK,,CG-VAK SOFTWARE & EXPORTS LTD. investor relations
INE084K01015,Amanta Healthcare Limited,"BSE, NSE",AMANTA,AMANTA,Amanta Healthcare Limited investor relations
INE084Q01012,RACE ECO CHAIN LIMITED,"BSE, NSE",RACE,RACE,RACE ECO CHAIN LIMITED investor relations
INE085001019,WeWork India Management Limite,"BSE, NSE",WEWORK,WEWORK,WeWork India Management Limite investor relations
INE085A01013,CHAMBAL FERTILISERS & CHEMICAL,"BSE, NSE",CHAMBLFERT,CHAMBLFERT,CHAMBAL FERTILISERS & CHEMICAL investor relations
INE085D01033,METROGLOBAL LIMITED,BSE,METROGLOBL,,METROGLOBAL LIMITED investor relations
INE085J01014,THANGAMAYIL JEWELLERY LTD,"BSE, NSE",THANGAMAYL,THANGAMAYL,THANGAMAYIL JEWELLERY LTD investor relations
INE086A01029,ELECTROSTEEL CASTINGS LTD.,"BSE, NSE",ELECTCAST,ELECTCAST,ELECTROSTEEL CASTINGS LTD. investor relations
INE087A01019,KESORAM INDUSTRIES LTD.,"BSE, NSE",KESORAMIND,KESORAMIND,KESORAM INDUSTRIES LTD. investor relations
INE087B01017,ANIK INDUSTRIES LTD.,"BSE, NSE",ANIKINDS,ANIKINDS,ANIK INDUSTRIES LTD. investor relations
INE087E01011,FINE-LINE CIRCUITS LTD.,BSE,FINELINE,,FINE-LINE CIRCUITS LTD. investor relations
INE087H01022,SHREE RENUKA SUGARS LTD.,"BSE, NSE",RENUKA,RENUKA,SHREE RENUKA SUGARS LTD. investor relations
INE087Z01024,Aakash Exploration Services Limited,NSE,,AAKASH,Aakash Exploration Services Limited investor relations
INE088D01011,TRESCON LIMITED,BSE,TRESCON,,TRESCON LIMITED investor relations
INE088E01019,GOLDEN LEGAND LEASING & FINANC,BSE,GOLDLEG,,GOLDEN LEGAND LEASING & FINANC investor relations
INE088F01024,Paradeep Phosphates Limited,"BSE, NSE",PARADEEP,PARADEEP,Paradeep Phosphates Limited investor relations
INE088G01014,SOUTH INDIA PAPER MILLS LTD.,BSE,STHINPA,,SOUTH INDIA PAPER MILLS LTD. investor relations
INE088P01015,ICONIK SPORTS AND EVENTS LIMIT,BSE,ICONIKSPEV,,ICONIK SPORTS AND EVENTS LIMIT investor relations
INE089A01031,DR.REDDYS LABORATORIES LTD.,"BSE, NSE",DRREDDY,DRREDDY,DR.REDDYS LABORATORIES LTD. investor relations
INE089C01029,STERLITE TECHNOLOGIES LTD.,"BSE, NSE",STLTECH,STLTECH,STERLITE TECHNOLOGIES LTD. investor relations
INE089T01023,BOMBAY WIRE ROPES LTD.,BSE,BOMBWIR,,BOMBAY WIRE ROPES LTD. investor relations
INE08E401029,Alphalogic Techsys Limited,BSE,ALPHALOGIC,,Alphalogic Techsys Limited investor relations
INE08KJ01020,MUFIN GREEN FINANCE LIMITED,"BSE, NSE",MUFIN,MUFIN,MUFIN GREEN FINANCE LIMITED investor relations
INE08KP01019,DCM Nouvelle Limited,NSE,,DCMNVL,DCM Nouvelle Limited investor relations
INE08LI01020,Krsnaa Diagnostics Limited,"BSE, NSE",KRSNAA,KRSNAA,Krsnaa Diagnostics Limited investor relations
INE08N601015,M & B ENGINEERING LIMITED,"BSE, NSE",MBEL,MBEL,M & B ENGINEERING LIMITED investor relations
INE08NE01025,SANSTAR LIMITED,"BSE, NSE",SANSTAR,SANSTAR,SANSTAR LIMITED investor relations
INE08PH01015,A B Cotspin India Limited,"BSE, NSE",ABCOTS,ABCOTS,A B Cotspin India Limited investor relations
INE08U801020,Samhi Hotels Limited,"BSE, NSE",SAMHI,SAMHI,Samhi Hotels Limited investor relations
INE08ZM01014,Greenpanel Industries Limited,"BSE, NSE",GREENPANEL,GREENPANEL,Greenpanel Industries Limited investor relations
INE090501011,Scoda Tubes Limited,"BSE, NSE",SCODATUBES,SCODATUBES,Scoda Tubes Limited investor relations
INE090A01021,ICICI BANK LTD.,"BSE, NSE",ICICIBANK,ICICIBANK,ICICI BANK LTD. investor relations
INE090B01011,OMAX AUTOS LTD.,"BSE, NSE",OMAXAUTO,OMAXAUTO,OMAX AUTOS LTD. investor relations
INE090D01017,TITAN SECURITIES LTD.,BSE,TITANSEC,,TITAN SECURITIES LTD. investor relations
INE091C01017,SUPER SALES INDIA LTD.,BSE,SUPER,,SUPER SALES INDIA LTD. investor relations
INE091G01026,JAI BALAJI INDUSTRIES LTD.,"BSE, NSE",JAIBALAJI,JAIBALAJI,JAI BALAJI INDUSTRIES LTD. investor relations
INE092301014,HINDUSTAN AGRIGENETICS LTD.,BSE,HINDUST,,HINDUSTAN AGRIGENETICS LTD. investor relations
INE092A01019,TATA CHEMICALS LTD.,"BSE, NSE",TATACHEM,TATACHEM,TATA CHEMICALS LTD. investor relations
INE092B01025,INDIA NIPPON ELECTRICALS LTD.,"BSE, NSE",INDNIPPON,INDNIPPON,INDIA NIPPON ELECTRICALS LTD. investor relations
INE092D01013,FRONTLINE CORPORATION LTD.,BSE,FRONTCORP,,FRONTLINE CORPORATION LTD. investor relations
INE092G01024,SAIANAND COMMERCIAL LIMITED,BSE,SAICOM,,SAIANAND COMMERCIAL LIMITED investor relations
INE092H01014,SHIVAGRICO IMPLEMENTS LTD.,BSE,SHIVAGR,,SHIVAGRICO IMPLEMENTS LTD. investor relations
INE092O01028,REKVINA LABORATORIES LTD.,BSE,VINRKLB,,REKVINA LABORATORIES LTD. investor relations
INE092T01019,IDFC FIRST BANK LIMITED,"BSE, NSE",IDFCFIRSTB,IDFCFIRSTB,IDFC FIRST BANK LIMITED investor relations
INE093A01041,Hexaware Technologies Limited,"BSE, NSE",HEXT,HEXT,Hexaware Technologies Limited investor relations
INE093I01010,OBEROI REALTY LTD.,"BSE, NSE",OBEROIRLTY,OBEROIRLTY,OBEROI REALTY LTD. investor relations
INE093R01011,LLOYDS ENGINEERING WORKS LIMIT,"BSE, NSE",LLOYDSENGG,LLOYDSENGG,LLOYDS ENGINEERING WORKS LIMIT investor relations
INE094A01015,HINDUSTAN PETROLEUM CORPORATIO,"BSE, NSE",HINDPETRO,HINDPETRO,HINDUSTAN PETROLEUM CORPORATIO investor relations
INE094B01013,Ashika Credit Capital Ltd.,BSE,ASHIKA,,Ashika Credit Capital Ltd. investor relations
INE094C01011,TRIVENI GLASS LTD.,BSE,TRIVENIGQ,,TRIVENI GLASS LTD. investor relations
INE094I01018,KOLTE-PATIL DEVELOPERS LTD.,"BSE, NSE",KOLTEPATIL,KOLTEPATIL,KOLTE-PATIL DEVELOPERS LTD. investor relations
INE094J01016,UTI Asset Management Company L,"BSE, NSE",UTIAMC,UTIAMC,UTI Asset Management Company L investor relations
INE094S01041,Mishtann Foods Limited,BSE,MISHTANN,,Mishtann Foods Limited investor relations
INE095A01012,INDUSIND BANK LTD.,"BSE, NSE",INDUSINDBK,INDUSINDBK,INDUSIND BANK LTD. investor relations
INE095B01010,ELEGANT MARBLES & GRANI INDUST,BSE,ELEMARB,,ELEGANT MARBLES & GRANI INDUST investor relations
INE095C01018,YASHRAJ CONTAINEURS LTD.,BSE,YASHRAJC,,YASHRAJ CONTAINEURS LTD. investor relations
INE095I01015,PPAP,"BSE, NSE",PPAP,PPAP,PPAP investor relations
INE095N01031,NBCC (India) Limited,"BSE, NSE",NBCC,NBCC,NBCC (India) Limited investor relations
INE096A01010,UTIQUE ENTERPRISES LIMITED,BSE,UTIQUE,,UTIQUE ENTERPRISES LIMITED investor relations
INE096B01018,NUCLEUS SOFTWARE EXPORTS LTD.,"BSE, NSE",NUCLEUS,NUCLEUS,NUCLEUS SOFTWARE EXPORTS LTD. investor relations
INE096I01021,Anjani Foods Limited,BSE,ANJANIFOODS,,Anjani Foods Limited investor relations
INE096L01025,KESAR TERMINALS & INFRASTRUCTU,BSE,KTIL,,KESAR TERMINALS & INFRASTRUCTU investor relations
INE097E01028,MINAL INDUSTRIES LIMITED,BSE,MINALIND,,MINAL INDUSTRIES LIMITED investor relations
INE098201036,Vaxtex Cotfab Limited,NSE,,VCL,Vaxtex Cotfab Limited investor relations
INE098E01026,HARSHIL AGROTECH LIMITED,BSE,HARSHILAGR,,HARSHIL AGROTECH LIMITED investor relations
INE098F01031,AMRUTANJAN HEALTH CARE LTD.,"BSE, NSE",AMRUTANJAN,AMRUTANJAN,AMRUTANJAN HEALTH CARE LTD. investor relations
INE099D01026,UNISON METALS LTD,BSE,UNISON,,UNISON METALS LTD investor relations
INE099E01016,NAGPUR POWER & INDUSTRIES LTD.,BSE,NAGPI,,NAGPUR POWER & INDUSTRIES LTD. investor relations
INE099F01013,SREELEATHERS LTD.,"BSE, NSE",SREEL,SREEL,SREELEATHERS LTD. investor relations
INE099G01011,Scan Steels Limited,BSE,SCANSTL,,Scan Steels Limited investor relations
INE099S01016,IGC Industries Limited,BSE,IGCIL,,IGC Industries Limited investor relations
INE099Z01011,Mishra Dhatu Nigam Limited,"BSE, NSE",MIDHANI,MIDHANI,Mishra Dhatu Nigam Limited investor relations
INE09BN01011,Aveer Foods Limited,BSE,AVEER,,Aveer Foods Limited investor relations
INE09E501017,Ravinder Heights Limited,"BSE, NSE",RVHL,RVHL,Ravinder Heights Limited investor relations
INE09EO01013,Aarti Surfactants Limited,"BSE, NSE",AARTISURF,AARTISURF,Aarti Surfactants Limited investor relations
INE09KD01013,Atam Valves Limited,"BSE, NSE",ATAM,ATAM,Atam Valves Limited investor relations
INE09N301011,Gujarat Fluorochemicals Limite,"BSE, NSE",FLUOROCHEM,FLUOROCHEM,Gujarat Fluorochemicals Limite investor relations
INE09VQ01012,Indigo Paints Limited,"BSE, NSE",INDIGOPNTS,INDIGOPNTS,Indigo Paints Limited investor relations
INE09XN01023,Akums Drugs and Pharmaceutical,"BSE, NSE",AKUMS,AKUMS,Akums Drugs and Pharmaceutical investor relations
INE0A0S01028,SIGMA SOLVE LIMITED,"BSE, NSE",SIGMA,SIGMA,SIGMA SOLVE LIMITED investor relations
INE0A1101019,Dc Infotech and Communication,"BSE, NSE",DCI,DCI,Dc Infotech and Communication investor relations
INE0AE001013,VISHNU PRAKASH R PUNGLIA LIMIT,"BSE, NSE",VPRPL,VPRPL,VISHNU PRAKASH R PUNGLIA LIMIT investor relations
INE0AG901020,Ceigall India Limited,"BSE, NSE",CEIGALL,CEIGALL,Ceigall India Limited investor relations
INE0AH901011,CHATHA FOODS LIMITED,BSE,CHATHA,,CHATHA FOODS LIMITED investor relations
INE0AJG01018,Hemisphere Properties India Li,"BSE, NSE",HEMIPROP,HEMIPROP,Hemisphere Properties India Li investor relations
INE0AK901016,RDB Real Estate Constructions,BSE,RRECL,,RDB Real Estate Constructions investor relations
INE0ALI01010,ADVAIT ENERGY TRANSITIONS LIMI,"BSE, NSE",ADVAIT,ADVAIT,ADVAIT ENERGY TRANSITIONS LIMI investor relations
INE0ALR01029,Atal Realtech Limited,"BSE, NSE",ATALREAL,ATALREAL,Atal Realtech Limited investor relations
INE0AOG01018,Kenrik Industries Limited,BSE,KENRIK,,Kenrik Industries Limited investor relations
INE0APB01032,MANGALAM GLOBAL ENTERPRISE LIM,"BSE, NSE",MGEL,MGEL,MANGALAM GLOBAL ENTERPRISE LIM investor relations
INE0AQ201015,Leela Palaces Hotels & Resorts,"BSE, NSE",THELEELA,THELEELA,Leela Palaces Hotels & Resorts investor relations
INE0ATZ01017,KRONOX LAB SCIENCES LIMITED,"BSE, NSE",KRONOX,KRONOX,KRONOX LAB SCIENCES LIMITED investor relations
INE0B1K01014,DJ Mediaprint & Logistics Limi,"BSE, NSE",DJML,DJML,DJ Mediaprint & Logistics Limi investor relations
INE0B6101012,Times Green Energy (India) Lim,BSE,TIMESGREEN,,Times Green Energy (India) Lim investor relations
INE0B9A01018,BONLON INDUSTRIES LIMITED,BSE,BONLON,,BONLON INDUSTRIES LIMITED investor relations
INE0B9K01025,Bansal Wire Industries Limited,"BSE, NSE",BANSALWIRE,BANSALWIRE,Bansal Wire Industries Limited investor relations
INE0BDU01028,RO Jewels Limited,BSE,ROJL,,RO Jewels Limited investor relations
INE0BJS01011,Go Fashion (India) Limited,"BSE, NSE",GOCOLORS,GOCOLORS,Go Fashion (India) Limited investor relations
INE0BLY01023,Shine Fashions (India) Limited,BSE,SHINEFASH,,Shine Fashions (India) Limited investor relations
INE0BS701011,Premier Energies Limited,"BSE, NSE",PREMIERENE,PREMIERENE,Premier Energies Limited investor relations
INE0BSU01018,LOGICA INFOWAY LIMITED,BSE,LOGICA,,LOGICA INFOWAY LIMITED investor relations
INE0BTI01037,Kamdhenu Ventures Limited,"BSE, NSE",KAMOPAINTS,KAMOPAINTS,Kamdhenu Ventures Limited investor relations
INE0BTM01013,Secmark Consultancy Limited,"BSE, NSE",SECMARK,SECMARK,Secmark Consultancy Limited investor relations
INE0BUQ01012,Gallard Steel Limited,BSE,GALLARD,,Gallard Steel Limited investor relations
INE0BV301023,C.E. Info Systems Limited,"BSE, NSE",MAPMYINDIA,MAPMYINDIA,C.E. Info Systems Limited investor relations
INE0BWX01014,Aether Industries Limited,"BSE, NSE",AETHER,AETHER,Aether Industries Limited investor relations
INE0BX301013,PROSTARM INFO SYSTEMS LIMITED,"BSE, NSE",PROSTARM,PROSTARM,PROSTARM INFO SYSTEMS LIMITED investor relations
INE0BY001018,Jubilant Ingrevia Limited,"BSE, NSE",JUBLINGREA,JUBLINGREA,Jubilant Ingrevia Limited investor relations
INE0BYP01024,Oswal Pumps Limited,"BSE, NSE",OSWALPUMPS,OSWALPUMPS,Oswal Pumps Limited investor relations
INE0CAZ01013,Urban Company Limited,"BSE, NSE",URBANCO,URBANCO,Urban Company Limited investor relations
INE0CCU25019,Mindspace Business Parks REIT,BSE,MINDSPACE,,Mindspace Business Parks REIT investor relations
INE0CFH01028,Rikhav Securities Limited,BSE,RIKHAV,,Rikhav Securities Limited investor relations
INE0CG401037,Mukka Proteins Limited,"BSE, NSE",MUKKA,MUKKA,Mukka Proteins Limited investor relations
INE0CG601016,Max India Limited,"BSE, NSE",MAXIND,MAXIND,Max India Limited investor relations
INE0CHO01012,Archidply Decor Limited,NSE,,ADL,Archidply Decor Limited investor relations
INE0CJD01029,Knowledge Marine & Engineering,"BSE, NSE",KMEW,KMEW,Knowledge Marine & Engineering investor relations
INE0CJF01024,Western Carriers (India) Limit,"BSE, NSE",WCIL,WCIL,Western Carriers (India) Limit investor relations
INE0CLI01024,RateGain Travel Technologies L,"BSE, NSE",RATEGAIN,RATEGAIN,RateGain Travel Technologies L investor relations
INE0CNJ01010,YAJUR FIBRES LIMITED,BSE,YAJUR,,YAJUR FIBRES LIMITED investor relations
INE0CPR01018,EKI Energy Services Limited,BSE,EKI,,EKI Energy Services Limited investor relations
INE0CQ101015,Rajeshwari Cans Limited,BSE,RCAN,,Rajeshwari Cans Limited investor relations
INE0CT101020,Meghmani Organics Limited,"BSE, NSE",MOL,MOL,Meghmani Organics Limited investor relations
INE0CU601026,GMR Power and Urban Infra Limi,"BSE, NSE",GMRP&UI,GMRP&UI,GMR Power and Urban Infra Limi investor relations
INE0CYK01015,Purple Finance Limited,BSE,PURPLEFIN,,Purple Finance Limited investor relations
INE0CZ201020,Anthem Biosciences Limited,"BSE, NSE",ANTHEM,ANTHEM,Anthem Biosciences Limited investor relations
INE0D0K01022,Sigachi Industries Limited,"BSE, NSE",SIGACHI,SIGACHI,Sigachi Industries Limited investor relations
INE0D0U01013,AAA TECHNOLOGIES LIMITED,"BSE, NSE",AAATECH,AAATECH,AAA TECHNOLOGIES LIMITED investor relations
INE0D6701023,India Pesticides Limited,"BSE, NSE",IPL,IPL,India Pesticides Limited investor relations
INE0D6I01023,Ksolves India Limited,"BSE, NSE",KSOLVES,KSOLVES,Ksolves India Limited investor relations
INE0D7801012,MRP Agro Limited,BSE,MRP,,MRP Agro Limited investor relations
INE0D8001018,SHINING TOOLS LIMITED,BSE,SHTL,,SHINING TOOLS LIMITED investor relations
INE0DAB01012,Revathi Equipment India Limite,"BSE, NSE",RVTH,RVTH,Revathi Equipment India Limite investor relations
INE0DD101019,RailTel Corporation of India L,"BSE, NSE",RAILTEL,RAILTEL,RailTel Corporation of India L investor relations
INE0DK501011,PIRAMAL PHARMA LIMITED,"BSE, NSE",PPLPHARMA,PPLPHARMA,PIRAMAL PHARMA LIMITED investor relations
INE0DN001027,ASARFI HOSPITAL LIMITED,BSE,ASARFI,,ASARFI HOSPITAL LIMITED investor relations
INE0DNW01011,Fairchem Organics Limited,"BSE, NSE",FAIRCHEMOR,FAIRCHEMOR,Fairchem Organics Limited investor relations
INE0DQN01013,NISUS FINANCE SERVICES CO LIMI,BSE,NISUS,,NISUS FINANCE SERVICES CO LIMI investor relations
INE0DSF01015,Nureca Limited,"BSE, NSE",NURECA,NURECA,Nureca Limited investor relations
INE0DUT01020,INNOVA CAPTAB LIMITED,"BSE, NSE",INNOVACAP,INNOVACAP,INNOVA CAPTAB LIMITED investor relations
INE0DYJ01015,Syrma SGS Technology Limited,"BSE, NSE",SYRMA,SYRMA,Syrma SGS Technology Limited investor relations
INE0DZD01015,H.M. ELECTRO MECH LIMITED,BSE,HMEML,,H.M. ELECTRO MECH LIMITED investor relations
INE0E2801015,G M Polyplast Limited,BSE,GMPL,,G M Polyplast Limited investor relations
INE0E4I01027,Ascensive Educare Limited,BSE,ASCENSIVE,,Ascensive Educare Limited investor relations
INE0E5R01017,Nanavati Ventures Limited,BSE,NVENTURES,,Nanavati Ventures Limited investor relations
INE0E7301029,Wakefit Innovations Limited,"BSE, NSE",WAKEFIT,WAKEFIT,Wakefit Innovations Limited investor relations
INE0ECP01024,HMA Agro Industries Limited,"BSE, NSE",HMAAGRO,HMAAGRO,HMA Agro Industries Limited investor relations
INE0EEJ01023,BODHI TREE MULTIMEDIA LIMITED,"BSE, NSE",BTML,BTML,BODHI TREE MULTIMEDIA LIMITED investor relations
INE0EK901012,TARC LIMITED,"BSE, NSE",TARC,TARC,TARC LIMITED investor relations
INE0EOJ01014,K K SILK MILLS LIMITED,BSE,KKSILK,,K K SILK MILLS LIMITED investor relations
INE0FDU25010,Brookfield India Real Estate T,BSE,BIRET,,Brookfield India Real Estate T investor relations
INE0FFK01017,Network People Services Techno,"BSE, NSE",NPST,NPST,Network People Services Techno investor relations
INE0FHS01024,Deep Industries Limited,"BSE, NSE",DEEPINDS,DEEPINDS,Deep Industries Limited investor relations
INE0FK501019,Indobell Insulations Limited,BSE,INDOBELL,,Indobell Insulations Limited investor relations
INE0FMZ01045,SHREE REFRIGERATIONS LIMITED,BSE,SHREEREF,,SHREE REFRIGERATIONS LIMITED investor relations
INE0FRK01020,Motisons Jewellers Limited,"BSE, NSE",MOTISONS,MOTISONS,Motisons Jewellers Limited investor relations
INE0FS801015,Motherson Sumi Wiring India Li,"BSE, NSE",MSUMI,MSUMI,Motherson Sumi Wiring India Li investor relations
INE0FW001016,Markolines Pavement Technologi,"BSE, NSE",MARKOLINES,MARKOLINES,Markolines Pavement Technologi investor relations
INE0G1L01017,Le Merite Exports Limited,NSE,,LEMERITE,Le Merite Exports Limited investor relations
INE0G5901015,EPACK Durable Limited,"BSE, NSE",EPACK,EPACK,EPACK Durable Limited investor relations
INE0GAO01018,Prevest Denpro Limited,BSE,PREVEST,,Prevest Denpro Limited investor relations
INE0GEN01012,New Swan Multitech Limited,BSE,SWANAGRO,,New Swan Multitech Limited investor relations
INE0GFE01026,Exxaro Tiles Limited,"BSE, NSE",EXXARO,EXXARO,Exxaro Tiles Limited investor relations
INE0GGO01015,KRISHIVAL FOODS LIMITED,"BSE, NSE",KRISHIVAL,KRISHIVAL,KRISHIVAL FOODS LIMITED investor relations
INE0GGX23010,POWERGRID Infrastructure Inves,BSE,PGINVIT,,POWERGRID Infrastructure Inves investor relations
INE0GIU01018,Uma Exports Limited,"BSE, NSE",UMAEXPORTS,UMAEXPORTS,Uma Exports Limited investor relations
INE0GK401011,Tatva Chintan Pharma Chem Limi,"BSE, NSE",TATVA,TATVA,Tatva Chintan Pharma Chem Limi investor relations
INE0GOA01018,Naapbooks Limited,BSE,NBL,,Naapbooks Limited investor relations
INE0GSL01024,HP Adhesives Limited,"BSE, NSE",HPAL,HPAL,HP Adhesives Limited investor relations
INE0GTX01019,Pearl Green Clubs and Resorts,BSE,PGCRL,,Pearl Green Clubs and Resorts investor relations
INE0GV601021,ALL TIME PLASTICS LIMITED,"BSE, NSE",ALLTIME,ALLTIME,ALL TIME PLASTICS LIMITED investor relations
INE0GYI01028,Hemant Surgical Industries Lim,BSE,HSIL,,Hemant Surgical Industries Lim investor relations
INE0H5O01029,Windlas Biotech Limited,"BSE, NSE",WINDLAS,WINDLAS,Windlas Biotech Limited investor relations
INE0H8H01019,CWD Limited,BSE,CWD,,CWD Limited investor relations
INE0H9P01028,ArisInfra Solutions Limited,"BSE, NSE",ARISINFRA,ARIS,ArisInfra Solutions Limited investor relations
INE0HF201011,Fabtech Technologies Limited,"BSE, NSE",FABTECH,FABTECH,Fabtech Technologies Limited investor relations
INE0HLJ01013,Shri Venkatesh Refineries Limi,BSE,SVRL,,Shri Venkatesh Refineries Limi investor relations
INE0HLU01028,One Mobikwik Systems Limited,"BSE, NSE",MOBIKWIK,MOBIKWIK,One Mobikwik Systems Limited investor relations
INE0HMF01019,Tracxn Technologies Limited,"BSE, NSE",TRACXN,TRACXN,Tracxn Technologies Limited investor relations
INE0HOQ01053,Billionbrains Garage Ventures,"BSE, NSE",GROWW,GROWW,Billionbrains Garage Ventures investor relations
INE0HR601026,DDEV PLASTIKS INDUSTRIES LIMIT,"BSE, NSE",DDEVPLSTIK,DDEVPLSTIK,DDEV PLASTIKS INDUSTRIES LIMIT investor relations
INE0HSD01011,FABTECH TECHNOLOGIES CLEANROOM,BSE,FABCLEAN,,FABTECH TECHNOLOGIES CLEANROOM investor relations
INE0HV901016,Le Travenues Technology Limite,"BSE, NSE",IXIGO,IXIGO,Le Travenues Technology Limite investor relations
INE0I0M01023,Prabha Energy Limited,"BSE, NSE",PRABHA,PRABHA,Prabha Energy Limited investor relations
INE0I0T01010,Virtuoso Optoelectronics Limit,BSE,VOEPL,,Virtuoso Optoelectronics Limit investor relations
INE0I3401014,Dhampur Bio Organics Limited,"BSE, NSE",DBOL,DBOL,Dhampur Bio Organics Limited investor relations
INE0I7C01011,Latent View Analytics Limited,"BSE, NSE",LATENTVIEW,LATENTVIEW,Latent View Analytics Limited investor relations
INE0ID001024,Veerkrupa Jewellers Limited,BSE,VEERKRUPA,,Veerkrupa Jewellers Limited investor relations
INE0ILV01024,Capillary Technologies India L,"BSE, NSE",CAPILLARY,CAPILLARY,Capillary Technologies India L investor relations
INE0INJ01017,Plaza Wires Limited,"BSE, NSE",PLAZACABLE,PLAZACABLE,Plaza Wires Limited investor relations
INE0INX01018,AEGIS VOPAK TERMINALS LIMITED,"BSE, NSE",AEGISVOPAK,AEGISVOPAK,AEGIS VOPAK TERMINALS LIMITED investor relations
INE0IQ001011,Veranda Learning Solutions Lim,"BSE, NSE",VERANDA,VERANDA,Veranda Learning Solutions Lim investor relations
INE0IX101010,Data Patterns (India) Limited,"BSE, NSE",DATAPATTNS,DATAPATTNS,Data Patterns (India) Limited investor relations
INE0IZQ01016,B-RIGHT REALESTATE LIMITED,BSE,BRRL,,B-RIGHT REALESTATE LIMITED investor relations
INE0J1F01024,Rashi Peripherals Limited,"BSE, NSE",RPTECH,RPTECH,Rashi Peripherals Limited investor relations
INE0J1Y01017,LIFE INSURANCE CORPORATION OF,"BSE, NSE",LICI,LICI,LIFE INSURANCE CORPORATION OF investor relations
INE0J2K01014,Global Longlife Hospital and R,BSE,GLHRL,,Global Longlife Hospital and R investor relations
INE0J5401028,Honasa Consumer Limited,"BSE, NSE",HONASA,HONASA,Honasa Consumer Limited investor relations
INE0J5601015,Krishna Defence And Allied Industries Limited,NSE,,KRISHNADEF,Krishna Defence And Allied Industries Limited investor relations
INE0J5801029,Jeena Sikho Lifecare Limited,"BSE, NSE",JSLL,JSLL,Jeena Sikho Lifecare Limited investor relations
INE0JA001018,Venus Pipes & Tubes Limited,"BSE, NSE",VENUSPIPES,VENUSPIPES,Venus Pipes & Tubes Limited investor relations
INE0JEI23010,ROADSTAR INFRA INVESTMENT TRUS,BSE,ROADSTAR,,ROADSTAR INFRA INVESTMENT TRUS investor relations
INE0JFE01012,Omnipotent Industries Limited,BSE,OMNIPOTENT,,Omnipotent Industries Limited investor relations
INE0JM501013,Nupur Recyclers Limited,NSE,,NRL,Nupur Recyclers Limited investor relations
INE0JNA01014,Safa Systems & Technologies Li,BSE,SSTL,,Safa Systems & Technologies Li investor relations
INE0JO301016,YATHARTH HOSPITAL & TRAUMA CAR,"BSE, NSE",YATHARTH,YATHARTH,YATHARTH HOSPITAL & TRAUMA CAR investor relations
INE0JPD01013,Sanathan Textiles Limited,"BSE, NSE",SANATHAN,SANATHAN,Sanathan Textiles Limited investor relations
INE0JR601024,YATRA ONLINE LIMITED,"BSE, NSE",YATRA,YATRA,YATRA ONLINE LIMITED investor relations
INE0JS101016,DREAMFOLKS SERVICES LIMITED,"BSE, NSE",DREAMFOLKS,DREAMFOLKS,DREAMFOLKS SERVICES LIMITED investor relations
INE0JSJ01014,Maruti Interior Products Limit,BSE,SPITZE,,Maruti Interior Products Limit investor relations
INE0JSX01015,Global Surfaces Limited,"BSE, NSE",GSLSU,GSLSU,Global Surfaces Limited investor relations
INE0JUS01029,Harsha Engineers International,"BSE, NSE",HARSHA,HARSHA,Harsha Engineers International investor relations
INE0JVD01011,Evoq Remedies Limited,BSE,EVOQ,,Evoq Remedies Limited investor relations
INE0JVH01012,Hannah Joseph Hospital Limited,BSE,HANNAH,,Hannah Joseph Hospital Limited investor relations
INE0JVO01026,Garuda Construction and Engine,"BSE, NSE",GARUDA,GARUDA,Garuda Construction and Engine investor relations
INE0JWS01017,Valiant Laboratories Limited,"BSE, NSE",VALIANTLAB,VALIANTLAB,Valiant Laboratories Limited investor relations
INE0JYY01011,Mangalam Worldwide Limited,NSE,,MWL,Mangalam Worldwide Limited investor relations
INE0JZS01010,S. V. J. Enterprises Limited,BSE,SVJ,,S. V. J. Enterprises Limited investor relations
INE0K1401020,Achyut Healthcare Limited,BSE,ACHYUT,,Achyut Healthcare Limited investor relations
INE0K5F01014,DHYAANI TRADEVENTTURES LIMITED,BSE,DHYAANITR,,DHYAANI TRADEVENTTURES LIMITED investor relations
INE0K6L01010,Goel Food Products Limited,BSE,GOEL,,Goel Food Products Limited investor relations
INE0KA601012,ALKOSIGN LIMITED,BSE,ALKOSIGN,,ALKOSIGN LIMITED investor relations
INE0KAF01018,Quality RO Industries Limited,BSE,QRIL,,Quality RO Industries Limited investor relations
INE0KBH01020,Blue Jet Healthcare Limited,"BSE, NSE",BLUEJET,BLUEJET,Blue Jet Healthcare Limited investor relations
INE0KCE01017,Eureka Forbes Limited,"BSE, NSE",EUREKAFORB,EUREKAFORB,Eureka Forbes Limited investor relations
INE0KGZ01021,Signpost India Limited,"BSE, NSE",SIGNPOST,SIGNPOST,Signpost India Limited investor relations
INE0KKN01029,Rhetan TMT Limited,"BSE, NSE",RHETAN,RHETAN,Rhetan TMT Limited investor relations
INE0KL801015,DCX Systems Limited,"BSE, NSE",DCXINDIA,DCXINDIA,DCX Systems Limited investor relations
INE0KN201016,INDONG TEA COMPANY LIMITED,BSE,INDONG,,INDONG TEA COMPANY LIMITED investor relations
INE0KNT01012,MANOJ VAIBHAV GEMS 'N' JEWELLE,"BSE, NSE",MVGJL,MVGJL,MANOJ VAIBHAV GEMS 'N' JEWELLE investor relations
INE0KNW01016,KN Agri Resources Limited,NSE,,KNAGRI,KN Agri Resources Limited investor relations
INE0KPY01017,Sunrise Efficient Marketing Li,BSE,SEML,,Sunrise Efficient Marketing Li investor relations
INE0KQN01018,Bajel Projects Limited,"BSE, NSE",BAJEL,BAJEL,Bajel Projects Limited investor relations
INE0KQQ01011,MAFIA TRENDS LIMITED,BSE,MAFIA,,MAFIA TRENDS LIMITED investor relations
INE0KR801019,JAYANT INFRATECH LIMITED,BSE,JAYANT,,JAYANT INFRATECH LIMITED investor relations
INE0KSN01014,Eighty Jewellers Limited,BSE,EIGHTY,,Eighty Jewellers Limited investor relations
INE0L0L01012,MODI'S NAVNIRMAN LIMITED,"BSE, NSE",MODIS,MODIS,MODI'S NAVNIRMAN LIMITED investor relations
INE0L1C01019,KESAR INDIA LIMITED,BSE,KESAR,,KESAR INDIA LIMITED investor relations
INE0L3501015,HEALTHY LIFE AGRITEC LIMITED,BSE,HEALTHYLIFE,,HEALTHY LIFE AGRITEC LIMITED investor relations
INE0L9R01028,Gopal Snacks Limited,"BSE, NSE",GOPAL,GOPAL,Gopal Snacks Limited investor relations
INE0LCG01010,MONIKA ALCOBEV LIMITED,BSE,MONIKA,,MONIKA ALCOBEV LIMITED investor relations
INE0LCL01028,Avalon Technologies Limited,"BSE, NSE",AVALON,AVALON,Avalon Technologies Limited investor relations
INE0LDI01022,INNOKAIZ INDIA LIMITED,BSE,INNOKAIZ,,INNOKAIZ INDIA LIMITED investor relations
INE0LEZ01016,Ather Energy Limited,"BSE, NSE",ATHERENERG,ATHERENERG,Ather Energy Limited investor relations
INE0LGX01024,INSOLATION ENERGY LIMITED,BSE,INA,,INSOLATION ENERGY LIMITED investor relations
INE0LLY01014,ENVIRO INFRA ENGINEERS LIMITED,"BSE, NSE",EIEL,EIEL,ENVIRO INFRA ENGINEERS LIMITED investor relations
INE0LMW01024,Cello World Limited,"BSE, NSE",CELLO,CELLO,Cello World Limited investor relations
INE0LOJ01019,IKIO Technologies Limited,"BSE, NSE",IKIO,IKIO,IKIO Technologies Limited investor relations
INE0LP301011,Physicswallah Limited,"BSE, NSE",PWL,PWL,Physicswallah Limited investor relations
INE0LQS01015,Tips Films Limited,"BSE, NSE",TIPSFILMS,TIPSFILMS,Tips Films Limited investor relations
INE0LRU01027,Aarti Pharmalabs Limited,"BSE, NSE",AARTIPHARM,AARTIPHARM,Aarti Pharmalabs Limited investor relations
INE0LRY01011,Quadrant Future Tek Limited,"BSE, NSE",QUADFUTURE,QUADFUTURE,Quadrant Future Tek Limited investor relations
INE0LU301014,SHANTIDOOT INFRA SERVICES LIMI,BSE,SISL,,SHANTIDOOT INFRA SERVICES LIMI investor relations
INE0LXG01040,Ola Electric Mobility Limited,"BSE, NSE",OLAELEC,OLAELEC,Ola Electric Mobility Limited investor relations
INE0LXT01019,REDTAPE Limited,"BSE, NSE",REDTAPE,REDTAPE,REDTAPE Limited investor relations
INE0LY301010,Share Samadhan Limited,BSE,SSL,,Share Samadhan Limited investor relations
INE0M4D01010,STANDARD ENGINEERING TECHNOLOG,"BSE, NSE",SETL,SETL,STANDARD ENGINEERING TECHNOLOG investor relations
INE0M8901010,CONTAINE TECHNOLOGIES LIMITED,BSE,CONTAINE,,CONTAINE TECHNOLOGIES LIMITED investor relations
INE0M9Q01011,DHARNI CAPITAL SERVICES LIMITE,BSE,DHARNI,,DHARNI CAPITAL SERVICES LIMITE investor relations
INE0MB501011,J.G.Chemicals Limited,"BSE, NSE",JGCHEM,JGCHEM,J.G.Chemicals Limited investor relations
INE0MC401013,DIPNA PHARMACHEM LIMITED,BSE,DPL,,DIPNA PHARMACHEM LIMITED investor relations
INE0MFT01014,Rex Sealing and Packing Indust,BSE,REXSEAL,,Rex Sealing and Packing Indust investor relations
INE0MGS01014,Sayaji Hotels (Indore) Limited,BSE,SHILINDORE,,Sayaji Hotels (Indore) Limited investor relations
INE0MHO01029,REGAAL RESOURCES LIMITED,"BSE, NSE",REGAAL,REGAAL,REGAAL RESOURCES LIMITED investor relations
INE0MID01012,SVS VENTURES LIMITED,BSE,SVS,,SVS VENTURES LIMITED investor relations
INE0MIO01019,ORGANIC RECYCLING SYSTEMS LIMI,BSE,ORGANICREC,,ORGANIC RECYCLING SYSTEMS LIMI investor relations
INE0MIS01010,Pyramid Technoplast Limited,"BSE, NSE",PYRAMID,PYRAMID,Pyramid Technoplast Limited investor relations
INE0MKA01014,Trident Lifeline Limited,BSE,TLL,,Trident Lifeline Limited investor relations
INE0MLS01022,Epack Prefab Technologies Limi,"BSE, NSE",EPACKPEB,EPACKPEB,Epack Prefab Technologies Limi investor relations
INE0MNP01016,VVIP Infratech Limited,BSE,VVIPIL,,VVIP Infratech Limited investor relations
INE0MNV01014,SILICON RENTAL SOLUTIONS LIMIT,BSE,SRSOLTD,,SILICON RENTAL SOLUTIONS LIMIT investor relations
INE0MPU01011,TRANSVOY LOGISTICS INDIA LIMIT,BSE,TRANSVOY,,TRANSVOY LOGISTICS INDIA LIMIT investor relations
INE0MQD01015,Droneacharya Aerial Innovation,BSE,DRONACHRYA,,Droneacharya Aerial Innovation investor relations
INE0MWH01014,TRUALT BIOENERGY LIMITED,"BSE, NSE",TRUALT,TRUALT,TRUALT BIOENERGY LIMITED investor relations
INE0N0J01014,Concord Control Systems Limite,BSE,CNCRD,,Concord Control Systems Limite investor relations
INE0N0Y01013,Udayshivakumar infra limited,"BSE, NSE",USK,USK,Udayshivakumar infra limited investor relations
INE0N1L01018,PACE E-COMMERCE VENTURES LIMIT,BSE,PACE,,PACE E-COMMERCE VENTURES LIMIT investor relations
INE0N2P01017,Rishabh Instruments Limited,"BSE, NSE",RISHABH,RISHABH,Rishabh Instruments Limited investor relations
INE0N5O01013,Sonalis Consumer Products Limi,BSE,SONALIS,,Sonalis Consumer Products Limi investor relations
INE0N6U01018,Kalyani Cast-Tech Limited,BSE,KALYANI,,Kalyani Cast-Tech Limited investor relations
INE0N7W01012,BEML Land Assets Limited,"BSE, NSE",BLAL,BLAL,BEML Land Assets Limited investor relations
INE0NAZ01010,SMARTWORKS COWORKING SPACES LI,"BSE, NSE",SMARTWORKS,SMARTWORKS,SMARTWORKS COWORKING SPACES LI investor relations
INE0NDH25011,Nexus Select Trust,BSE,NXST,,Nexus Select Trust investor relations
INE0NEV01011,AHASOLAR TECHNOLOGIES LIMITED,BSE,AHASOLAR,,AHASOLAR TECHNOLOGIES LIMITED investor relations
INE0NHL23019,Indus Infra Trust,BSE,INDUSINVIT,,Indus Infra Trust investor relations
INE0NIJ01017,Dev Labtech Venture Limited,BSE,DEVLAB,,Dev Labtech Venture Limited investor relations
INE0NJ001013,CFF FLUID CONTROL LIMITED,BSE,CFF,,CFF FLUID CONTROL LIMITED investor relations
INE0NLT01010,BLS E-Services Limited,"BSE, NSE",BLSE,BLSE,BLS E-Services Limited investor relations
INE0NN701020,Allcargo Terminals Limited,"BSE, NSE",ATL,ATL,Allcargo Terminals Limited investor relations
INE0NNS01018,NMDC Steel Limited,"BSE, NSE",NSLNISP,NSLNISP,NMDC Steel Limited investor relations
INE0NPA01011,Patron Exim Limited,BSE,PATRON,,Patron Exim Limited investor relations
INE0NQ801033,R K Swamy Limited,"BSE, NSE",RKSWAMY,RKSWAMY,R K Swamy Limited investor relations
INE0NR501012,VIKRAM AROMA LIMITED,BSE,VIKRAMAR,,VIKRAM AROMA LIMITED investor relations
INE0NT601018,PNGS GARGI FASHION JEWELLERY L,BSE,GARGI,,PNGS GARGI FASHION JEWELLERY L investor relations
INE0NT901020,NETWEB TECHNOLOGIES INDIA LIMI,"BSE, NSE",NETWEB,NETWEB,NETWEB TECHNOLOGIES INDIA LIMI investor relations
INE0NTC01019,Retina Paints Limited,BSE,RETINA,,Retina Paints Limited investor relations
INE0NXA01015,Comrade Appliances Limited,BSE,COMRADE,,Comrade Appliances Limited investor relations
INE0NYN01016,RESGEN LIMITED,BSE,RESGEN,,RESGEN LIMITED investor relations
INE0O1T01010,Maiden Forgings Limited,BSE,MAIDEN,,Maiden Forgings Limited investor relations
INE0O3901029,Transindia Real Estate Limited,"BSE, NSE",TREL,TREL,Transindia Real Estate Limited investor relations
INE0O4601016,Sealmatic India Limited,BSE,SEALMATIC,,Sealmatic India Limited investor relations
INE0O4V01010,Earthstahl & Alloys Limited,BSE,EARTH,,Earthstahl & Alloys Limited investor relations
INE0O6601022,Kross Limited,"BSE, NSE",KROSS,KROSS,Kross Limited investor relations
INE0O6A01019,ITCONS E-Solutions Limited,BSE,ITCONS,,ITCONS E-Solutions Limited investor relations
INE0O8901016,Exhicon Events Media Solutions,BSE,EXHICON,,Exhicon Events Media Solutions investor relations
INE0O9L01010,Shipwaves Online Limited,BSE,SHIPWAVES,,Shipwaves Online Limited investor relations
INE0O9T01021,Indef Manufacturing Limited,"BSE, NSE",BAJAJINDEF,BAJAJINDEF,Indef Manufacturing Limited investor relations
INE0OAF01028,JNK India Limited,"BSE, NSE",JNKINDIA,JNKINDIA,JNK India Limited investor relations
INE0OJ401014,Bizotic Commercial Limited,BSE,BIZOTIC,,Bizotic Commercial Limited investor relations
INE0OJW01016,Rossell Techsys Limited,"BSE, NSE",ROSSTECH,ROSSTECH,Rossell Techsys Limited investor relations
INE0OKG01017,PROSPECT CONSUMER PRODUCTS LIM,BSE,PCL,,PROSPECT CONSUMER PRODUCTS LIM investor relations
INE0OLH01013,Macfos Limited,BSE,ROBU,,Macfos Limited investor relations
INE0OLZ01015,HARSHDEEP HORTICO LIMITED,BSE,HARSHDEEP,,HARSHDEEP HORTICO LIMITED investor relations
INE0OMI01019,Bright Outdoor Media Limited,BSE,BRIGHT,,Bright Outdoor Media Limited investor relations
INE0ONG01011,NTPC GREEN ENERGY LIMITED,"BSE, NSE",NTPCGREEN,NTPCGREEN,NTPC GREEN ENERGY LIMITED investor relations
INE0OPA01019,Deepak Builders and Engineers,"BSE, NSE",DBEIL,DBEIL,Deepak Builders and Engineers investor relations
INE0ORA01015,Cosmic CRF Limited,BSE,COSMICCRF,,Cosmic CRF Limited investor relations
INE0OV601013,EMS LIMITED,"BSE, NSE",EMSLIMITED,EMSLIMITED,EMS LIMITED investor relations
INE0OWC01011,Khazanchi Jewellers Limited,BSE,KHAZANCHI,,Khazanchi Jewellers Limited investor relations
INE0OXY01013,Afcom Holdings Limited,BSE,AFCOM,,Afcom Holdings Limited investor relations
INE0OYE01013,QUEST FLOW CONTROLS LIMITED,BSE,QUESTFLOW,,QUEST FLOW CONTROLS LIMITED investor relations
INE0P3N01018,Kaka Industries Limited,BSE,KAKA,,Kaka Industries Limited investor relations
INE0P4P01011,TECHKNOWGREEN SOLUTIONS LIMITE,BSE,TECHKGREEN,,TECHKNOWGREEN SOLUTIONS LIMITE investor relations
INE0P6P01016,Career Point Edutech Limited,"BSE, NSE",CPEDU,CPEDU,Career Point Edutech Limited investor relations
INE0P9J01013,Amic Forging Limited,BSE,AMIC,,Amic Forging Limited investor relations
INE0PA801013,GHCL Textiles Limited,"BSE, NSE",GHCLTEXTIL,GHCLTEXTIL,GHCL Textiles Limited investor relations
INE0PB301013,Shipping Corporation of India,"BSE, NSE",SCILAL,SCILAL,Shipping Corporation of India investor relations
INE0PEQ01016,RBZ Jewellers Limited,"BSE, NSE",RBZJEWEL,RBZJEWEL,RBZ Jewellers Limited investor relations
INE0PK601023,OCCL Limited,"BSE, NSE",OCCLLTD,OCCLLTD,OCCL Limited investor relations
INE0PKD01011,MANGAL ELECTRICAL INDUSTRIES L,"BSE, NSE",MEIL,MEIL,MANGAL ELECTRICAL INDUSTRIES L investor relations
INE0PO601011,National Peroxide Limited,BSE,NPL,,National Peroxide Limited investor relations
INE0POP01017,ACCELERATEBS INDIA LIMITED,BSE,ACCELERATE,,ACCELERATEBS INDIA LIMITED investor relations
INE0PP401015,Arrowhead Seperation Engineeri,BSE,ARROWHEAD,,Arrowhead Seperation Engineeri investor relations
INE0PPK01015,Orient Technologies Limited,"BSE, NSE",ORIENTTECH,ORIENTTECH,Orient Technologies Limited investor relations
INE0PQ101010,SARASWATI SAREE DEPOT LIMITED,"BSE, NSE",SSDL,SSDL,SARASWATI SAREE DEPOT LIMITED investor relations
INE0PSC01024,DIGIDRIVE DISTRIBUTORS LIMITED,"BSE, NSE",DIGIDRIVE,DIGIDRIVE,DIGIDRIVE DISTRIBUTORS LIMITED investor relations
INE0PSJ01011,Sahara Maritime Limited,BSE,SMARITIME,,Sahara Maritime Limited investor relations
INE0PT501018,Platinum Industries Limited,"BSE, NSE",PLATIND,PLATIND,Platinum Industries Limited investor relations
INE0PYT01018,Euphoria Infotech (India) Limi,BSE,EUPHORIAIT,,Euphoria Infotech (India) Limi investor relations
INE0PZB01013,POPULAR FOUNDATIONS LIMITED,BSE,PFL,,POPULAR FOUNDATIONS LIMITED investor relations
INE0Q0M01015,VEEFIN SOLUTIONS LIMITED,BSE,VEEFIN,,VEEFIN SOLUTIONS LIMITED investor relations
INE0Q1S01010,Sunita Tools Limited,BSE,SUNITATOOL,,Sunita Tools Limited investor relations
INE0Q2Z01013,Benchmark Computer Solutions L,BSE,BENCHMARK,,Benchmark Computer Solutions L investor relations
INE0Q3J01015,KRN HEAT EXCHANGER AND REFRIGE,"BSE, NSE",KRN,KRN,KRN HEAT EXCHANGER AND REFRIGE investor relations
INE0Q3R01026,SUNDARAM-CLAYTON LIMITED,"BSE, NSE",SUNCLAY,SUNCLAY,SUNDARAM-CLAYTON LIMITED investor relations
INE0Q6901013,Vrundavan Plantation Limited,BSE,VPL,,Vrundavan Plantation Limited investor relations
INE0Q6L01014,Brisk Technovision Limited,BSE,BRISK,,Brisk Technovision Limited investor relations
INE0Q8P01029,Bondada Engineering Limited,BSE,BONDADA,,Bondada Engineering Limited investor relations
INE0Q9301021,International Gemmological Ins,"BSE, NSE",IGIL,IGIL,International Gemmological Ins investor relations
INE0QA901010,RAPID MULTIMODAL LOGISTICS LIM,BSE,RAPID,,RAPID MULTIMODAL LOGISTICS LIM investor relations
INE0QFT01015,AIK Pipes and Polymers Limited,BSE,AIKPIPES,,AIK Pipes and Polymers Limited investor relations
INE0QI101019,Mish Designs Limited,BSE,MISHDESIGN,,Mish Designs Limited investor relations
INE0QMR01015,Clinitech Laboratory Limited,BSE,CTLLAB,,Clinitech Laboratory Limited investor relations
INE0QMV01017,BHARATROHAN AIRBORNE INNOVATIO,BSE,BHARATROHAN,,BHARATROHAN AIRBORNE INNOVATIO investor relations
INE0QN801017,KRYSTAL INTEGRATED SERVICES LI,"BSE, NSE",KRYSTAL,KRYSTAL,KRYSTAL INTEGRATED SERVICES LI investor relations
INE0QOQ01013,Finelistings Technologies Limi,BSE,FTL,,Finelistings Technologies Limi investor relations
INE0QPI01025,Sudeep Pharma Limited,"BSE, NSE",SUDEEPPHRM,SUDEEPPHRM,Sudeep Pharma Limited investor relations
INE0QQG01019,Royal Sense Limited,BSE,ROYAL,,Royal Sense Limited investor relations
INE0QQJ01021,PARMESHWAR METAL LIMITED,BSE,PARMESHWAR,,PARMESHWAR METAL LIMITED investor relations
INE0QRL01017,ARKADE DEVELOPERS LIMITED,"BSE, NSE",ARKADE,ARKADE,ARKADE DEVELOPERS LIMITED investor relations
INE0QSK01017,Siyaram Recycling Industries L,BSE,SIYARAM,,Siyaram Recycling Industries L investor relations
INE0QTF01015,VIBHOR STEEL TUBES LIMITED,"BSE, NSE",VSTL,VSTL,VIBHOR STEEL TUBES LIMITED investor relations
INE0QU501030,SODHANI CAPITAL LIMITED,BSE,SODHACAP,,SODHANI CAPITAL LIMITED investor relations
INE0QUL01011,Nexxus Petro Industries Limite,BSE,NEXXUS,,Nexxus Petro Industries Limite investor relations
INE0QUV01010,SATTRIX INFORMATION SECURITY L,BSE,SATTRIX,,SATTRIX INFORMATION SECURITY L investor relations
INE0QVH01025,KP GREEN ENGINEERING LIMITED,BSE,KPGEL,,KP GREEN ENGINEERING LIMITED investor relations
INE0QXT01018,Dolphin Kitchen Utensils and A,BSE,DKUAL,,Dolphin Kitchen Utensils and A investor relations
INE0QXV01014,JASCH GAUGING TECHNOLOGIES LIM,BSE,JGTL,,JASCH GAUGING TECHNOLOGIES LIM investor relations
INE0QZF01012,Gabriel Pet Straps Limited,BSE,GPSL,,Gabriel Pet Straps Limited investor relations
INE0QZQ01019,SHANTI SPINTEX LIMITED,BSE,SHANTIDENM,,SHANTI SPINTEX LIMITED investor relations
INE0QZR01017,Methodhub Software Limited,BSE,METHODHUB,,Methodhub Software Limited investor relations
INE0R4L01018,Denta Water and Infra Solution,"BSE, NSE",DENTA,DENTA,Denta Water and Infra Solution investor relations
INE0R6801013,VARYAA CREATIONS LIMITED,BSE,VARYAA,,VARYAA CREATIONS LIMITED investor relations
INE0R6Z01013,SRM CONTRACTORS LIMITED,"BSE, NSE",SRM,SRM,SRM CONTRACTORS LIMITED investor relations
INE0R7D01018,3C IT Solutions and Telecoms (,BSE,3CIT,,3C IT Solutions and Telecoms ( investor relations
INE0R8101016,COVANCE SOFTSOL LIMITED,BSE,COVANCE,,COVANCE SOFTSOL LIMITED investor relations
INE0R8B01010,PATEL RETAIL LIMITED,"BSE, NSE",PATELRMART,PATELRMART,PATEL RETAIL LIMITED investor relations
INE0R8Q01018,OM METALLOGIC LIMITED,BSE,OML,,OM METALLOGIC LIMITED investor relations
INE0RB801010,SENORES PHARMACEUTICALS LIMITE,"BSE, NSE",SENORES,SENORES,SENORES PHARMACEUTICALS LIMITE investor relations
INE0RDM01013,DEEPAK CHEMTEX LIMITED,BSE,DEEPAKCHEM,,DEEPAK CHEMTEX LIMITED investor relations
INE0RE001014,Gala Precision Engineering Lim,"BSE, NSE",GALAPREC,GALAPREC,Gala Precision Engineering Lim investor relations
INE0RGM01016,Storage Technologies and Autom,BSE,STAL,,Storage Technologies and Autom investor relations
INE0RH001011,LEO DRYFRUITS & SPICES TRADING,BSE,VANDU,,LEO DRYFRUITS & SPICES TRADING investor relations
INE0RIQ01013,Associated Coaters Limited,BSE,ASSOCIATED,,Associated Coaters Limited investor relations
INE0RJ901010,SRIGEE DLM LIMITED,BSE,SRIGEE,,SRIGEE DLM LIMITED investor relations
INE0RNZ01014,Shri Balaji Valve Components L,BSE,SBVCL,,Shri Balaji Valve Components L investor relations
INE0RTI01017,OVAL PROJECTS ENGINEERING LIMI,BSE,OVAL,,OVAL PROJECTS ENGINEERING LIMI investor relations
INE0RUJ01013,GEM Enviro Management Limited,BSE,GEMENVIRO,,GEM Enviro Management Limited investor relations
INE0RUY01012,Astron Multigrain Limited,BSE,ASTRONMULT,,Astron Multigrain Limited investor relations
INE0RWQ01014,Tolins Tyres Limited,"BSE, NSE",TOLINS,TOLINS,Tolins Tyres Limited investor relations
INE0RWU01016,GB Logistics Commerce Limited,BSE,GBLOGISTIC,,GB Logistics Commerce Limited investor relations
INE0RXS01018,SHREENATH PAPER PRODUCTS LIMIT,BSE,SHREENATH,,SHREENATH PAPER PRODUCTS LIMIT investor relations
INE0RYC01010,Stallion India Fluorochemicals,"BSE, NSE",STALLION,STALLION,Stallion India Fluorochemicals investor relations
INE0S0701019,Greenhitech Ventures Limited,BSE,GVL,,Greenhitech Ventures Limited investor relations
INE0S1B01014,Narmadesh Brass Industries Lim,BSE,NARMADESH,,Narmadesh Brass Industries Lim investor relations
INE0S2G01011,SHREE TIRUPATI BALAJEE AGRO TR,"BSE, NSE",BALAJEE,BALAJEE,SHREE TIRUPATI BALAJEE AGRO TR investor relations
INE0S2V01010,VRAJ IRON AND STEEL LIMITED,"BSE, NSE",VRAJ,VRAJ,VRAJ IRON AND STEEL LIMITED investor relations
INE0S3G01027,Pace Digitek Limited,"BSE, NSE",PACEDIGITK,PACEDIGITK,Pace Digitek Limited investor relations
INE0S4R01014,CRIZAC LIMITED,"BSE, NSE",CRIZAC,CRIZAC,CRIZAC LIMITED investor relations
INE0S5T01017,RUKMANI DEVI GARG AGRO IMPEX L,BSE,RDGAIL,,RUKMANI DEVI GARG AGRO IMPEX L investor relations
INE0S6R01027,DINDIGUL FARM PRODUCT LIMITED,BSE,DFPL,,DINDIGUL FARM PRODUCT LIMITED investor relations
INE0S9X01011,Ace Alpha Tech Limited,BSE,ACEALPHA,,Ace Alpha Tech Limited investor relations
INE0SDC01012,EMMFORCE AUTOTECH LIMITED,BSE,EMMFORCE,,EMMFORCE AUTOTECH LIMITED investor relations
INE0SFA01011,SIHORA INDUSTRIES LIMITED,BSE,SIHORA,,SIHORA INDUSTRIES LIMITED investor relations
INE0SG001011,Travels & rentals Limited,BSE,TRAVELS,,Travels & rentals Limited investor relations
INE0SG020011,Travels & rentals Limited,BSE,TRAVELS-RE,,Travels & rentals Limited investor relations
INE0SGR01013,SHIVAM CHEMICALS LIMITED,BSE,SHIVAM,,SHIVAM CHEMICALS LIMITED investor relations
INE0SII01026,QUALITY POWER ELECTRICAL EQUIP,"BSE, NSE",QPOWER,QPOWER,QUALITY POWER ELECTRICAL EQUIP investor relations
INE0SIK01014,GUJARAT PEANUT AND AGRI PRODUC,BSE,GPAPL,,GUJARAT PEANUT AND AGRI PRODUC investor relations
INE0SJA01013,VMS TMT LIMITED,"BSE, NSE",VMSTMT,VMSTMT,VMS TMT LIMITED investor relations
INE0SJX01015,ASSTON PHARMACEUTICALS LIMITED,BSE,APL,,ASSTON PHARMACEUTICALS LIMITED investor relations
INE0SMU01015,TGIF AGRIBUSINESS LIMITED,BSE,TGIF,,TGIF AGRIBUSINESS LIMITED investor relations
INE0SMW01011,PARADEEP PARIVAHAN LIMITED,BSE,PPARIVAH,,PARADEEP PARIVAHAN LIMITED investor relations
INE0SPJ01011,Dhillon Freight Carrier Limite,BSE,DHILLON,,Dhillon Freight Carrier Limite investor relations
INE0SRP01014,TELGE PROJECTS LIMITED,BSE,TELGE,,TELGE PROJECTS LIMITED investor relations
INE0SUM01015,DSM Fresh Foods Limited,BSE,ZAPPFRESH,,DSM Fresh Foods Limited investor relations
INE0SVZ01015,Safecure Services Limited,BSE,SAFECURE,,Safecure Services Limited investor relations
INE0T1301023,KASTURI METAL COMPOSITE LIMITE,BSE,KASTURI,,KASTURI METAL COMPOSITE LIMITE investor relations
INE0T3401029,AELEA COMMODITIES LIMITED,BSE,ACLD,,AELEA COMMODITIES LIMITED investor relations
INE0TBQ01014,MARC LOIRE FASHIONS LIMITED,BSE,MARCLOIRE,,MARC LOIRE FASHIONS LIMITED investor relations
INE0TE101010,3B FILMS LIMITED,BSE,3BFILMS,,3B FILMS LIMITED investor relations
INE0TGG01014,Desco Infratech Limited,BSE,DESCO,,Desco Infratech Limited investor relations
INE0TGX01019,CHEMBOND CHEMICALS  LIMITED,"BSE, NSE",CHEMBONDCH,CHEMBONDCH,CHEMBOND CHEMICALS  LIMITED investor relations
INE0TI501017,PRARUH TECHNOLOGIES LIMITED,BSE,PRARUH,,PRARUH TECHNOLOGIES LIMITED investor relations
INE0TJ801010,L. T. ELEVATOR LIMITED,BSE,LTELEVATOR,,L. T. ELEVATOR LIMITED investor relations
INE0TL001013,CRYOGENIC OGS LIMITED,BSE,CRYOGENIC,,CRYOGENIC OGS LIMITED investor relations
INE0TO701015,MAMATA MACHINERY LIMITED,"BSE, NSE",MAMATA,MAMATA,MAMATA MACHINERY LIMITED investor relations
INE0TQE01026,Glottis Limited,"BSE, NSE",GLOTTIS,GLOTTIS,Glottis Limited investor relations
INE0TT901016,Forbes Precision Tools and Mac,BSE,TOTEM,,Forbes Precision Tools and Mac investor relations
INE0TY101024,Solarworld Energy Solutions Li,"BSE, NSE",SOLARWORLD,SOLARWORLD,Solarworld Energy Solutions Li investor relations
INE0U2L01017,Amwill Health Care Limited,BSE,AMWILL,,Amwill Health Care Limited investor relations
INE0U3I01011,Unimech Aerospace and Manufact,"BSE, NSE",UNIMECH,UNIMECH,Unimech Aerospace and Manufact investor relations
INE0U4101014,Bluspring Enterprises Limited,"BSE, NSE",BLUSPRING,BLUSPRING,Bluspring Enterprises Limited investor relations
INE0U4701011,Digitide Solutions Limited,"BSE, NSE",DIGITIDE,DIGITIDE,Digitide Solutions Limited investor relations
INE0U6201010,SUBAM PAPERS LIMITED,BSE,SUBAM,,SUBAM PAPERS LIMITED investor relations
INE0U8P01015,GRE Renew Enertech Limited,BSE,GRERENEW,,GRE Renew Enertech Limited investor relations
INE0U9D01019,MAHAMAYA LIFESCIENCES LIMITED,BSE,MAHALIFE,,MAHAMAYA LIFESCIENCES LIMITED investor relations
INE0UCL01011,SHAYONA ENGINEERING LIMITED,BSE,SHAYONAENG,,SHAYONA ENGINEERING LIMITED investor relations
INE0UH001016,Mother Nutri Foods Limited,BSE,MNFL,,Mother Nutri Foods Limited investor relations
INE0UIZ01018,BlackBuck Limited,"BSE, NSE",BLACKBUCK,BLACKBUCK,BlackBuck Limited investor relations
INE0UJF01018,SHARVAYA METALS LIMITED,BSE,SHARVAYA,,SHARVAYA METALS LIMITED investor relations
INE0UK501010,THREE M PAPER BOARDS LIMITED,BSE,THREEMPAPE,,THREE M PAPER BOARDS LIMITED investor relations
INE0UMC01019,Glen Industries Limited,BSE,GLEN,,Glen Industries Limited investor relations
INE0UOS01011,Sanofi Consumer Healthcare Ind,"BSE, NSE",SANOFICONR,SANOFICONR,Sanofi Consumer Healthcare Ind investor relations
INE0URU01010,Globale Tessile Limited,"BSE, NSE",GLOBALE,GLOBALE,Globale Tessile Limited investor relations
INE0US801024,Mahalaxmi Fabric Mills Limited,"BSE, NSE",MFML,MFML,Mahalaxmi Fabric Mills Limited investor relations
INE0UYT01018,MACH CONFERENCES AND EVENTS LI,BSE,MCEL,,MACH CONFERENCES AND EVENTS LI investor relations
INE0UZO01024,Neetu Yoshi Limited,BSE,NEETUYOSHI,,Neetu Yoshi Limited investor relations
INE0V0L01028,Monarch Surveyors and Engineer,BSE,MSECL,,Monarch Surveyors and Engineer investor relations
INE0V0W01025,GUJARAT KIDNEY AND SUPER SPECI,"BSE, NSE",GKSL,GKSL,GUJARAT KIDNEY AND SUPER SPECI investor relations
INE0V3U01015,GLOBE CIVIL PROJECTS LIMITED,"BSE, NSE",GLOBECIVIL,GLOBECIVIL,GLOBE CIVIL PROJECTS LIMITED investor relations
INE0V6F01027,HYUNDAI MOTOR INDIA LIMITED,"BSE, NSE",HYUNDAI,HYUNDAI,HYUNDAI MOTOR INDIA LIMITED investor relations
INE0V7W01012,CARRARO INDIA LIMITED,"BSE, NSE",CARRARO,CARRARO,CARRARO INDIA LIMITED investor relations
INE0V8A01016,Karbonsteel Engineering Limite,BSE,KARBON,,Karbonsteel Engineering Limite investor relations
INE0V9Q01010,Sri Lotus Developers and Realt,"BSE, NSE",LOTUSDEV,LOTUSDEV,Sri Lotus Developers and Realt investor relations
INE0VDK01019,PURPLE WAVE INFOCOM LIMITED,BSE,PURPLEWAVE,,PURPLE WAVE INFOCOM LIMITED investor relations
INE0VDM01015,Meesho Limited,"BSE, NSE",MEESHO,MEESHO,Meesho Limited investor relations
INE0VN801010,RAJESH POWER SERVICES LIMITED,BSE,RAJESH,,RAJESH POWER SERVICES LIMITED investor relations
INE0VNH01014,NAPS Global India Limited,BSE,NAPSGLOBAL,,NAPS Global India Limited investor relations
INE0VOV01021,Dev Accelerator Limited,"BSE, NSE",DEVX,DEVX,Dev Accelerator Limited investor relations
INE0VWL01017,Chemkart India Limited,BSE,CHEMKART,,Chemkart India Limited investor relations
INE0W0H01017,SOLARIUM GREEN ENERGY LIMITED,BSE,SOLARIUM,,SOLARIUM GREEN ENERGY LIMITED investor relations
INE0W1601012,ADCOUNTY MEDIA INDIA LIMITED,BSE,ADCOUNTY,,ADCOUNTY MEDIA INDIA LIMITED investor relations
INE0W2G01015,Sagility Limited,"BSE, NSE",SAGILITY,SAGILITY,Sagility Limited investor relations
INE0W4D01018,Ravelcare Limited,BSE,RAVEL,,Ravelcare Limited investor relations
INE0W4K01013,BLT Logistics Limited,BSE,BLT,,BLT Logistics Limited investor relations
INE0W5Q01017,Justo Realfintech Limited,BSE,JUSTO,,Justo Realfintech Limited investor relations
INE0WCH01015,JUNGLE CAMPS INDIA LIMITED,BSE,JUNGLECAMP,,JUNGLE CAMPS INDIA LIMITED investor relations
INE0WDX01010,CLN ENERGY LIMITED,BSE,CLN,,CLN ENERGY LIMITED investor relations
INE0WKY01013,INDO SMC Limited,BSE,INDOSMC,,INDO SMC Limited investor relations
INE0WO601020,Laxmi Dental Limited,"BSE, NSE",LAXMIDENTL,LAXMIDENTL,Laxmi Dental Limited investor relations
INE0WXM01011,CAPITALNUMBERS INFOTECH  LIMIT,BSE,CNINFOTECH,,CAPITALNUMBERS INFOTECH  LIMIT investor relations
INE0X4A01013,APOLLO TECHNO INDUSTRIES LIMIT,BSE,ATIL,,APOLLO TECHNO INDUSTRIES LIMIT investor relations
INE0XAD01024,Midwest Limited,"BSE, NSE",MIDWESTLTD,MIDWESTLTD,Midwest Limited investor relations
INE0XAY01012,TOSS THE COIN LIMITED,BSE,TTC,,TOSS THE COIN LIMITED investor relations
INE0XBS01012,AIRFLOA RAIL TECHNOLOGY LIMITE,BSE,AIRFLOA,,AIRFLOA RAIL TECHNOLOGY LIMITE investor relations
INE0XCV01014,Aten Papers & Foam Limited,BSE,ATENPAPERS,,Aten Papers & Foam Limited investor relations
INE0XLO01010,ADMACH SYSTEMS LIMITED,BSE,ADMACH,,ADMACH SYSTEMS LIMITED investor relations
INE0XRR01010,AJC Jewel Manufacturers Limite,BSE,AJCJEWEL,,AJC Jewel Manufacturers Limite investor relations
INE0XX801016,SUGS LLOYD LIMITED,BSE,SUGSLLOYD,,SUGS LLOYD LIMITED investor relations
INE0XZB01017,Krupalu Metals Limited,BSE,KRUPALU,,Krupalu Metals Limited investor relations
INE0Y0E01012,Icon Facilitators Limited,BSE,ICON,,Icon Facilitators Limited investor relations
INE0Y8W01017,ANLON HEALTHCARE LIMITED,"BSE, NSE",AHCL,AHCL,ANLON HEALTHCARE LIMITED investor relations
INE0YD401026,Jain Resource Recycling Limite,"BSE, NSE",JAINREC,JAINREC,Jain Resource Recycling Limite investor relations
INE0YG001013,STAR IMAGING AND PATH LAB LIMI,BSE,STARIMAGIN,,STAR IMAGING AND PATH LAB LIMI investor relations
INE0YJA01011,NANTA TECH LIMITED,BSE,NANTA,,NANTA TECH LIMITED investor relations
INE0YON01014,MALPANI PIPES AND FITTINGS LIM,BSE,MALPANI,,MALPANI PIPES AND FITTINGS LIM investor relations
INE0YRO01015,SHIV TEXCHEM LIMITED,BSE,SHIVTEXCHEM,,SHIV TEXCHEM LIMITED investor relations
INE0Z4F01028,Atlanta Electricals Limited,"BSE, NSE",ATLANTAELE,ATLANTAELE,Atlanta Electricals Limited investor relations
INE0Z8Z23013,Capital Infra Trust,BSE,CAPINVIT,,Capital Infra Trust investor relations
INE0ZDY01011,Abram Food Limited,BSE,ABRFL,,Abram Food Limited investor relations
INE0ZE201010,Defrail Technologies Limited,BSE,DEFRAIL,,Defrail Technologies Limited investor relations
INE0ZN101029,Rachit Prints Limited,BSE,RACHIT,,Rachit Prints Limited investor relations
INE0ZOM01013,GOEL CONSTRUCTION COMPANY LIMI,BSE,GOELCONS,,GOEL CONSTRUCTION COMPANY LIMI investor relations
INE100A01010,ATUL LTD.,"BSE, NSE",ATUL,ATUL,ATUL LTD. investor relations
INE100C01024,Meyer Apparel Limited,BSE,MAL,,Meyer Apparel Limited investor relations
INE100D01014,W.S.INDUSTRIES (INDIA) LTD.,"BSE, NSE",WSI,WSI,W.S.INDUSTRIES (INDIA) LTD. investor relations
INE100E01012,PRASHANT INDIA LTD.,BSE,PRSNTIN,,PRASHANT INDIA LTD. investor relations
INE101A01026,MAHINDRA & MAHINDRA LTD.,"BSE, NSE",M&M,M&M,MAHINDRA & MAHINDRA LTD. investor relations
INE101D01020,GRANULES INDIA LTD.,"BSE, NSE",GRANULES,GRANULES,GRANULES INDIA LTD. investor relations
INE101E01010,REGAL ENTERTAINMENT & CONSULTA,BSE,REGAL,,REGAL ENTERTAINMENT & CONSULTA investor relations
INE101H01013,SHREE HANUMAN SUGAR & INDUSTRI,BSE,HANSUGAR,,SHREE HANUMAN SUGAR & INDUSTRI investor relations
INE101I01011,Afcons Infrastructure Limited,"BSE, NSE",AFCONS,AFCONS,Afcons Infrastructure Limited investor relations
INE102A01024,HLV LIMITED,"BSE, NSE",HLVLTD,HLVLTD,HLV LIMITED investor relations
INE102B01014,CHOICE INTERNATIONAL LTD.,"BSE, NSE",CHOICEIN,CHOICEIN,CHOICE INTERNATIONAL LTD. investor relations
INE102C01020,KISAAN PARIVAR INDUSTRIES LIMI,BSE,KISAAN,,KISAAN PARIVAR INDUSTRIES LIMI investor relations
INE102D01028,GODREJ CONSUMER PRODUCTS LTD.,"BSE, NSE",GODREJCP,GODREJCP,GODREJ CONSUMER PRODUCTS LTD. investor relations
INE102E01018,OXYGENTA PHARMACEUTICAL LIMITE,BSE,OXYGENTAPH,,OXYGENTA PHARMACEUTICAL LIMITE investor relations
INE102F01015,SP CAPITAL FINANCING LTD.,BSE,SPCAPIT,,SP CAPITAL FINANCING LTD. investor relations
INE102I01027,ALLIED DIGITAL SERVICES LTD.,"BSE, NSE",ADSL,ADSL,ALLIED DIGITAL SERVICES LTD. investor relations
INE103A01014,MANGALORE REFINERY & PETROCHEM,"BSE, NSE",MRPL,MRPL,MANGALORE REFINERY & PETROCHEM investor relations
INE103C01036,SMC Global Securities Limited,"BSE, NSE",SMCGLOBAL,SMCGLOBAL,SMC Global Securities Limited investor relations
INE103E01016,SAMRAT PHARMACHEM LTD.,BSE,SAMRATPH,,SAMRAT PHARMACHEM LTD. investor relations
INE103V01028,TRAVEL FOOD SERVICES LIMITED,"BSE, NSE",TRAVELFOOD,TRAVELFOOD,TRAVEL FOOD SERVICES LIMITED investor relations
INE104201012,AUSTERE SYSTEMS LIMITED,BSE,AUSTERE,,AUSTERE SYSTEMS LIMITED investor relations
INE104A01012,KG DENIM LTD.,BSE,KGDENIM,,KG DENIM LTD. investor relations
INE104E01014,SAVERA INDUSTRIES LTD.,BSE,SAVERA,,SAVERA INDUSTRIES LTD. investor relations
INE104F01029,Bodhtree Consulting Limited,BSE,BODHTREE,,Bodhtree Consulting Limited investor relations
INE104S01022,SHARANAM INFRAPROJECT AND TRAD,BSE,SIPTL,,SHARANAM INFRAPROJECT AND TRAD investor relations
INE105A01035,TVS Holdings Limited,"BSE, NSE",TVSHLTD,TVSHLTD,TVS Holdings Limited investor relations
INE105C01023,3P LAND HOLDINGS LTD.,"BSE, NSE",3PLAND,3PLAND,3P LAND HOLDINGS LTD. investor relations
INE105D01013,COCHIN MINERALS & RUTILE LTD.,BSE,COCHINM,,COCHIN MINERALS & RUTILE LTD. investor relations
INE105I01020,SEL MANUFACTURING COMPANY LTD.,"BSE, NSE",SELMC,SELMC,SEL MANUFACTURING COMPANY LTD. investor relations
INE105J01010,RPG LIFE SCIENCES LTD.,"BSE, NSE",RPGLIFE,RPGLIFE,RPG LIFE SCIENCES LTD. investor relations
INE106C01013,ZENITH FIBRES LTD.,BSE,ZENIFIB,,ZENITH FIBRES LTD. investor relations
INE106G01014,BHAGWATI AUTOCAST LTD.,BSE,BGWTATO,,BHAGWATI AUTOCAST LTD. investor relations
INE106I01010,ANKIT METAL & POWER LTD.,"BSE, NSE",ANKITMETAL,ANKITMETAL,ANKIT METAL & POWER LTD. investor relations
INE106T01025,HI-TECH PIPES LIMITED,"BSE, NSE",HITECH,HITECH,HI-TECH PIPES LIMITED investor relations
INE107A01015,TAMIL NADU NEWSPRINT & PAPERS,"BSE, NSE",TNPL,TNPL,TAMIL NADU NEWSPRINT & PAPERS investor relations
INE107F01022,WANBURY LTD.,"BSE, NSE",WANBURY,WANBURY,WANBURY LTD. investor relations
INE108C01019,DAULAT SECURITIES LTD.,BSE,DAULAT,,DAULAT SECURITIES LTD. investor relations
INE108E01023,SUNDARAM MULTI PAP LTD.,"BSE, NSE",SUNDARAM,SUNDARAM,SUNDARAM MULTI PAP LTD. investor relations
INE108G01010,CUPID BREWERIES AND DISTILLERI,BSE,CUPIDALBV,,CUPID BREWERIES AND DISTILLERI investor relations
INE108T01013,F MEC INTERNATIONAL FINANCIAL,BSE,FMEC,,F MEC INTERNATIONAL FINANCIAL investor relations
INE108V01019,Awfis Space Solutions Limited,"BSE, NSE",AWFIS,AWFIS,Awfis Space Solutions Limited investor relations
INE109A01011,SHIPPING CORPORATION OF INDIA,"BSE, NSE",SCI,SCI,SHIPPING CORPORATION OF INDIA investor relations
INE109B01019,BOSTON BIO SYSTEMS LTD.,BSE,BOSTONBIO,,BOSTON BIO SYSTEMS LTD. investor relations
INE109C01017,ARMAN FINANCIAL SERVICES LTD.,"BSE, NSE",ARMANFIN,ARMANFIN,ARMAN FINANCIAL SERVICES LTD. investor relations
INE10CM01027,Sunsky Logistics Limited,BSE,SUNSKY,,Sunsky Logistics Limited investor relations
INE10XK01019,PRODOCS SOLUTIONS LIMITED,BSE,PRODOCS,,PRODOCS SOLUTIONS LIMITED investor relations
INE10XS01012,SAMPAT ALUMINIUM LIMITED,BSE,SAMPAT,,SAMPAT ALUMINIUM LIMITED investor relations
INE10XX01012,SPINAROO COMMERCIAL LIMITED,BSE,SPINAROO,,SPINAROO COMMERCIAL LIMITED investor relations
INE110A01019,BPL LTD.,"BSE, NSE",BPL,BPL,BPL LTD. investor relations
INE110B01017,MINDTECK (INDIA) LTD.,"BSE, NSE",MINDTECK,MINDTECK,MINDTECK (INDIA) LTD. investor relations
INE110Q01023,S&T CORPORATION LTD.,BSE,STCORP,,S&T CORPORATION LTD. investor relations
INE111601014,ICODEX PUBLISHING SOLUTIONS LI,BSE,ICODEX,,ICODEX PUBLISHING SOLUTIONS LI investor relations
INE111A01025,CONTAINER CORPORATION OF INDIA,"BSE, NSE",CONCOR,CONCOR,CONTAINER CORPORATION OF INDIA investor relations
INE111B01023,63 Moons Technologies Limited,"BSE, NSE",63MOONS,63MOONS,63 Moons Technologies Limited investor relations
INE111F01024,PAUSHAK LTD.,"BSE, NSE",PAUSHAKLTD,PAUSHAKLTD,PAUSHAK LTD. investor relations
INE111Q01021,PDS LIMITED,"BSE, NSE",PDSL,PDSL,PDS LIMITED investor relations
INE112B01013,OMEGA AG-SEEDS (PUNJAB) LTD.,BSE,OMEAG,,OMEGA AG-SEEDS (PUNJAB) LTD. investor relations
INE112C01011,AGIO PAPER & INDUSTRIES LTD.,BSE,AGIOPAPER,,AGIO PAPER & INDUSTRIES LTD. investor relations
INE112D01035,MAHALAXMI RUBTECH LTD.,"BSE, NSE",MHLXMIRU,MHLXMIRU,MAHALAXMI RUBTECH LTD. investor relations
INE112F01022,LAMBODHARA TEXTILES LTD.,"BSE, NSE",LAMBODHARA,LAMBODHARA,LAMBODHARA TEXTILES LTD. investor relations
INE112L01020,Metropolis Healthcare Limited,"BSE, NSE",METROPOLIS,METROPOLIS,Metropolis Healthcare Limited investor relations
INE112X01025,Sikko Industries Limited,NSE,,SIKKO,Sikko Industries Limited investor relations
INE113A01013,GUJARAT NARMADA VALLEY FERTILI,"BSE, NSE",GNFC,GNFC,GUJARAT NARMADA VALLEY FERTILI investor relations
INE113B01029,OMEGA INTERACTIVE TECHNOLOGIES,BSE,OMEGAIN,,OMEGA INTERACTIVE TECHNOLOGIES investor relations
INE113E01015,UNIVERSAL STARCH-CHEM ALLIED L,BSE,UNIVSTAR,,UNIVERSAL STARCH-CHEM ALLIED L investor relations
INE114A01011,STEEL AUTHORITY OF INDIA LTD.,"BSE, NSE",SAIL,SAIL,STEEL AUTHORITY OF INDIA LTD. investor relations
INE114D01015,OXFORD INDUSTRIES LTD.,BSE,OXFORDIN,,OXFORD INDUSTRIES LTD. investor relations
INE114E01013,Chrome Silicon Limited,BSE,CHROME,,Chrome Silicon Limited investor relations
INE114O01020,WORTH INVESTMENT & TRADING CO,BSE,WORTH,,WORTH INVESTMENT & TRADING CO investor relations
INE115A01026,LIC HOUSING FINANCE LTD.,"BSE, NSE",LICHSGFIN,LICHSGFIN,LIC HOUSING FINANCE LTD. investor relations
INE115C01014,VARDHMAN CONCRETE LIMITED,BSE,VARDHMAN,,VARDHMAN CONCRETE LIMITED investor relations
INE115F01017,SHREYAS INTERMEDIATES LTD.,BSE,SHREYASI,,SHREYAS INTERMEDIATES LTD. investor relations
INE115G01015,TIRUPATI FOAM LIMITED,BSE,TIRUFOAM,,TIRUPATI FOAM LIMITED investor relations
INE115Q01022,INVENTURUS KNOWLEDGE SOLUTIONS,"BSE, NSE",IKS,IKS,INVENTURUS KNOWLEDGE SOLUTIONS investor relations
INE115S01010,Halder Venture Limited,"BSE, NSE",HALDER,HALDER,Halder Venture Limited investor relations
INE116A01032,APCOTEX INDUSTRIES LTD.,"BSE, NSE",APCOTEXIND,APCOTEXIND,APCOTEX INDUSTRIES LTD. investor relations
INE116C01012,Z.F.STEERING GEAR (INDIA) LTD.,BSE,ZFSTEERING,,Z.F.STEERING GEAR (INDIA) LTD. investor relations
INE116D01028,B.A.G.FILMS & MEDIA LTD.,"BSE, NSE",BAGFILMS,BAGFILMS,B.A.G.FILMS & MEDIA LTD. investor relations
INE116G01013,Vardhman Acrylics Limited,NSE,,VARDHACRLC,Vardhman Acrylics Limited investor relations
INE117A01022,ABB INDIA LIMITED,"BSE, NSE",ABB,ABB,ABB INDIA LIMITED investor relations
INE117B01020,CURA TECHNOLOGIES LTD.,"BSE, NSE",CURAA,CURAA,CURA TECHNOLOGIES LTD. investor relations
INE117C01010,CITYMAN LTD.,BSE,CITYMAN,,CITYMAN LTD. investor relations
INE117D01018,PHARMAIDS PHARMACEUTICALS LTD.,BSE,PHARMAID,,PHARMAIDS PHARMACEUTICALS LTD. investor relations
INE117F01013,VJTF EDUSERVICES LTD.,BSE,VJTFEDU,,VJTF EDUSERVICES LTD. investor relations
INE117H01019,SIR SHADI LAL ENTERPRISES LTD.,BSE,SSLEL,,SIR SHADI LAL ENTERPRISES LTD. investor relations
INE117K01013,RR METALMAKERS INDIA LIMITED,BSE,RRMETAL,,RR METALMAKERS INDIA LIMITED investor relations
INE117Z01011,Narmada Agrobase Limited,"BSE, NSE",NARMADA,NARMADA,Narmada Agrobase Limited investor relations
INE118A01012,BAJAJ HOLDINGS & INVESTMENT LT,"BSE, NSE",BAJAJHLDNG,BAJAJHLDNG,BAJAJ HOLDINGS & INVESTMENT LT investor relations
INE118C01018,DYNAMIC PORTFOLIO MANAGEMENT &,BSE,DYNAMICP,,DYNAMIC PORTFOLIO MANAGEMENT & investor relations
INE118D01016,Nuvoco Vistas Corporation Limi,"BSE, NSE",NUVOCO,NUVOCO,Nuvoco Vistas Corporation Limi investor relations
INE118H01025,BSE Limited,NSE,,BSE,BSE Limited investor relations
INE118R01032,SHANGAR DECOR LIMITED,BSE,SHANGAR,,SHANGAR DECOR LIMITED investor relations
INE119201023,PARK MEDI WORLD LIMITED,"BSE, NSE",PARKHOSPS,PARKHOSPS,PARK MEDI WORLD LIMITED investor relations
INE119A01028,BALRAMPUR CHINI MILLS LTD.,"BSE, NSE",BALRAMCHIN,BALRAMCHIN,BALRAMPUR CHINI MILLS LTD. investor relations
INE119B01018,SVAM SOFTWARE LTD.,BSE,SVAMSOF,,SVAM SOFTWARE LTD. investor relations
INE119R01014,Balgopal Commercial limited,BSE,BALGOPAL,,Balgopal Commercial limited investor relations
INE120A01034,CARBORUNDUM UNIVERSAL LTD.,"BSE, NSE",CARBORUNIV,CARBORUNIV,CARBORUNDUM UNIVERSAL LTD. investor relations
INE120D01012,Hitech Corporation Limited,"BSE, NSE",HITECHCORP,HITECHCORP,Hitech Corporation Limited investor relations
INE121A01024,CHOLAMANDALAM INVESTMENT AND F,"BSE, NSE",CHOLAFIN,CHOLAFIN,CHOLAMANDALAM INVESTMENT AND F investor relations
INE121B01014,WALLFORT FINANCIAL SERVICES LT,BSE,WALLFORT,,WALLFORT FINANCIAL SERVICES LT investor relations
INE121D01036,SYSCHEM (INDIA) LTD.,BSE,SYSCHEM,,SYSCHEM (INDIA) LTD. investor relations
INE121E01018,JSW ENERGY LTD,"BSE, NSE",JSWENERGY,JSWENERGY,JSW ENERGY LTD investor relations
INE121J01017,INDUS TOWERS LIMITED,"BSE, NSE",INDUSTOWER,INDUSTOWER,INDUS TOWERS LIMITED investor relations
INE121N01019,Thejo Engineering Limited,NSE,,THEJO,Thejo Engineering Limited investor relations
INE121R01077,Amagi Media Labs Limited,"BSE, NSE",AMAGI,AMAGI,Amagi Media Labs Limited investor relations
INE122D01026,ADITYA SPINNERS LTD.,BSE,ADITYASP,,ADITYA SPINNERS LTD. investor relations
INE122M01019,ESSAR SHIPPING LTD.,"BSE, NSE",ESSARSHPNG,ESSARSHPNG,ESSAR SHIPPING LTD. investor relations
INE123B01028,NAGREEKA EXPORTS LTD.,"BSE, NSE",NAGREEKEXP,NAGREEKEXP,NAGREEKA EXPORTS LTD. investor relations
INE123C01018,TAINWALA CHEMICALS & PLASTICS,"BSE, NSE",TAINWALCHM,TAINWALCHM,TAINWALA CHEMICALS & PLASTICS investor relations
INE123D01024,ALLIANCE INTEGRATED METALIKS L,BSE,AIML,,ALLIANCE INTEGRATED METALIKS L investor relations
INE123E01014,INFORMED TECHNOLOGIES INDIA LT,BSE,INFORTEC,,INFORMED TECHNOLOGIES INDIA LT investor relations
INE123F01029,MMTC LTD.,"BSE, NSE",MMTC,MMTC,MMTC LTD. investor relations
INE123M01017,RDB RASAYANS LTD.,BSE,RDBRL,,RDB RASAYANS LTD. investor relations
INE123W01016,SBI Life Insurance Company Lim,"BSE, NSE",SBILIFE,SBILIFE,SBI Life Insurance Company Lim investor relations
INE124B01018,COSMO FERRITES LTD.,BSE,COSMOFE,,COSMO FERRITES LTD. investor relations
INE124E01038,STEELCAST LTD.,"BSE, NSE",STEELCAS,STEELCAS,STEELCAST LTD. investor relations
INE124G01033,DELTA CORP LTD.,"BSE, NSE",DELTACORP,DELTACORP,DELTA CORP LTD. investor relations
INE124Y01010,Pashupati Cotspin Limited,"BSE, NSE",PASHUPATI,PASHUPATI,Pashupati Cotspin Limited investor relations
INE125D01011,ABC INDIA LTD.,BSE,ABCINDQ,,ABC INDIA LTD. investor relations
INE125F01032,ONESOURCE INDUSTRIES AND VENTU,BSE,OIVL,,ONESOURCE INDUSTRIES AND VENTU investor relations
INE125G01014,Edvenswa Enterprises Limited,BSE,EDVENSWA,,Edvenswa Enterprises Limited investor relations
INE126A01031,E.I.D.-PARRY (INDIA) LTD.,"BSE, NSE",EIDPARRY,EIDPARRY,E.I.D.-PARRY (INDIA) LTD. investor relations
INE126J01016,APOLLO PIPES LIMITED,"BSE, NSE",APOLLOPIPE,APOLLOPIPE,APOLLO PIPES LIMITED investor relations
INE126M01010,Indiabulls Limited,"BSE, NSE",IBULLSLTD,IBULLSLTD,Indiabulls Limited investor relations
INE127B01011,The Hi-Tech Gears Ltd,"BSE, NSE",HITECHGEAR,HITECHGEAR,The Hi-Tech Gears Ltd investor relations
INE127D01025,HDFC Asset Management Company,"BSE, NSE",HDFCAMC,HDFCAMC,HDFC Asset Management Company investor relations
INE127I01024,Goodluck India Limited,"BSE, NSE",GOODLUCK,GOODLUCK,Goodluck India Limited investor relations
INE127T01021,K.P. Energy Limited,"BSE, NSE",KPEL,KPEL,K.P. Energy Limited investor relations
INE128A01029,EVEREADY INDUSTRIES INDIA LTD.,"BSE, NSE",EVEREADY,EVEREADY,EVEREADY INDUSTRIES INDIA LTD. investor relations
INE128R01023,KRETTO SYSCON LIMITED,BSE,KRETTOSYS,,KRETTO SYSCON LIMITED investor relations
INE128S01021,Five-Star Business Finance Ltd,"BSE, NSE",FIVESTAR,FIVESTAR,Five-Star Business Finance Ltd investor relations
INE128X01021,Archean Chemical Industries Li,"BSE, NSE",ACI,ACI,Archean Chemical Industries Li investor relations
INE129A01019,GAIL (INDIA) LTD.,"BSE, NSE",GAIL,GAIL,GAIL (INDIA) LTD. investor relations
INE129Z01016,Sintercom India Limited,NSE,,SINTERCOM,Sintercom India Limited investor relations
INE12NJ01018,SAMBHV STEEL TUBES LIMITED,"BSE, NSE",SAMBHV,SAMBHV,SAMBHV STEEL TUBES LIMITED investor relations
INE12P101018,Chiraharit Limited,BSE,CHIRAHARIT,,Chiraharit Limited investor relations
INE12P601017,Globtier Infotech limited,BSE,GLOBTIER,,Globtier Infotech limited investor relations
INE12QA01010,LANDMARK GLOBAL LEARNING LIMIT,BSE,LGLL,,LANDMARK GLOBAL LEARNING LIMIT investor relations
INE12UN01015,SHADOWFAX TECHNOLOGIES LIMITED,"BSE, NSE",SHADOWFAX,SHADOWFAX,SHADOWFAX TECHNOLOGIES LIMITED investor relations
INE12UR01024,Fujiyama Power Systems Limited,"BSE, NSE",UTLSOLAR,UTLSOLAR,Fujiyama Power Systems Limited investor relations
INE130701019,Valencia India Limited,BSE,VALINDIA,,Valencia India Limited investor relations
INE130B01031,SURANA TELECOM AND POWER LIMIT,"BSE, NSE",SURANAT&P,SURANAT&P,SURANA TELECOM AND POWER LIMIT investor relations
INE130F01016,KEY CORP LTD.,BSE,KEYCORP,,KEY CORP LTD. investor relations
INE130L01014,ENKEI WHEELS (INDIA) LTD.,BSE,ENKEIWHEL,,ENKEI WHEELS (INDIA) LTD. investor relations
INE131A01031,GUJARAT MINERAL DEVELOPMENT CO,"BSE, NSE",GMDCLTD,GMDCLTD,GUJARAT MINERAL DEVELOPMENT CO investor relations
INE131B01039,RELAXO FOOTWEARS LTD.,"BSE, NSE",RELAXO,RELAXO,RELAXO FOOTWEARS LTD. investor relations
INE131C01011,DISA INDIA LTD.,BSE,DISAQ,,DISA INDIA LTD. investor relations
INE131D01019,G.K.CONSULTANTS LTD.,BSE,GKCONS,,G.K.CONSULTANTS LTD. investor relations
INE131H01028,INDIANIVESH LTD.,BSE,INDIANVSH,,INDIANIVESH LTD. investor relations
INE132C01027,SURYALATA SPINNING MILLS LTD.,BSE,SURYALA,,SURYALATA SPINNING MILLS LTD. investor relations
INE132E01015,DECCAN POLYPACKS LTD.,BSE,DECPO,,DECCAN POLYPACKS LTD. investor relations
INE132F01038,NCL RESEARCH & FINANCIAL SERVI,BSE,NCLRESE,,NCL RESEARCH & FINANCIAL SERVI investor relations
INE132H01018,AURIONPRO SOLUTIONS LTD.,"BSE, NSE",AURIONPRO,AURIONPRO,AURIONPRO SOLUTIONS LTD. investor relations
INE133A01011,AKZO NOBEL INDIA LIMITED,"BSE, NSE",AKZOINDIA,AKZOINDIA,AKZO NOBEL INDIA LIMITED investor relations
INE133B01027,KESAR ENTERPRISES LTD.,BSE,KESARENT,,KESAR ENTERPRISES LTD. investor relations
INE133C01033,KESAR PETROPRODUCTS LTD.,BSE,KESARPE,,KESAR PETROPRODUCTS LTD. investor relations
INE133D01023,ARTSON LIMITED,BSE,ARTSON,,ARTSON LIMITED investor relations
INE133E01013,TILAKNAGAR INDUSTRIES LTD.,"BSE, NSE",TI,TI,TILAKNAGAR INDUSTRIES LTD. investor relations
INE133Y01011,IFGL Refractories Limited,"BSE, NSE",IFGLEXPOR,IFGLEXPOR,IFGL Refractories Limited investor relations
INE134B01017,KIRLOSKAR ELECTRIC COMPANY LTD,"BSE, NSE",KECL,KECL,KIRLOSKAR ELECTRIC COMPANY LTD investor relations
INE134E01011,POWER FINANCE CORPORATION LTD.,"BSE, NSE",PFC,PFC,POWER FINANCE CORPORATION LTD. investor relations
INE135C01012,SAHARA HOUSINGFINA CORPORATION,BSE,SAHARAHOUS,,SAHARA HOUSINGFINA CORPORATION investor relations
INE135H01029,TOMORROW TECHNOLOGIES GLOBAL I,BSE,TTGIL,,TOMORROW TECHNOLOGIES GLOBAL I investor relations
INE136B01020,CYIENT LIMITED,"BSE, NSE",CYIENT,CYIENT,CYIENT LIMITED investor relations
INE136C01044,HCP PLASTENE BULKPACK LIMITED,BSE,HPBL,,HCP PLASTENE BULKPACK LIMITED investor relations
INE136S01016,Neogen Chemicals Limited,"BSE, NSE",NEOGEN,NEOGEN,Neogen Chemicals Limited investor relations
INE137C01018,ALPHAGEO (INDIA) LTD.,"BSE, NSE",ALPHAGEO,ALPHAGEO,ALPHAGEO (INDIA) LTD. investor relations
INE137E01014,AMIT SECURITIES LTD.,BSE,AMITSEC,,AMIT SECURITIES LTD. investor relations
INE137I01015,GRP LTD.,"BSE, NSE",GRPLTD,GRPLTD,GRP LTD. investor relations
INE137M01017,SAB INDUSTRIES LIMITED,BSE,SAB,,SAB INDUSTRIES LIMITED investor relations
INE138A01028,PENINSULA LAND LTD.,"BSE, NSE",PENINLAND,PENINLAND,PENINSULA LAND LTD. investor relations
INE138C01024,KANORIA CHEMICALS & INDUSTRIES,"BSE, NSE",KANORICHEM,KANORICHEM,KANORIA CHEMICALS & INDUSTRIES investor relations
INE138O01029,IND Renewable Energy Ltd,BSE,INDRENEW,,IND Renewable Energy Ltd investor relations
INE138Y01010,KFin Technologies Limited,"BSE, NSE",KFINTECH,KFINTECH,KFin Technologies Limited investor relations
INE139A01034,NATIONAL ALUMINIUM CO.LTD.,"BSE, NSE",NATIONALUM,NATIONALUM,NATIONAL ALUMINIUM CO.LTD. investor relations
INE139B01016,UCAL LIMITED,"BSE, NSE",UCAL,UCAL,UCAL LIMITED investor relations
INE139D01020,YUVRAAJ HYGIENE PRODUCTS LTD.,BSE,YUVRAAJHPL,,YUVRAAJ HYGIENE PRODUCTS LTD. investor relations
INE139E01028,NIVAKA FASHIONS LIMITED,BSE,NIVAKA,,NIVAKA FASHIONS LIMITED investor relations
INE139I01011,BARAK VALLEY CEMENTS LTD.,"BSE, NSE",BVCL,BVCL,BARAK VALLEY CEMENTS LTD. investor relations
INE139R01012,FUSION FINANCE LIMITED,"BSE, NSE",FUSION,FUSION,FUSION FINANCE LIMITED investor relations
INE13B501022,Saatvik Green Energy Limited,"BSE, NSE",SAATVIKGL,SAATVIKGL,Saatvik Green Energy Limited investor relations
INE13VU01016,Beezaasan Explotech Limited,BSE,BEEZAASAN,,Beezaasan Explotech Limited investor relations
INE13YH01017,SK Minerals & Additives Limite,BSE,SKM,,SK Minerals & Additives Limite investor relations
INE140C01012,SIDDHA VENTURES LTD.,BSE,SIDDHA,,SIDDHA VENTURES LTD. investor relations
INE141C01036,NHC FOODS LTD.,BSE,NHCFOODS,,NHC FOODS LTD. investor relations
INE141D01018,TAMILNADU TELECOMMUNICATIONS L,"BSE, NSE",TNTELE,TNTELE,TAMILNADU TELECOMMUNICATIONS L investor relations
INE141K01013,TEXMO PIPES & PRODUCTS LTD.,"BSE, NSE",TEXMOPIPES,TEXMOPIPES,TEXMO PIPES & PRODUCTS LTD. investor relations
INE142A01012,OSWAL AGRO MILLS LTD.,"BSE, NSE",OSWALAGRO,OSWALAGRO,OSWAL AGRO MILLS LTD. investor relations
INE142E01022,BEMCO HYDRAULICS LTD.,BSE,BEMHY,,BEMCO HYDRAULICS LTD. investor relations
INE142I01023,TAKE SOLUTIONS LTD.,"BSE, NSE",TAKE,TAKE,TAKE SOLUTIONS LTD. investor relations
INE142K01011,LYPSA GEMS & JEWELLERY LTD,"BSE, NSE",LYPSAGEMS,LYPSAGEMS,LYPSA GEMS & JEWELLERY LTD investor relations
INE142M01025,Tata Technologies Limited,"BSE, NSE",TATATECH,TATATECH,Tata Technologies Limited investor relations
INE142Q01026,Sula Vineyards Limited,"BSE, NSE",SULA,SULA,Sula Vineyards Limited investor relations
INE142Z01019,Orient Electric Limited,"BSE, NSE",ORIENTELEC,ORIENTELEC,Orient Electric Limited investor relations
INE143A01010,Oswal Greentech Limited,"BSE, NSE",OSWALGREEN,OSWALGREEN,Oswal Greentech Limited investor relations
INE143C01024,PRECISION ELECTRONICS LTD.,BSE,PRECISIO,,PRECISION ELECTRONICS LTD. investor relations
INE143I01013,PARAMOUNT COSMETICS (INDIA) LT,BSE,PARMCOS-B,,PARAMOUNT COSMETICS (INDIA) LT investor relations
INE143K01019,Yunik Managing Advisors Limite,BSE,YUNIKM,,Yunik Managing Advisors Limite investor relations
INE144C01014,JAGAN LAMPS LTD.,BSE,JAGANLAM,,JAGAN LAMPS LTD. investor relations
INE144D01012,CUBEX TUBINGS LTD.,"BSE, NSE",CUBEXTUB,CUBEXTUB,CUBEX TUBINGS LTD. investor relations
INE144J01027,20 MICRONS LTD.,"BSE, NSE",20MICRONS,20MICRONS,20 MICRONS LTD. investor relations
INE144Z01023,Tarsons Products Limited,"BSE, NSE",TARSONS,TARSONS,Tarsons Products Limited investor relations
INE145E01017,CRAVATEX LTD.,BSE,CRAVATEX,,CRAVATEX LTD. investor relations
INE145J01032,GUJARAT TOOLROOM LTD.,BSE,GUJTLRM,,GUJARAT TOOLROOM LTD. investor relations
INE145L01012,KEERTHI INDUSTRIES LTD.,BSE,KEERTHI,,KEERTHI INDUSTRIES LTD. investor relations
INE145Y01023,Shish Industries Limited,BSE,SHISHIND,,Shish Industries Limited investor relations
INE146C01019,White Organic Agro Limited,BSE,WHITEORG,,White Organic Agro Limited investor relations
INE146E01015,Creative Castings Limited,BSE,CREATIVE,,Creative Castings Limited investor relations
INE146H01018,INDUCTO STEEL LTD.,BSE,INDCTST,,INDUCTO STEEL LTD. investor relations
INE146L01010,KIRLOSKAR OIL ENGINES LTD.,"BSE, NSE",KIRLOSENG,KIRLOSENG,KIRLOSKAR OIL ENGINES LTD. investor relations
INE146N01016,FAMILY CARE HOSPITALS LIMITED,BSE,FAMILYCARE,,FAMILY CARE HOSPITALS LIMITED investor relations
INE147A01011,SOUTHERN PETROCHEMICALS LTD.,"BSE, NSE",SPIC,SPIC,SOUTHERN PETROCHEMICALS LTD. investor relations
INE147C01017,VASHU BHAGNANI INDUSTRIES LIMI,BSE,POOJAENT,,VASHU BHAGNANI INDUSTRIES LIMI investor relations
INE147J01012,Purohit Construction Limited,BSE,PUROHITCON,,Purohit Construction Limited investor relations
INE147P01019,JINDAL POLY INVESTMENT AND FIN,"BSE, NSE",JPOLYINVST,JPOLYINVST,JINDAL POLY INVESTMENT AND FIN investor relations
INE148A01019,TAMILNADU PETROPRODUCTS LTD.,"BSE, NSE",TNPETRO,TNPETRO,TAMILNADU PETROPRODUCTS LTD. investor relations
INE148I01020,Sammaan Capital Limited,"BSE, NSE",SAMMAANCAP,SAMMAANCAP,Sammaan Capital Limited investor relations
INE148O01028,Delhivery Limited,"BSE, NSE",DELHIVERY,DELHIVERY,Delhivery Limited investor relations
INE149A01033,CHOLAMANDALAM FINANCIAL HOLDIN,"BSE, NSE",CHOLAHLDNG,CHOLAHLDNG,CHOLAMANDALAM FINANCIAL HOLDIN investor relations
INE149K01016,SANDUR MANGANESE & IRON ORES L,"BSE, NSE",SANDUMA,SANDUMA,SANDUR MANGANESE & IRON ORES L investor relations
INE149O01018,NIBE LIMITED,"BSE, NSE",NIBE,NIBE,NIBE LIMITED investor relations
INE149Q01021,Kalyan Capitals Limited,BSE,KALYANCAP,,Kalyan Capitals Limited investor relations
INE14LE01019,Aditya Birla Lifestyle Brands,"BSE, NSE",ABLBL,ABLBL,Aditya Birla Lifestyle Brands investor relations
INE14LM01012,Pajson Agro India Limited,BSE,PAJSON,,Pajson Agro India Limited investor relations
INE14OX01013,TAKYON NETWORKS LIMITED,BSE,TAKYON,,TAKYON NETWORKS LIMITED investor relations
INE14QA01016,AMEENJI RUBBER LIMITED,BSE,AMEENJI,,AMEENJI RUBBER LIMITED investor relations
INE14UN01029,VIDYA WIRES LIMITED,"BSE, NSE",VIDYAWIRES,VIDYAWIRES,VIDYA WIRES LIMITED investor relations
INE14VP01014,JD CABLES LIMITED,BSE,JDCABLES,,JD CABLES LIMITED investor relations
INE150B01039,ALKYL AMINES CHEMICALS LTD.,"BSE, NSE",ALKYLAMINE,ALKYLAMINE,ALKYL AMINES CHEMICALS LTD. investor relations
INE150C01011,TITAN BIOTECH LTD.,BSE,TITANBIO,,TITAN BIOTECH LTD. investor relations
INE150D01027,MAURIA UDYOG LIMITED,BSE,MUL,,MAURIA UDYOG LIMITED investor relations
INE150G01020,LUX Industries Limited,"BSE, NSE",LUXIND,LUXIND,LUX Industries Limited investor relations
INE150R01019,Swagatam Trading & Services Li,BSE,SWAGTAM,,Swagatam Trading & Services Li investor relations
INE151A01013,TATA COMMUNICATIONS LTD.,"BSE, NSE",TATACOMM,TATACOMM,TATA COMMUNICATIONS LTD. investor relations
INE151B01011,B2B SOFTWARE TECHNOLOGIES LTD.,BSE,B2BSOFT,,B2B SOFTWARE TECHNOLOGIES LTD. investor relations
INE151G01028,SHAILY ENGINEERING PLASTICS LT,"BSE, NSE",SHAILY,SHAILY,SHAILY ENGINEERING PLASTICS LT investor relations
INE151H01018,MILESTONE GLOBAL LTD.,BSE,MILESTONE,,MILESTONE GLOBAL LTD. investor relations
INE152A01029,THERMAX LTD.,"BSE, NSE",THERMAX,THERMAX,THERMAX LTD. investor relations
INE152C01025,U. Y. FINCORP LIMITED,"BSE, NSE",UYFINCORP,UYFINCORP,U. Y. FINCORP LIMITED investor relations
INE152E01013,ELEGANT FLORICULTURE & AGROTEC,BSE,ELEFLOR,,ELEGANT FLORICULTURE & AGROTEC investor relations
INE152M01016,TRIVENI TURBINE LTD.,"BSE, NSE",TRITURBINE,TRITURBINE,TRIVENI TURBINE LTD. investor relations
INE153A01019,MAHANAGAR TELEPHONE NIGAM LTD.,"BSE, NSE",MTNL,MTNL,MAHANAGAR TELEPHONE NIGAM LTD. investor relations
INE153C01015,VINTAGE SECURITIES LTD.,BSE,VINTAGES,,VINTAGE SECURITIES LTD. investor relations
INE153K01018,MOONGIPA CAPITAL FINANCE LTD.,BSE,MONGIPA,,MOONGIPA CAPITAL FINANCE LTD. investor relations
INE153T01027,BLS International Services Ltd,"BSE, NSE",BLS,BLS,BLS International Services Ltd investor relations
INE154A01025,ITC LTD.,"BSE, NSE",ITC,ITC,ITC LTD. investor relations
INE154B01023,MOHITE INDUSTRIES LIMITED,BSE,MOHITE,,MOHITE INDUSTRIES LIMITED investor relations
INE154G01022,VENMAX DRUGS AND PHARMACEUTICA,BSE,VENMAX,,VENMAX DRUGS AND PHARMACEUTICA investor relations
INE154M01012,RAPID INVESTMENTS LTD.,BSE,RAPIDIN,,RAPID INVESTMENTS LTD. investor relations
INE155A01022,TATA MOTORS PASSENGER VEHICLES,"BSE, NSE",TMPV,TMPV,TATA MOTORS PASSENGER VEHICLES investor relations
INE155C01010,ALBERT DAVID LTD.,"BSE, NSE",ALBERTDAVD,ALBERTDAVD,ALBERT DAVID LTD. investor relations
INE155E01016,INVESTMENT & PRECISION CASTING,BSE,INVPRECQ,,INVESTMENT & PRECISION CASTING investor relations
INE155G01029,NEW DELHI TELEVISION LTD.,"BSE, NSE",NDTV,NDTV,NEW DELHI TELEVISION LTD. investor relations
INE155Z01011,Macpower CNC Machines Limited,NSE,,MACPOWER,Macpower CNC Machines Limited investor relations
INE156A01020,INDO RAMA SYNTHETICS (INDIA) L,"BSE, NSE",INDORAMA,INDORAMA,INDO RAMA SYNTHETICS (INDIA) L investor relations
INE156C01018,PIONEER EMBROIDERIES LTD.,"BSE, NSE",PIONEEREMB,PIONEEREMB,PIONEER EMBROIDERIES LTD. investor relations
INE156E01014,JAIHIND SYNTHETICS LTD.,BSE,JAIHINDS,,JAIHIND SYNTHETICS LTD. investor relations
INE156M01017,YURANUS INFRASTRUCTURE LTD,BSE,YURANUS,,YURANUS INFRASTRUCTURE LTD investor relations
INE157H01023,K.M.SUGAR MILLS LTD.,"BSE, NSE",KMSUGAR,KMSUGAR,K.M.SUGAR MILLS LTD. investor relations
INE158A01026,HERO MOTOCORP LTD.,"BSE, NSE",HEROMOTOCO,HEROMOTOCO,HERO MOTOCORP LTD. investor relations
INE158B01016,EIMCO ELECON (INDIA) LTD.,"BSE, NSE",EIMCOELECO,EIMCOELECO,EIMCO ELECON (INDIA) LTD. investor relations
INE158F01017,EL FORGE LTD.,BSE,ELFORGE,,EL FORGE LTD. investor relations
INE158G01015,REMI EDELSTAHL TUBULARS LIMITE,BSE,REMIEDEL,,REMI EDELSTAHL TUBULARS LIMITE investor relations
INE159A01016,GLAXOSMITHKLINE PHARMACEUTICAL,"BSE, NSE",GLAXO,GLAXO,GLAXOSMITHKLINE PHARMACEUTICAL investor relations
INE159E01026,MM RUBBER COMPANY LTD.,BSE,MMRUBBR-B,,MM RUBBER COMPANY LTD. investor relations
INE159L01013,S V GLOBAL MILL LTD.,BSE,SVGLOBAL,,S V GLOBAL MILL LTD. investor relations
INE159N01027,VIJI FINANCE LTD,"BSE, NSE",VIJIFIN,VIJIFIN,VIJI FINANCE LTD investor relations
INE159O01033,Mystic Electronics Limited,BSE,MYSTICELE,,Mystic Electronics Limited investor relations
INE15B701018,Pine Labs Limited,"BSE, NSE",PINELABS,PINELABS,Pine Labs Limited investor relations
INE15MX01014,ABRIL PAPER TECH LIMITED,BSE,ABRIL,,ABRIL PAPER TECH LIMITED investor relations
INE15WN01014,REPONO LIMITED,BSE,REPONO,,REPONO LIMITED investor relations
INE15XJ01010,Aptus Pharma Limited,BSE,APPL,,Aptus Pharma Limited investor relations
INE160A01022,PUNJAB NATIONAL BANK,"BSE, NSE",PNB,PNB,PUNJAB NATIONAL BANK investor relations
INE160F01013,PH CAPITAL LTD.,BSE,PHCAP,,PH CAPITAL LTD. investor relations
INE160H01019,PBA INFRASTRUCTURE LTD.,BSE,PBAINFRA,,PBA INFRASTRUCTURE LTD. investor relations
INE160O01031,Mukta Agriculture Limited,BSE,MUKTA,,Mukta Agriculture Limited investor relations
INE161701011,PATEL CHEM SPECIALITIES LIMITE,BSE,PATELCHEM,,PATEL CHEM SPECIALITIES LIMITE investor relations
INE161A01038,NIIT LTD.,"BSE, NSE",NIITLTD,NIITLTD,NIIT LTD. investor relations
INE161E01014,METAL COATINGS (INDIA) LTD.,BSE,METALCO,,METAL COATINGS (INDIA) LTD. investor relations
INE161F01011,ANIRIT VENTURES LIMITED,BSE,ANIRIT,,ANIRIT VENTURES LIMITED investor relations
INE161G01027,Morarjee Textiles Limited,NSE,,MORARJEE,Morarjee Textiles Limited investor relations
INE161L01027,VIKAS LIFECARE LIMITED,"BSE, NSE",VIKASLIFE,VIKASLIFE,VIKAS LIFECARE LIMITED investor relations
INE162901016,META INFOTECH LIMITED,BSE,METAINFO,,META INFOTECH LIMITED investor relations
INE162A01010,GUJARAT INDUSTRIES POWER CO.LT,"BSE, NSE",GIPCL,GIPCL,GUJARAT INDUSTRIES POWER CO.LT investor relations
INE162B01018,LUMAX INDUSTRIES LTD.,"BSE, NSE",LUMAXIND,LUMAXIND,LUMAX INDUSTRIES LTD. investor relations
INE162C01024,PARAS PETROFILS LTD.,"BSE, NSE",PARASPETRO,PARASPETRO,PARAS PETROFILS LTD. investor relations
INE162L01017,Ganon Products Limited,BSE,GANONPRO,,Ganon Products Limited investor relations
INE163401016,KANISHK ALUMINIUM INDIA LIMITE,BSE,KANISHK,,KANISHK ALUMINIUM INDIA LIMITE investor relations
INE163701019,KVS Castings Limited,BSE,KVSCASTING,,KVS Castings Limited investor relations
INE163A01018,NOCIL LTD.,"BSE, NSE",NOCIL,NOCIL,NOCIL LTD. investor relations
INE164A01016,BALMER LAWRIE & CO.LTD.,"BSE, NSE",BALMLAWRIE,BALMLAWRIE,BALMER LAWRIE & CO.LTD. investor relations
INE164B01030,KELLTON TECH SOLUTIONS LTD.,"BSE, NSE",KELLTONTEC,KELLTONTEC,KELLTON TECH SOLUTIONS LTD. investor relations
INE164D01010,IKOMA TECHNOLOGIES LIMITED,BSE,IKOMA,,IKOMA TECHNOLOGIES LIMITED investor relations
INE165B01029,R.S.SOFTWARE INDIA LTD.,"BSE, NSE",RSSOFTWARE,RSSOFTWARE,R.S.SOFTWARE INDIA LTD. investor relations
INE165F01020,GEM SPINNERS INDIA LTD.,BSE,GEMSPIN,,GEM SPINNERS INDIA LTD. investor relations
INE165G01010,Assam Entrade Limited,BSE,ASSAMENT,,Assam Entrade Limited investor relations
INE166R01015,NATIONAL STANDARD (INDIA) LTD.,BSE,NATIONSTD,,NATIONAL STANDARD (INDIA) LTD. investor relations
INE167B01025,ACI INFOCOM LTD.,BSE,ACIIN,,ACI INFOCOM LTD. investor relations
INE167H01014,SIMPLEX REALTY LTD.,BSE,SIMPLXREA,,SIMPLEX REALTY LTD. investor relations
INE168A01041,JAMMU & KASHMIR BANK LTD.,"BSE, NSE",J&KBANK,J&KBANK,JAMMU & KASHMIR BANK LTD. investor relations
INE168C01013,Hilltone Software and Gases Lt,BSE,HILLTONE,,Hilltone Software and Gases Lt investor relations
INE168O01026,GCM SECURITIES LTD,BSE,GCMSECU,,GCM SECURITIES LTD investor relations
INE168P01015,Emcure Pharmaceuticals Limited,"BSE, NSE",EMCURE,EMCURE,Emcure Pharmaceuticals Limited investor relations
INE169A01031,COROMANDEL INTERNATIONAL LTD.,"BSE, NSE",COROMANDEL,COROMANDEL,COROMANDEL INTERNATIONAL LTD. investor relations
INE169F01014,NMS GLOBAL LIMITED,BSE,NMSGLOBAL,,NMS GLOBAL LIMITED investor relations
INE16IQ01014,Super Iron Foundry Limited,BSE,SUPERIRON,,Super Iron Foundry Limited investor relations
INE16NZ01023,Orkla India Limited,"BSE, NSE",ORKLAINDIA,ORKLAINDIA,Orkla India Limited investor relations
INE16QA01011,STANBIK AGRO LIMITED,BSE,STANBIK,,STANBIK AGRO LIMITED investor relations
INE16SF01016,BORANA WEAVES LIMITED,"BSE, NSE",BORANA,BORANA,BORANA WEAVES LIMITED investor relations
INE16XA01017,Infinity Infoway Limited,BSE,INFINITY,,Infinity Infoway Limited investor relations
INE170D01025,APM INDUSTRIES LTD.,BSE,APMIN,,APM INDUSTRIES LTD. investor relations
INE170E01023,SATIA INDUSTRIES LIMITED,"BSE, NSE",SATIA,SATIA,SATIA INDUSTRIES LIMITED investor relations
INE170I01016,HINDUJA GLOBAL SOLUTIONS LTD.,"BSE, NSE",HGS,HGS,HINDUJA GLOBAL SOLUTIONS LTD. investor relations
INE170U01011,SURAJ INDUSTRIES LTD.,BSE,SURJIND,,SURAJ INDUSTRIES LTD. investor relations
INE170V01027,Salasar Techno Engineering Lim,"BSE, NSE",SALASAR,SALASAR,Salasar Techno Engineering Lim investor relations
INE171A01029,FEDERAL BANK LTD.,"BSE, NSE",FEDERALBNK,FEDERALBNK,FEDERAL BANK LTD. investor relations
INE171Z01026,Bharat Dynamics Limited,"BSE, NSE",BDL,BDL,Bharat Dynamics Limited investor relations
INE172A01027,CASTROL INDIA LTD.,"BSE, NSE",CASTROLIND,CASTROLIND,CASTROL INDIA LTD. investor relations
INE172B01017,IEC EDUCATION LTD.,BSE,IECEDU,,IEC EDUCATION LTD. investor relations
INE172D01021,CAPITAL TRADE LINKS LTD,BSE,CTL,,CAPITAL TRADE LINKS LTD investor relations
INE172E01011,Smruthi Organics Limited,BSE,SMRUTHIORG,,Smruthi Organics Limited investor relations
INE172N01012,IMAGICAAWORLD ENTERTAINMENT LI,"BSE, NSE",IMAGICAA,IMAGICAA,IMAGICAAWORLD ENTERTAINMENT LI investor relations
INE173A01025,STANDARD INDUSTRIES LTD.,"BSE, NSE",SIL,SIL,STANDARD INDUSTRIES LTD. investor relations
INE173E01019,TEJASSVI AAHARAM LIMITED,BSE,TEJASSVI,,TEJASSVI AAHARAM LIMITED investor relations
INE173J01018,SRM ENERGY LTD.,BSE,SRMENERGY,,SRM ENERGY LTD. investor relations
INE173U01015,Umiya Tubes Limited,BSE,UMIYA,,Umiya Tubes Limited investor relations
INE173V01013,Gujarat Winding Systems Limite,BSE,GUJWIND,,Gujarat Winding Systems Limite investor relations
INE175A01038,JAIN IRRIGATION SYSTEMS LTD.,"BSE, NSE",JISLJALEQS,JISLJALEQS,JAIN IRRIGATION SYSTEMS LTD. investor relations
INE175C01018,SPENTA INTERNATIONAL LTD.,BSE,SPENTA,,SPENTA INTERNATIONAL LTD. investor relations
INE175N01023,Aerpace Industries Limited,BSE,AERPACE,,Aerpace Industries Limited investor relations
INE176A01028,BATA INDIA LTD.,"BSE, NSE",BATAINDIA,BATAINDIA,BATA INDIA LTD. investor relations
INE176B01034,HAVELLS INDIA LTD.,"BSE, NSE",HAVELLS,HAVELLS,HAVELLS INDIA LTD. investor relations
INE176J01011,SICAGEN INDIA LTD.,BSE,SICAGEN,,SICAGEN INDIA LTD. investor relations
INE176L01017,Crane Infrastructure Limited,BSE,CRANEINFRA,,Crane Infrastructure Limited investor relations
INE176N01039,CASPIAN CORPORATE SERVICES LIM,BSE,CASPIAN,,CASPIAN CORPORATE SERVICES LIM investor relations
INE176O01011,ESPIRE HOSPITALITY LIMITED,BSE,ESPIRE,,ESPIRE HOSPITALITY LIMITED investor relations
INE176R01014,Rajkot Investment Trust Limite,BSE,RAJKOTINV,,Rajkot Investment Trust Limite investor relations
INE177A01018,INGERSOLL-RAND (INDIA) LTD.,"BSE, NSE",INGERRAND,INGERRAND,INGERSOLL-RAND (INDIA) LTD. investor relations
INE177C01022,BATLIBOI LTD.,BSE,BATLIBOI,,BATLIBOI LTD. investor relations
INE177F01017,KOVAI MEDICAL CENTER & HOSPITA,BSE,KOVAI,,KOVAI MEDICAL CENTER & HOSPITA investor relations
INE177H01039,GODAWARI POWER & ISPAT LTD.,"BSE, NSE",GPIL,GPIL,GODAWARI POWER & ISPAT LTD. investor relations
INE178A01016,CHENNAI PETROLEUM CORPORATION,"BSE, NSE",CHENNPETRO,CHENNPETRO,CHENNAI PETROLEUM CORPORATION investor relations
INE178C01020,Smartlink Holdings Limited,"BSE, NSE",SMARTLINK,SMARTLINK,Smartlink Holdings Limited investor relations
INE178E01026,SKYLINE MILLARS LTD.,BSE,SKYLMILAR,,SKYLINE MILLARS LTD. investor relations
INE178T01024,Advik Capital Limited,BSE,ADVIKCA,,Advik Capital Limited investor relations
INE179A01014,PROCTER & GAMBLE HYGIENE & HEA,"BSE, NSE",PGHH,PGHH,PROCTER & GAMBLE HYGIENE & HEA investor relations
INE179G01029,Davangere Sugar Company Limite,"BSE, NSE",DAVANGERE,DAVANGERE,Davangere Sugar Company Limite investor relations
INE179O01031,SPRIGHT AGRO LIMITED,BSE,SPRIGHT,,SPRIGHT AGRO LIMITED investor relations
INE180A01020,Max Financial Services Limited,"BSE, NSE",MFSL,MFSL,Max Financial Services Limited investor relations
INE180C01042,CAPRI GLOBAL CAPITAL LIMITED,"BSE, NSE",CGCL,CGCL,CAPRI GLOBAL CAPITAL LIMITED investor relations
INE180M01033,Longspur International Venture,BSE,LONGSPUR,,Longspur International Venture investor relations
INE181D01014,PANTHER INDUSTRIAL PRODUCTS LT,BSE,PANIDPR,,PANTHER INDUSTRIAL PRODUCTS LT investor relations
INE181U01018,Classic Filaments Limited,BSE,CFL,,Classic Filaments Limited investor relations
INE182A01018,PFIZER LTD.,"BSE, NSE",PFIZER,PFIZER,PFIZER LTD. investor relations
INE182D01020,MARATHON NEXTGEN REALTY LTD.,"BSE, NSE",MARATHON,MARATHON,MARATHON NEXTGEN REALTY LTD. investor relations
INE183A01024,FINOLEX INDUSTRIES LTD.,"BSE, NSE",FINPIPE,FINPIPE,FINOLEX INDUSTRIES LTD. investor relations
INE183D01010,CYBELE INDUSTRIES LTD.,BSE,CYBELEIND,,CYBELE INDUSTRIES LTD. investor relations
INE183Q01020,Continental Securities Limited,BSE,CSL,,Continental Securities Limited investor relations
INE183R01010,Decorous Investment and Tradin,BSE,DITCO,,Decorous Investment and Tradin investor relations
INE183U01022,PULSAR INTERNATIONAL LTD.,BSE,PULSRIN,,PULSAR INTERNATIONAL LTD. investor relations
INE184B01012,Sagarsoft (India) Limited,BSE,SAGARSOFT,,Sagarsoft (India) Limited investor relations
INE184D01026,RAJASTHAN SECURITIES LIMITED,BSE,RAJSEC,,RAJASTHAN SECURITIES LIMITED investor relations
INE184E01024,UTL INDUSTRIES LIMITED,BSE,UTLINDS,,UTL INDUSTRIES LIMITED investor relations
INE184H01027,EVEREST KANTO CYLINDER LTD.,"BSE, NSE",EKC,EKC,EVEREST KANTO CYLINDER LTD. investor relations
INE184O01015,Diffusion Engineers Limited,"BSE, NSE",DIFFNKG,DIFFNKG,Diffusion Engineers Limited investor relations
INE184Q01010,Fraser And Company Limited,BSE,FRASER,,Fraser And Company Limited investor relations
INE184S01024,Alstone Textiles (India) Ltd,BSE,ALSTONE,,Alstone Textiles (India) Ltd investor relations
INE185C01017,Shree Ajit Pulp And Paper Ltd.,BSE,SAPPL,,Shree Ajit Pulp And Paper Ltd. investor relations
INE185D01015,LEXORAA INDUSTRIES LIMITED,BSE,LEXORAA,,LEXORAA INDUSTRIES LIMITED investor relations
INE185E01021,FILATEX FASHIONS LTD.,"BSE, NSE",FILATFASH,FILATFASH,FILATEX FASHIONS LTD. investor relations
INE185H01016,CELEBRITY FASHIONS LTD.,"BSE, NSE",CELEBRITY,CELEBRITY,CELEBRITY FASHIONS LTD. investor relations
INE185K01036,ARNOLD HOLDINGS LTD,BSE,ARNOLD,,ARNOLD HOLDINGS LTD investor relations
INE185U01035,KCD INDUSTRIES INDIA LIMITED,BSE,KCDGROUP,,KCD INDUSTRIES INDIA LIMITED investor relations
INE186A01019,GUJARAT ALKALIES & CHEMICALS L,"BSE, NSE",GUJALKALI,GUJALKALI,GUJARAT ALKALIES & CHEMICALS L investor relations
INE186C01023,MEFCOM CAPITAL MARKETS LTD.,BSE,MEFCOMCAP,,MEFCOM CAPITAL MARKETS LTD. investor relations
INE186H01022,BANNARI AMMAN SPINNING MILLS L,"BSE, NSE",BASML,BASML,BANNARI AMMAN SPINNING MILLS L investor relations
INE186R01013,OSIAJEE TEXFAB LIMITED,BSE,OSIAJEE,,OSIAJEE TEXFAB LIMITED investor relations
INE187D01029,TALBROS AUTOMOTIVE COMPONENTS,"BSE, NSE",TALBROAUTO,TALBROAUTO,TALBROS AUTOMOTIVE COMPONENTS investor relations
INE187R01029,Consecutive Commodities Limite,BSE,CCDL,,Consecutive Commodities Limite investor relations
INE188A01015,FERTILIZERS & CHEMICALS TRAVAN,"BSE, NSE",FACT,FACT,FERTILIZERS & CHEMICALS TRAVAN investor relations
INE188B01013,IGARASHI MOTORS INDIA LTD.,"BSE, NSE",IGARASHI,IGARASHI,IGARASHI MOTORS INDIA LTD. investor relations
INE188E01017,WILLIAMSON FINANCIAL SERVICES,BSE,WILLIMFI,,WILLIAMSON FINANCIAL SERVICES investor relations
INE188Y01031,Vertoz Limited,NSE,,VERTOZ,Vertoz Limited investor relations
INE189B01011,Styrenix Performance Materials,"BSE, NSE",STYRENIX,STYRENIX,Styrenix Performance Materials investor relations
INE189I01024,NELCAST LTD.,"BSE, NSE",NELCAST,NELCAST,NELCAST LTD. investor relations
INE18JU01028,GNG Electronics Limited,"BSE, NSE",EBGNG,EBGNG,GNG Electronics Limited investor relations
INE18PB01017,BHAVIK ENTERPRISES LIMITED,BSE,BHAVIK,,BHAVIK ENTERPRISES LIMITED investor relations
INE190D01015,ARIHANTS SECURITIES LTD.,BSE,ARISE,,ARIHANTS SECURITIES LTD. investor relations
INE190F01028,THAKRAL SERVICES (INDIA) LTD.,BSE,THAKRAL,,THAKRAL SERVICES (INDIA) LTD. investor relations
INE190H01024,SAKUMA EXPORTS LTD.,"BSE, NSE",SAKUMA,SAKUMA,SAKUMA EXPORTS LTD. investor relations
INE191201016,LGT Business Connextions Limit,BSE,LGT,,LGT Business Connextions Limit investor relations
INE191A01027,Orchid Pharma Limited,"BSE, NSE",ORCHPHARMA,ORCHPHARMA,Orchid Pharma Limited investor relations
INE191B01025,WELSPUN CORP LIMITED,"BSE, NSE",WELCORP,WELCORP,WELSPUN CORP LIMITED investor relations
INE191C01023,East India Drums and Barrels M,BSE,EASTINDIA,,East India Drums and Barrels M investor relations
INE191H01014,PVR INOX LIMITED,"BSE, NSE",PVRINOX,PVRINOX,PVR INOX LIMITED investor relations
INE191I01012,HOUSING DEVELOPMENT & INFRASTR,BSE,HDIL,,HOUSING DEVELOPMENT & INFRASTR investor relations
INE191N01012,Alexander Stamps And Coin Limi,BSE,ALEXANDER,,Alexander Stamps And Coin Limi investor relations
INE191O01010,LAKHOTIA POLYESTERS (INDIA) LT,BSE,LAKHOTIA,,LAKHOTIA POLYESTERS (INDIA) LT investor relations
INE192A01025,TATA CONSUMER PRODUCTS LIMITED,"BSE, NSE",TATACONSUM,TATACONSUM,TATA CONSUMER PRODUCTS LIMITED investor relations
INE192B01031,WELSPUN LIVING LIMITED,"BSE, NSE",WELSPUNLIV,WELSPUNLIV,WELSPUN LIVING LIMITED investor relations
INE192H01020,GRM OVERSEAS LTD.,"BSE, NSE",GRMOVER,GRMOVER,GRM OVERSEAS LTD. investor relations
INE192R01011,Avenue Supermarts Limited,"BSE, NSE",DMART,DMART,Avenue Supermarts Limited investor relations
INE193B01039,AYM Syntex Limited,"BSE, NSE",AYMSYNTEX,AYMSYNTEX,AYM Syntex Limited investor relations
INE193D01019,DISHA RESOURCES LIMITED,BSE,DRL,,DISHA RESOURCES LIMITED investor relations
INE193E01025,BAJAJ ELECTRICALS LTD.,"BSE, NSE",BAJAJELEC,BAJAJELEC,BAJAJ ELECTRICALS LTD. investor relations
INE193R01019,SHESHADRI INDUSTRIES LIMITED,BSE,SHESHAINDS,,SHESHADRI INDUSTRIES LIMITED investor relations
INE194E01015,GARG FURNACE LTD.,BSE,GARGFUR,,GARG FURNACE LTD. investor relations
INE194N01016,GENESIS IBRC INDIA LIMITED,BSE,GENESIS,,GENESIS IBRC INDIA LIMITED investor relations
INE194R01017,Fredun Pharmaceuticals Limited,BSE,FREDUN,,Fredun Pharmaceuticals Limited investor relations
INE195A01028,SUPREME INDUSTRIES LTD.,"BSE, NSE",SUPREMEIND,SUPREMEIND,SUPREME INDUSTRIES LTD. investor relations
INE195E01020,DHANSAFAL FINSERVE LIMITED,BSE,DHANSAFAL,,DHANSAFAL FINSERVE LIMITED investor relations
INE195F01027,SELLWIN TRADERS LIMITED,BSE,SELLWIN,,SELLWIN TRADERS LIMITED investor relations
INE195I01013,ABIRAMI FINANCIAL SERVICES (IN,BSE,ABIRAFN,,ABIRAMI FINANCIAL SERVICES (IN investor relations
INE195J01029,PNC Infratech Limited,"BSE, NSE",PNCINFRA,PNCINFRA,PNC Infratech Limited investor relations
INE195N01013,PROZONE REALTY LIMITED,"BSE, NSE",PROZONER,PROZONER,PROZONE REALTY LIMITED investor relations
INE196A01026,MARICO LTD.,"BSE, NSE",MARICO,MARICO,MARICO LTD. investor relations
INE196Y01018,Worth Peripherals Limited,"BSE, NSE",WORTHPERI,WORTHPERI,Worth Peripherals Limited investor relations
INE197A01024,JYOTI STRUCTURES LTD.,"BSE, NSE",JYOTISTRUC,JYOTISTRUC,JYOTI STRUCTURES LTD. investor relations
INE197C01012,AXEL POLYMERS LTD.,BSE,AXELPOLY,,AXEL POLYMERS LTD. investor relations
INE197D01010,JINDAL POLY FILMS LTD.,"BSE, NSE",JINDALPOLY,JINDALPOLY,JINDAL POLY FILMS LTD. investor relations
INE197J01017,LANDMARK PROPERTY DEVELOPMENT,"BSE, NSE",LPDC,LPDC,LANDMARK PROPERTY DEVELOPMENT investor relations
INE198501012,EURO PRATIK SALES LIMITED,"BSE, NSE",EUROPRATIK,EUROPRATIK,EURO PRATIK SALES LIMITED investor relations
INE198C01010,CAMEX LTD.,BSE,CAMEXLTD,,CAMEX LTD. investor relations
INE198H01019,AAREY DRUGS & PHARMACEUTICALS,"BSE, NSE",AAREYDRUGS,AAREYDRUGS,AAREY DRUGS & PHARMACEUTICALS investor relations
INE198N01017,CDG PETCHEM LIMITED,BSE,CDG,,CDG PETCHEM LIMITED investor relations
INE199A01012,PROCTER & GAMBLE HEALTH LIMITE,"BSE, NSE",PGHL,PGHL,PROCTER & GAMBLE HEALTH LIMITE investor relations
INE199C01026,ADVANI HOTELS & RESORTS (INDIA,"BSE, NSE",ADVANIHOTR,ADVANIHOTR,ADVANI HOTELS & RESORTS (INDIA investor relations
INE199D01016,MARTIN BURN LTD.,BSE,MARBU,,MARTIN BURN LTD. investor relations
INE199E01014,SUNSHIELD CHEMICALS LTD.,BSE,SUNSHIEL,,SUNSHIELD CHEMICALS LTD. investor relations
INE199G01027,JAGRAN PRAKASHAN LTD.,"BSE, NSE",JAGRAN,JAGRAN,JAGRAN PRAKASHAN LTD. investor relations
INE199P01028,Gretex Corporate Services Limi,"BSE, NSE",GCSL,GCSL,Gretex Corporate Services Limi investor relations
INE19RI01016,Tenneco Clean Air India Limite,"BSE, NSE",TENNIND,TENNIND,Tenneco Clean Air India Limite investor relations
INE19RO25013,Property Share Investment Trus,BSE,PSPLATINA,,Property Share Investment Trus investor relations
INE1ABX01018,UNIFIED DATA TECH SOLUTIONS LI,BSE,UNIFIED,,UNIFIED DATA TECH SOLUTIONS LI investor relations
INE1AG301022,GK ENERGY LIMITED,"BSE, NSE",GKENERGY,GKENERGY,GK ENERGY LIMITED investor relations
INE1B0W01010,Advance Agrolife Limited,"BSE, NSE",ADVANCE,ADVANCE,Advance Agrolife Limited investor relations
INE1B3501014,Zelio E Mobility Limited,BSE,ZELIO,,Zelio E Mobility Limited investor relations
INE1B3L01017,SHRINGAR HOUSE OF MANGALSUTRA,"BSE, NSE",SHRINGARMS,SHRINGARMS,SHRINGAR HOUSE OF MANGALSUTRA investor relations
INE1B4801017,Chatterbox Technologies Limite,BSE,CHTR,,Chatterbox Technologies Limite investor relations
INE1B6101010,Shreeji Shipping Global Limite,"BSE, NSE",SHREEJISPG,SHREEJISPG,Shreeji Shipping Global Limite investor relations
INE1BA901016,Logiciel Solutions Limited,BSE,LOGICIEL,,Logiciel Solutions Limited investor relations
INE1BZC01019,Om Freight Forwarders Limited,"BSE, NSE",OMFREIGHT,OMFREIGHT,Om Freight Forwarders Limited investor relations
INE1C6T01020,Emmvee Photovoltaic Power Limi,"BSE, NSE",EMMVEE,EMMVEE,Emmvee Photovoltaic Power Limi investor relations
INE1CJB01013,Luxury Time Limited,BSE,LUXURY,,Luxury Time Limited investor relations
INE1D8001016,Aritas Vinyl Limited,BSE,ARITAS,,Aritas Vinyl Limited investor relations
INE1DKT01011,Riddhi Display Equipments Limi,BSE,RDEL,,Riddhi Display Equipments Limi investor relations
INE1DRH01011,JAY AMBE SUPERMARKETS LIMITED,BSE,CITYSQUARE,,JAY AMBE SUPERMARKETS LIMITED investor relations
INE1E1V01017,HRS ALUGLAZE LIMITED,BSE,HRS,,HRS ALUGLAZE LIMITED investor relations
INE1E4401010,EXATO TECHNOLOGIES LIMITED,BSE,EXATO,,EXATO TECHNOLOGIES LIMITED investor relations
INE1EUB01016,SHLOKKA DYES LIMITED,BSE,SHLOKKA,,SHLOKKA DYES LIMITED investor relations
INE1F9M01018,Dachepalli Publishers Limited,BSE,DACHEPALLI,,Dachepalli Publishers Limited investor relations
INE1FF001016,Jinkushal Industries Limited,"BSE, NSE",JKIPL,JKIPL,Jinkushal Industries Limited investor relations
INE1FHV01026,UNISEM AGRITECH LIMITED,BSE,UNISEM,,UNISEM AGRITECH LIMITED investor relations
INE1GUJ01014,GAME CHANGERS TEXFAB LIMITED,BSE,TRADEUNO,,GAME CHANGERS TEXFAB LIMITED investor relations
INE1H1501013,Gabion Technologies India Limi,BSE,GTIL,,Gabion Technologies India Limi investor relations
INE1HK501016,MODERN DIAGNOSTIC & RESEARCH C,BSE,MDRC,,MODERN DIAGNOSTIC & RESEARCH C investor relations
INE1I1301016,WORKMATES CORE2CLOUD SOLUTION,BSE,WORKMATES,,WORKMATES CORE2CLOUD SOLUTION investor relations
INE1IBY01019,ESSEX MARINE LIMITED,BSE,ESSEX,,ESSEX MARINE LIMITED investor relations
INE1IE301018,K. V. TOYS INDIA LIMITED,BSE,KVTOYS,,K. V. TOYS INDIA LIMITED investor relations
INE1IIQ01028,Solvex Edibles Limited,BSE,SOLVEX,,Solvex Edibles Limited investor relations
INE1IJQ01026,BAI-KAKAJI POLYMERS LIMITED,BSE,BAIKAKAJI,,BAI-KAKAJI POLYMERS LIMITED investor relations
INE1ITY01011,Global Ocean Logistics India L,BSE,GLOBALLOG,,Global Ocean Logistics India L investor relations
INE1JAR25012,KNOWLEDGE REALTY TRUST,BSE,KRT,,KNOWLEDGE REALTY TRUST investor relations
INE1KLZ01011,SYSTEMATIC INDUSTRIES LIMITED,BSE,SYSTEMATIC,,SYSTEMATIC INDUSTRIES LIMITED investor relations
INE1KVQ01019,Accretion Nutraveda Limited,BSE,ANL,,Accretion Nutraveda Limited investor relations
INE1LDV01015,TRUE COLORS LIMITED,BSE,TRUECOLORS,,TRUE COLORS LIMITED investor relations
INE1MF401019,Western Overseas Study Abroad,BSE,WOSAL,,Western Overseas Study Abroad investor relations
INE1NPP01017,Siemens Energy India Limited,"BSE, NSE",ENRIN,ENRIN,Siemens Energy India Limited investor relations
INE1NQ501012,NEPTUNE LOGITEK LIMITED,BSE,NEPLOG,,NEPTUNE LOGITEK LIMITED investor relations
INE1OOT01028,DIGILOGIC SYSTEMS LIMITED,BSE,DIGILOGIC,,DIGILOGIC SYSTEMS LIMITED investor relations
INE1P1A01018,Umiya Mobile Limited,BSE,UML,,Umiya Mobile Limited investor relations
INE1PJP01015,M P K STEELS (I) LIMITED,BSE,MPKSTEELS,,M P K STEELS (I) LIMITED investor relations
INE1SPP01016,KSR Footwear Limited,"BSE, NSE",KSR,KSR,KSR Footwear Limited investor relations
INE1SY401010,Raymond Realty Limited,"BSE, NSE",RAYMONDREL,RAYMONDREL,Raymond Realty Limited investor relations
INE1TAE01010,Tata Motors Limited,"BSE, NSE",TMCV,TMCV,Tata Motors Limited investor relations
INE1U2R01013,SSMD AGROTECH INDIA LIMITED,BSE,SSMD,,SSMD AGROTECH INDIA LIMITED investor relations
INE1UA823019,Anantam Highways Trust,BSE,ANANTAM,,Anantam Highways Trust investor relations
INE1VXE01018,STL Networks Limited,"BSE, NSE",STLNETWORK,STLNETWORK,STL Networks Limited investor relations
INE200A01026,GE Vernova T&D India Limited,"BSE, NSE",GVTD,GVT&D,GE Vernova T&D India Limited investor relations
INE200D01020,MEDIA MATRIX WORLDWIDE LTD.,BSE,MMWL,,MEDIA MATRIX WORLDWIDE LTD. investor relations
INE200M01039,Varun Beverages Limited,"BSE, NSE",VBL,VBL,Varun Beverages Limited investor relations
INE201A01024,MANALI PETROCHEMICAL LTD.,"BSE, NSE",MANALIPETC,MANALIPETC,MANALI PETROCHEMICAL LTD. investor relations
INE201B01022,MAJESTIC AUTO LTD.,BSE,MAJESAUT,,MAJESTIC AUTO LTD. investor relations
INE201C01012,Richfield Financial Services L,BSE,RFSL,,Richfield Financial Services L investor relations
INE201J01017,LGB FORGE LTD.,BSE,LGBFORGE,,LGB FORGE LTD. investor relations
INE201K01015,EXPLEO SOLUTIONS LIMITED,"BSE, NSE",EXPLEOSOL,EXPLEOSOL,EXPLEO SOLUTIONS LIMITED investor relations
INE201M01029,CL Educate Limited,"BSE, NSE",CLEDUCATE,CLEDUCATE,CL Educate Limited investor relations
INE201P01022,G R Infraprojects Limited,"BSE, NSE",GRINFRA,GRINFRA,G R Infraprojects Limited investor relations
INE202B01038,Piramal Finance Limited,"BSE, NSE",PIRAMALFIN,PIRAMALFIN,Piramal Finance Limited investor relations
INE202E01016,Indian Renewable Energy Develo,"BSE, NSE",IREDA,IREDA,Indian Renewable Energy Develo investor relations
INE202H01019,KERNEX MICROSYSTEMS (INDIA) LT,"BSE, NSE",KERNEX,KERNEX,KERNEX MICROSYSTEMS (INDIA) LT investor relations
INE202R01026,ARC Finance Limited,BSE,ARCFIN,,ARC Finance Limited investor relations
INE202Z01029,TSF INVESTMENTS LIMITED,NSE,,TSFINV,TSF INVESTMENTS LIMITED investor relations
INE203A01020,ASTRAZENECA PHARMA INDIA LTD.,"BSE, NSE",ASTRAZEN,ASTRAZEN,ASTRAZENECA PHARMA INDIA LTD. investor relations
INE203D01016,VICTORIA MILLS LTD.,BSE,VICTMILL,,VICTORIA MILLS LTD. investor relations
INE203G01027,INDRAPRASTHA GAS LTD.,"BSE, NSE",IGL,IGL,INDRAPRASTHA GAS LTD. investor relations
INE203N01015,SHYAMKAMAL INVESTMENTS LTD.,BSE,SHYMINV,,SHYAMKAMAL INVESTMENTS LTD. investor relations
INE203T01012,Universal Autofoundry Limited,BSE,UNIAUTO,,Universal Autofoundry Limited investor relations
INE203Y01012,Silly Monks Entertainment Limited,NSE,,SILLYMONKS,Silly Monks Entertainment Limited investor relations
INE204A01010,I G PETROCHEMICALS LTD.,"BSE, NSE",IGPL,IGPL,I G PETROCHEMICALS LTD. investor relations
INE204C01024,SHRI DINESH MILLS LTD.,BSE,SHRIDINE,,SHRI DINESH MILLS LTD. investor relations
INE204D01022,VENLON ENTERPRISES LTD.,BSE,VENLONENT,,VENLON ENTERPRISES LTD. investor relations
INE204E01012,AGARWAL INDUSTRIAL CORPORATION,"BSE, NSE",AGARIND,AGARIND,AGARWAL INDUSTRIAL CORPORATION investor relations
INE204N01013,LOOKS HEALTH SERVICES LIMITED,BSE,LOOKS,,LOOKS HEALTH SERVICES LIMITED investor relations
INE204S01012,LE LAVOIR LIMITED,BSE,LELAVOIR,,LE LAVOIR LIMITED investor relations
INE205A01025,VEDANTA LIMITED,"BSE, NSE",VEDL,VEDL,VEDANTA LIMITED investor relations
INE205B01031,ELECON ENGINEERING CO.LTD.,"BSE, NSE",ELECON,ELECON,ELECON ENGINEERING CO.LTD. investor relations
INE205C01021,POLY MEDICURE LTD.,"BSE, NSE",POLYMED,POLYMED,POLY MEDICURE LTD. investor relations
INE205F01016,STEEL STRIPS INFRASTRUCTURES L,BSE,STLSTRINF,,STEEL STRIPS INFRASTRUCTURES L investor relations
INE206B01013,Zodiac Clothing Company Limited,NSE,,ZODIACLOTH,Zodiac Clothing Company Limited investor relations
INE206C01029,PRATIK PANELS LTD.,BSE,PRATIK,,PRATIK PANELS LTD. investor relations
INE206F01022,Authum Investment & Infrastruc,"BSE, NSE",AIIL,AIIL,Authum Investment & Infrastruc investor relations
INE206N01018,RAVINDRA ENERGY LIMITED,"BSE, NSE",RELTD,RELTD,RAVINDRA ENERGY LIMITED investor relations
INE206Z01020,Sun Retail Limited,BSE,SUNRETAIL,,Sun Retail Limited investor relations
INE207B01011,SHARP INDIA LTD.,BSE,SHARP,,SHARP INDIA LTD. investor relations
INE207C01019,ADINATH TEXTILES LTD.,BSE,ADINATH,,ADINATH TEXTILES LTD. investor relations
INE207E01023,RAM RATNA WIRES LTD.,"BSE, NSE",RAMRAT,RAMRAT,RAM RATNA WIRES LTD. investor relations
INE207H01018,GUJARAT NATURAL RESOURCES LIMI,BSE,GNRL,,GUJARAT NATURAL RESOURCES LIMI investor relations
INE208A01029,ASHOK LEYLAND LTD.,"BSE, NSE",ASHOKLEY,ASHOKLEY,ASHOK LEYLAND LTD. investor relations
INE208C01025,AEGIS LOGISTICS LTD.,"BSE, NSE",AEGISLOG,AEGISLOG,AEGIS LOGISTICS LTD. investor relations
INE209A01019,SUNDROP BRANDS LIMITED,"BSE, NSE",SUNDROP,SUNDROP,SUNDROP BRANDS LIMITED investor relations
INE209B01025,RICO AUTO INDUSTRIES LTD.,"BSE, NSE",RICOAUTO,RICOAUTO,RICO AUTO INDUSTRIES LTD. investor relations
INE209C01015,ALFA TRANSFORMERS LTD.,BSE,ALFATRAN,,ALFA TRANSFORMERS LTD. investor relations
INE209L01016,JUPITER WAGONS LIMITED,"BSE, NSE",JWL,JWL,JUPITER WAGONS LIMITED investor relations
INE210A01017,WILLIAMSON MAGOR & COMPANY LTD,"BSE, NSE",WILLAMAGOR,WILLAMAGOR,WILLIAMSON MAGOR & COMPANY LTD investor relations
INE210C01013,ARO GRANITE INDUSTRIES LTD.,"BSE, NSE",AROGRANITE,AROGRANITE,ARO GRANITE INDUSTRIES LTD. investor relations
INE210F01016,Swati Projects Limited,BSE,SWATIPRO,,Swati Projects Limited investor relations
INE211B01039,THE PHOENIX MILLS LTD,"BSE, NSE",PHOENIXLTD,PHOENIXLTD,THE PHOENIX MILLS LTD investor relations
INE211D01027,Abhinav Leasing & Finance Limi,BSE,ALFL,,Abhinav Leasing & Finance Limi investor relations
INE211R01019,Power Mech Projects Limited,"BSE, NSE",POWERMECH,POWERMECH,Power Mech Projects Limited investor relations
INE212H01026,AIA ENGINEERING LTD.,"BSE, NSE",AIAENG,AIAENG,AIA ENGINEERING LTD. investor relations
INE212I01016,S.P. Apparels Limited,"BSE, NSE",SPAL,SPAL,S.P. Apparels Limited investor relations
INE212P01011,CHEMTECH INDUSTRIAL VALVES LTD,BSE,CHEMTECH,,CHEMTECH INDUSTRIAL VALVES LTD investor relations
INE213A01029,OIL AND NATURAL GAS CORPORATIO,"BSE, NSE",ONGC,ONGC,OIL AND NATURAL GAS CORPORATIO investor relations
INE213B01019,ODYSSEY TECHNOLOGIES LTD.,BSE,ODYSSEY,,ODYSSEY TECHNOLOGIES LTD. investor relations
INE213C01025,BANCO PRODUCTS (INDIA) LTD.,"BSE, NSE",BANCOINDIA,BANCOINDIA,BANCO PRODUCTS (INDIA) LTD. investor relations
INE213D01015,Beekay Steel Industries Ltd.,BSE,BEEKAY,,Beekay Steel Industries Ltd. investor relations
INE213P01027,TRANSGLOBE FOODS LTD.,BSE,TRANSFD,,TRANSGLOBE FOODS LTD. investor relations
INE213U01019,Ladam Affortable Housing Limit,BSE,LAHL,,Ladam Affortable Housing Limit investor relations
INE214A01019,CYBERTECH SYSTEMS AND SOFTWARE,"BSE, NSE",CYBERTECH,CYBERTECH,CYBERTECH SYSTEMS AND SOFTWARE investor relations
INE214D01021,Karnawati Innovation Limited,BSE,KARNAWATI,,Karnawati Innovation Limited investor relations
INE214F01026,GRAVISS HOSPITALITY LTD.,BSE,GRAVISSHO,,GRAVISS HOSPITALITY LTD. investor relations
INE214T01019,LTIMindtree Limited,"BSE, NSE",LTIM,LTIM,LTIMindtree Limited investor relations
INE215B01022,ORCHASP LIMITED,"BSE, NSE",ORCHASP,ORCHASP,ORCHASP LIMITED investor relations
INE215D01010,MAHINDRA EPC IRRIGATION LIMITE,"BSE, NSE",MAHEPC,MAHEPC,MAHINDRA EPC IRRIGATION LIMITE investor relations
INE215F01023,The Western India Plywoods Limited,NSE,,WIPL,The Western India Plywoods Limited investor relations
INE215I01027,MAAN ALUMINIUM LTD.,"BSE, NSE",MAANALU,MAANALU,MAAN ALUMINIUM LTD. investor relations
INE216A01030,BRITANNIA INDUSTRIES LTD.,"BSE, NSE",BRITANNIA,BRITANNIA,BRITANNIA INDUSTRIES LTD. investor relations
INE216B01012,YASH MANAGEMENT & SATELLITE LT,BSE,YASHMGM,,YASH MANAGEMENT & SATELLITE LT investor relations
INE216C01010,CALCOM VISION LTD.,BSE,CALCOM,,CALCOM VISION LTD. investor relations
INE216I01017,NEO INFRACON LTD.,BSE,NEOINFRA,,NEO INFRACON LTD. investor relations
INE216P01012,AAVAS Financiers Limited,"BSE, NSE",AAVAS,AAVAS,AAVAS Financiers Limited investor relations
INE216Q01010,Mega Nirman & Industries Limit,BSE,MNIL,,Mega Nirman & Industries Limit investor relations
INE217A01012,Zuari Industries Limited,"BSE, NSE",ZUARIIND,ZUARIIND,Zuari Industries Limited investor relations
INE217B01036,KAJARIA CERAMICS LTD.,"BSE, NSE",KAJARIACER,KAJARIACER,KAJARIA CERAMICS LTD. investor relations
INE217E01014,Bazel International Limited,BSE,BAZELINTER,,Bazel International Limited investor relations
INE217G01035,EQUIPPP SOCIAL IMPACT TECHNOLO,"BSE, NSE",EQUIPPP,EQUIPPP,EQUIPPP SOCIAL IMPACT TECHNOLO investor relations
INE217K01011,Reliance Home Finance Limited,"BSE, NSE",RHFL,RHFL,Reliance Home Finance Limited investor relations
INE217L01019,Shriram Properties Limited,"BSE, NSE",SHRIRAMPPS,SHRIRAMPPS,Shriram Properties Limited investor relations
INE217S01014,Apoorva Leasing Finance & Inve,BSE,APOORVA,,Apoorva Leasing Finance & Inve investor relations
INE218C01016,AUSOM ENTERPRISE LIMITED,"BSE, NSE",AUSOMENT,AUSOMENT,AUSOM ENTERPRISE LIMITED investor relations
INE218G01033,PALRED TECHNOLOGIES LIMITED,"BSE, NSE",PALREDTEC,PALREDTEC,PALRED TECHNOLOGIES LIMITED investor relations
INE218I01013,Canara Robeco Asset Management,"BSE, NSE",CRAMC,CRAMC,Canara Robeco Asset Management investor relations
INE218N01021,ZR2 BIOENERGY LIMITED,BSE,ZR2,,ZR2 BIOENERGY LIMITED investor relations
INE219M01021,Atvo Enterprises Limited,BSE,ATVOENT,,Atvo Enterprises Limited investor relations
INE219W01012,MODERN INSULATORS LTD.,BSE,MODINSU,,MODERN INSULATORS LTD. investor relations
INE219X23014,IndiGrid Infrastructure Trust,BSE,INDIGRID,,IndiGrid Infrastructure Trust investor relations
INE219Y01026,R M DRIP AND SPRINKLERS SYSTEM,"BSE, NSE",RMDRIP,RMDRIP,R M DRIP AND SPRINKLERS SYSTEM investor relations
INE220B01022,KALPATARU PROJECTS INTERNATION,"BSE, NSE",KPIL,KPIL,KALPATARU PROJECTS INTERNATION investor relations
INE220C01012,DHANALAXMI ROTO SPINNERS LTD.,BSE,DHANROTO,,DHANALAXMI ROTO SPINNERS LTD. investor relations
INE220G01021,JINDAL STAINLESS LTD.,"BSE, NSE",JSL,JSL,JINDAL STAINLESS LTD. investor relations
INE220Q01020,Credo Brands Marketing Limited,"BSE, NSE",MUFTI,MUFTI,Credo Brands Marketing Limited investor relations
INE220Z01013,SHARAT INDUSTRIES LTD.,BSE,SHINDL,,SHARAT INDUSTRIES LTD. investor relations
INE221B01012,DYNAMATIC TECHNOLOGIES LTD.,"BSE, NSE",DYNAMATECH,DYNAMATECH,DYNAMATIC TECHNOLOGIES LTD. investor relations
INE221H01019,GTL INFRASTRUCTURE LTD.,"BSE, NSE",GTLINFRA,GTLINFRA,GTL INFRASTRUCTURE LTD. investor relations
INE221J01015,Sharda Cropchem Limited,"BSE, NSE",SHARDACROP,SHARDACROP,Sharda Cropchem Limited investor relations
INE222B01028,CEMANTIC INFRA-TECH LIMITED,BSE,CEMAINFRA,,CEMANTIC INFRA-TECH LIMITED investor relations
INE222F01029,VTM LTD.,BSE,VTMLTD,,VTM LTD. investor relations
INE222U01010,Golden Crest Education & Servi,BSE,GOLDENCREST,,Golden Crest Education & Servi investor relations
INE223R01014,Naturite Agro Products Limited,BSE,NAPL,,Naturite Agro Products Limited investor relations
INE224A01026,GREAVES COTTON LTD.,"BSE, NSE",GREAVESCOT,GREAVESCOT,GREAVES COTTON LTD. investor relations
INE224C01014,INANI SECURITIES LTD.,BSE,INANISEC,,INANI SECURITIES LTD. investor relations
INE224D01012,SUNIL AGRO FOODS LTD.,BSE,SUNILAGR,,SUNIL AGRO FOODS LTD. investor relations
INE224E01028,GACM Technologies Limited,"BSE, NSE",GATECH,GATECH,GACM Technologies Limited investor relations
INE224E01036,GACM Technologies Limited - DV,"BSE, NSE",GATECHDVR,GATECHDVR,GACM Technologies Limited - DV investor relations
INE225B01021,FERMENTA BIOTECH LIMITED,BSE,FERMENTA,,FERMENTA BIOTECH LIMITED investor relations
INE225D01027,SYMPHONY LIMITED,"BSE, NSE",SYMPHONY,SYMPHONY,SYMPHONY LIMITED investor relations
INE225G01012,GOWRA LEASING & FINANCE LTD.,BSE,GOWRALE,,GOWRA LEASING & FINANCE LTD. investor relations
INE226A01021,VOLTAS LTD.,"BSE, NSE",VOLTAS,VOLTAS,VOLTAS LTD. investor relations
INE226H01026,SADBHAV ENGINEERING LTD.,"BSE, NSE",SADBHAV,SADBHAV,SADBHAV ENGINEERING LTD. investor relations
INE227B01019,HIND ALUMINIUM INDUSTRIES LTD.,BSE,HINDALUMI,,HIND ALUMINIUM INDUSTRIES LTD. investor relations
INE227C01017,M.M.FORGINGS LTD.,"BSE, NSE",MMFL,MMFL,M.M.FORGINGS LTD. investor relations
INE227F01010,M. K. Exim (India) Ltd.,BSE,MKEXIM,,M. K. Exim (India) Ltd. investor relations
INE227G01018,INDOWIND ENERGY LTD.,"BSE, NSE",INDOWIND,INDOWIND,INDOWIND ENERGY LTD. investor relations
INE227J01012,Kalpataru Limited,"BSE, NSE",KALPATARU,KALPATARU,Kalpataru Limited investor relations
INE227W01023,Clean Science and Technology L,"BSE, NSE",CLEAN,CLEAN,Clean Science and Technology L investor relations
INE228A01035,USHA MARTIN LTD.,"BSE, NSE",USHAMART,USHAMART,USHA MARTIN LTD. investor relations
INE228I01012,ASAHI SONGWON COLORS LTD.,"BSE, NSE",ASAHISONG,ASAHISONG,ASAHI SONGWON COLORS LTD. investor relations
INE229A01017,ONWARD TECHNOLOGIES LTD.,"BSE, NSE",ONWARDTEC,ONWARDTEC,ONWARD TECHNOLOGIES LTD. investor relations
INE229C01021,SAGAR CEMENTS LTD.,"BSE, NSE",SAGCEM,SAGCEM,SAGAR CEMENTS LTD. investor relations
INE229D01011,RR FINANCIAL CONSULTANTS LTD.,BSE,RRFIN,,RR FINANCIAL CONSULTANTS LTD. investor relations
INE229G01022,KAISER CORPORATION LIMITED,BSE,KACL,,KAISER CORPORATION LIMITED investor relations
INE229H01012,NITIN SPINNERS LTD.,"BSE, NSE",NITINSPIN,NITINSPIN,NITIN SPINNERS LTD. investor relations
INE229N01010,NEWTRAC FOODS & BEVERAGES LIMI,BSE,NEWTRAC,,NEWTRAC FOODS & BEVERAGES LIMI investor relations
INE229R01011,Aryaman Capital Markets Limite,BSE,ARYACAPM,,Aryaman Capital Markets Limite investor relations
INE230A01023,EIH LTD.,"BSE, NSE",EIHOTEL,EIHOTEL,EIH LTD. investor relations
INE230B01021,CREATIVE EYE LTD.,"BSE, NSE",CREATIVEYE,CREATIVEYE,CREATIVE EYE LTD. investor relations
INE230F01014,RAINBOW FOUNDATIONS LTD.,BSE,RAINBOWF,,RAINBOW FOUNDATIONS LTD. investor relations
INE230I01018,Hawa Engineers ltd.,BSE,HAWAENG,,Hawa Engineers ltd. investor relations
INE230R01035,Rama Steel Tubes Limited,"BSE, NSE",RAMASTEEL,RAMASTEEL,Rama Steel Tubes Limited investor relations
INE231C01019,SHREYANS INDUSTRIES LTD.,"BSE, NSE",SHREYANIND,SHREYANIND,SHREYANS INDUSTRIES LTD. investor relations
INE231F01020,Sasken Technologies Limited,"BSE, NSE",SASKEN,SASKEN,Sasken Technologies Limited investor relations
INE231G01010,ORBIT EXPORTS LTD.,"BSE, NSE",ORBTEXP,ORBTEXP,ORBIT EXPORTS LTD. investor relations
INE232A01011,SHREE DIGVIJAY CEMENT CO.LTD.,"BSE, NSE",SHREDIGCEM,SHREDIGCEM,SHREE DIGVIJAY CEMENT CO.LTD. investor relations
INE232E01013,VELJAN DENISON LIMITED,BSE,VELJAN,,VELJAN DENISON LIMITED investor relations
INE232I01014,SUN PHARMA ADVANCED RESEARCH C,"BSE, NSE",SPARC,SPARC,SUN PHARMA ADVANCED RESEARCH C investor relations
INE232L01018,My Money Securities Ltd.,BSE,MYMONEY,,My Money Securities Ltd. investor relations
INE233A01035,GODREJ INDUSTRIES LTD.,"BSE, NSE",GODREJIND,GODREJIND,GODREJ INDUSTRIES LTD. investor relations
INE233B01017,BLUE DART EXPRESS LTD.,"BSE, NSE",BLUEDART,BLUEDART,BLUE DART EXPRESS LTD. investor relations
INE233C01023,PRIME PROPERTY DEVELOPMENT COR,BSE,PRIMEPRO,,PRIME PROPERTY DEVELOPMENT COR investor relations
INE233D01013,NATIONAL PLASTIC INDUSTRIES LT,BSE,NATPLAS,,NATIONAL PLASTIC INDUSTRIES LT investor relations
INE233P01017,SAPTARISHI AGRO INDUSTRIES LTD,BSE,SPTRSHI,,SAPTARISHI AGRO INDUSTRIES LTD investor relations
INE234A01025,NOVARTIS INDIA LTD.,BSE,NOVARTIND,,NOVARTIS INDIA LTD. investor relations
INE234B01023,CRANES SOFTWARE INTERNATIONAL,BSE,CRANESSOFT,,CRANES SOFTWARE INTERNATIONAL investor relations
INE234E01027,DJS STOCK & SHARES LTD.,BSE,DJSSS,,DJS STOCK & SHARES LTD. investor relations
INE234G01022,TRIO MERCANTILE & TRADING LTD.,BSE,TRIOMERC,,TRIO MERCANTILE & TRADING LTD. investor relations
INE234I01028,KAUSHALYA INFRASTRUCTURE DEVEL,"BSE, NSE",KAUSHALYA,KAUSHALYA,KAUSHALYA INFRASTRUCTURE DEVEL investor relations
INE234J01018,ANS INDUSTRIES LTD,BSE,ANSINDUS,,ANS INDUSTRIES LTD investor relations
INE235A01022,FINOLEX CABLES LTD.,"BSE, NSE",FINCABLES,FINCABLES,FINOLEX CABLES LTD. investor relations
INE235C01036,SUMEET INDUSTRIES LTD.,"BSE, NSE",SUMEETINDS,SUMEETINDS,SUMEET INDUSTRIES LTD. investor relations
INE235U01012,SIZEMASTERS TECHNOLOGY LIMITED,BSE,SIZEMASTER,,SIZEMASTERS TECHNOLOGY LIMITED investor relations
INE236A01020,HCL INFOSYSTEMS LTD.,"BSE, NSE",HCL-INSYS,HCL-INSYS,HCL INFOSYSTEMS LTD. investor relations
INE236E01022,ELLENBARRIE INDUSTRIAL GASES L,"BSE, NSE",ELLEN,ELLEN,ELLENBARRIE INDUSTRIAL GASES L investor relations
INE236G01019,TVS ELECTRONICS LTD.,"BSE, NSE",TVSELECT,TVSELECT,TVS ELECTRONICS LTD. investor relations
INE236W01016,ANG Lifesciences India Limited,BSE,ANG,,ANG Lifesciences India Limited investor relations
INE236Y01012,NAKODA GROUP OF INDUSTRIES LIM,"BSE, NSE",NGIL,NGIL,NAKODA GROUP OF INDUSTRIES LIM investor relations
INE237A01036,KOTAK MAHINDRA BANK LTD.,"BSE, NSE",KOTAKBANK,KOTAKBANK,KOTAK MAHINDRA BANK LTD. investor relations
INE237B01018,Jeevan Scientific Technology L,BSE,JSTL,,Jeevan Scientific Technology L investor relations
INE237C01016,KATI PATANG LIFESTYLE LIMITED,BSE,KATIPATANG,,KATI PATANG LIFESTYLE LIMITED investor relations
INE238A01034,AXIS BANK LTD.,"BSE, NSE",AXISBANK,AXISBANK,AXIS BANK LTD. investor relations
INE238C01022,Trishakti Industries Limited,BSE,TRISHAKT,,Trishakti Industries Limited investor relations
INE239A01024,NESTLE INDIA LTD.,"BSE, NSE",NESTLEIND,NESTLEIND,NESTLE INDIA LTD. investor relations
INE239B01014,RUPAREL FOOD PRODUCTS LIMITED,BSE,RFL,,RUPAREL FOOD PRODUCTS LIMITED investor relations
INE239C01020,STYLAM INDUSTRIES LIMITED,"BSE, NSE",STYLAMIND,STYLAMIND,STYLAM INDUSTRIES LIMITED investor relations
INE239D01028,OM INFRA LIMITED,"BSE, NSE",OMINFRAL,OMINFRAL,OM INFRA LIMITED investor relations
INE239L01013,Palco Metals Limited,BSE,PALCO,,Palco Metals Limited investor relations
INE240B01012,MEHTA INTEGRATED FINANCE LTD.,BSE,MEHIF,,MEHTA INTEGRATED FINANCE LTD. investor relations
INE240C01028,USHA MARTIN EDUCATION & SOLUTI,"BSE, NSE",UMESLTD,UMESLTD,USHA MARTIN EDUCATION & SOLUTI investor relations
INE240T01014,Parmax Pharma Limited,BSE,PARMAX,,Parmax Pharma Limited investor relations
INE241F01011,FUTURISTIC SOLUTIONS LTD.,BSE,FUTSOL,,FUTURISTIC SOLUTIONS LTD. investor relations
INE241V01018,SHRI GANG INDUSTRIES AND ALLIE,BSE,SHRIGANG,,SHRI GANG INDUSTRIES AND ALLIE investor relations
INE242A01010,INDIAN OIL CORPORATION LTD.,"BSE, NSE",IOC,IOC,INDIAN OIL CORPORATION LTD. investor relations
INE242B01018,NIRAV COMMERCIALS LTD.,BSE,NIRAVCOM,,NIRAV COMMERCIALS LTD. investor relations
INE242C01024,ANANT RAJ LIMITED,"BSE, NSE",ANANTRAJ,ANANTRAJ,ANANT RAJ LIMITED investor relations
INE242Q01016,JMJ Fintech Limited,BSE,JMJFIN,,JMJ Fintech Limited investor relations
INE243B01016,PADMALAYA TELEFILMS LTD.,BSE,PADMALAYAT,,PADMALAYA TELEFILMS LTD. investor relations
INE243D01012,BF UTILITIES LTD.,"BSE, NSE",BFUTILITIE,BFUTILITIE,BF UTILITIES LTD. investor relations
INE243N01029,SWADESHI POLYTEX LTD.,BSE,SWADPOL,,SWADESHI POLYTEX LTD. investor relations
INE244A01016,DE NORA INDIA LTD.,"BSE, NSE",DENORA,DENORA,DE NORA INDIA LTD. investor relations
INE244B01030,PATEL ENGINEERING LTD.,"BSE, NSE",PATELENG,PATELENG,PATEL ENGINEERING LTD. investor relations
INE244C01020,MFL INDIA LTD.,BSE,MFLINDIA,,MFL INDIA LTD. investor relations
INE244O01017,Uniparts India Limited,"BSE, NSE",UNIPARTS,UNIPARTS,Uniparts India Limited investor relations
INE244W01010,Veer Global Infraconstruction,BSE,VGIL,,Veer Global Infraconstruction investor relations
INE245A01021,TATA POWER CO.LTD.,"BSE, NSE",TATAPOWER,TATAPOWER,TATA POWER CO.LTD. investor relations
INE245B01011,PHOENIX INTERNATIONAL LTD.,BSE,PHOENXINTL,,PHOENIX INTERNATIONAL LTD. investor relations
INE245H01018,MARG TECHNO PROJECTS LIMITED,BSE,MTPL,,MARG TECHNO PROJECTS LIMITED investor relations
INE245I01016,NAGREEKA CAPITAL & INFRASTRUCT,"BSE, NSE",NAGREEKCAP,NAGREEKCAP,NAGREEKA CAPITAL & INFRASTRUCT investor relations
INE245L01028,RDB INFRASTRUCTURE AND POWER L,BSE,RDBIPL,,RDB INFRASTRUCTURE AND POWER L investor relations
INE246B01019,RAMCO SYSTEMS LTD.,"BSE, NSE",RAMCOSYS,RAMCOSYS,RAMCO SYSTEMS LTD. investor relations
INE246F01010,GUJARAT STATE PETRONET LTD.,"BSE, NSE",GSPL,GSPL,GUJARAT STATE PETRONET LTD. investor relations
INE247C01023,VIRTUAL GLOBAL EDUCATION LTD.,BSE,VIRTUALG,,VIRTUAL GLOBAL EDUCATION LTD. investor relations
INE247D01039,JINDAL WORLDWIDE LTD.,"BSE, NSE",JINDWORLD,JINDWORLD,JINDAL WORLDWIDE LTD. investor relations
INE247F01018,ORIENT BEVERAGES LTD.,BSE,ORIBEVER,,ORIENT BEVERAGES LTD. investor relations
INE247M01014,SPECIALITY RESTAURANTS LTD.,"BSE, NSE",SPECIALITY,SPECIALITY,SPECIALITY RESTAURANTS LTD. investor relations
INE248A01017,ITI LTD.,"BSE, NSE",ITI,ITI,ITI LTD. investor relations
INE248B01023,SAWACA ENTERPRISES LIMITED,BSE,SAWACA,,SAWACA ENTERPRISES LIMITED investor relations
INE249D01019,RIDDHI SIDDHI GLUCO BIOLS LTD.,BSE,RIDDHI,,RIDDHI SIDDHI GLUCO BIOLS LTD. investor relations
INE249Z01020,Mazagon Dock Shipbuilders Limi,"BSE, NSE",MAZDOCK,MAZDOCK,Mazagon Dock Shipbuilders Limi investor relations
INE24OJ01011,Shankara Buildpro Limited,"BSE, NSE",BUILDPRO,BUILDPRO,Shankara Buildpro Limited investor relations
INE250A01039,KIRLOSKAR INDUSTRIES LTD,"BSE, NSE",KIRLOSIND,KIRLOSIND,KIRLOSKAR INDUSTRIES LTD investor relations
INE250B01029,VINYL CHEMICALS (INDIA) LTD.,"BSE, NSE",VINYLINDIA,VINYLINDIA,VINYL CHEMICALS (INDIA) LTD. investor relations
INE250C01027,JAI MATA GLASS LTD.,BSE,JAIMATAG,,JAI MATA GLASS LTD. investor relations
INE250D01017,JAYATMA INDUSTRIES LIMITED,BSE,JAYIND,,JAYATMA INDUSTRIES LIMITED investor relations
INE250G01010,Unick Fix-A- Form and Printers,BSE,UNICK,,Unick Fix-A- Form and Printers investor relations
INE250K01012,D-LINK (INDIA) LTD,"BSE, NSE",DLINKINDIA,DLINKINDIA,D-LINK (INDIA) LTD investor relations
INE250S01015,MODERN ENGINEERING AND PROJECT,BSE,MEAPL,,MODERN ENGINEERING AND PROJECT investor relations
INE250Z01010,Indo US Bio-Tech Limited,"BSE, NSE",INDOUS,INDOUS,Indo US Bio-Tech Limited investor relations
INE251B01027,ZEN TECHNOLOGIES LTD.,"BSE, NSE",ZENTEC,ZENTEC,ZEN TECHNOLOGIES LTD. investor relations
INE251C01025,ABM International Limited,NSE,,ABMINTLLTD,ABM International Limited investor relations
INE251H01024,GVK POWER & INFRASTRUCTURE LTD,"BSE, NSE",GVKPIL,GVKPIL,GVK POWER & INFRASTRUCTURE LTD investor relations
INE252A01019,SPEL SEMICONDUCTOR LTD.,BSE,SPELS,,SPEL SEMICONDUCTOR LTD. investor relations
INE253A01025,HINDUSTAN MOTORS LTD.,BSE,HINDMOTORS,,HINDUSTAN MOTORS LTD. investor relations
INE253B01015,TWENTYFIRST CENTURY MANAGEMENT,"BSE, NSE",21STCENMGM,21STCENMGM,TWENTYFIRST CENTURY MANAGEMENT investor relations
INE253C01013,BLOOM DEKOR LTD.,BSE,BLOOM,,BLOOM DEKOR LTD. investor relations
INE254N01026,HINDUSTAN FOODS LTD.,"BSE, NSE",HNDFDS,HNDFDS,HINDUSTAN FOODS LTD. investor relations
INE255A01020,EPL LIMITED,"BSE, NSE",EPL,EPL,EPL LIMITED investor relations
INE255C01026,GALADA POWER & TELECOMMUNICATI,BSE,GALADA,,GALADA POWER & TELECOMMUNICATI investor relations
INE255D01024,GULSHAN POLYOLS LTD.,"BSE, NSE",GULPOLY,GULPOLY,GULSHAN POLYOLS LTD. investor relations
INE255E01030,VEER ENERGY & INFRASTRUCTURE L,BSE,VEERENRGY,,VEER ENERGY & INFRASTRUCTURE L investor relations
INE255X01014,MSTC Limited,"BSE, NSE",MSTCLTD,MSTCLTD,MSTC Limited investor relations
INE255Z01019,E2E Networks Limited,NSE,,E2E,E2E Networks Limited investor relations
INE256A01028,ZEE ENTERTAINMENT ENTERPRISES,"BSE, NSE",ZEEL,ZEEL,ZEE ENTERTAINMENT ENTERPRISES investor relations
INE256C01024,TRIVENI ENGINEERING & INDUSTRI,"BSE, NSE",TRIVENI,TRIVENI,TRIVENI ENGINEERING & INDUSTRI investor relations
INE256D01014,GENUS PRIME INFRA LIMITED,BSE,GENUSPRIME,,GENUS PRIME INFRA LIMITED investor relations
INE256H01015,DYNEMIC PRODUCTS LTD.,"BSE, NSE",DYNPRO,DYNPRO,DYNEMIC PRODUCTS LTD. investor relations
INE256S01012,Naksh Precious Metals Limited,BSE,NAKSH,,Naksh Precious Metals Limited investor relations
INE256Z01025,Akshar Spintex Limited,"BSE, NSE",AKSHAR,AKSHAR,Akshar Spintex Limited investor relations
INE257A01026,BHARAT HEAVY ELECTRICALS LTD.,"BSE, NSE",BHEL,BHEL,BHARAT HEAVY ELECTRICALS LTD. investor relations
INE257C01014,ADTECH SYSTEMS LIMITED,BSE,ADTECH,,ADTECH SYSTEMS LIMITED investor relations
INE257F01017,MAHALAXMI SEAMLESS LTD.,BSE,MAHALXSE,,MAHALAXMI SEAMLESS LTD. investor relations
INE258A01024,BEML LTD.,"BSE, NSE",BEML,BEML,BEML LTD. investor relations
INE258B01022,FDC LTD.,"BSE, NSE",FDC,FDC,FDC LTD. investor relations
INE258C01038,ACCEL LIMITED,BSE,ACCEL,,ACCEL LIMITED investor relations
INE258G01013,SUMITOMO CHEMICAL INDIA LIMITE,"BSE, NSE",SUMICHEM,SUMICHEM,SUMITOMO CHEMICAL INDIA LIMITE investor relations
INE258M01011,FERVENT SYNERGIES LTD.,BSE,FERVENTSYN,,FERVENT SYNERGIES LTD. investor relations
INE258R01028,PANORAMA STUDIOS INTERNATIONAL,BSE,PANORAMA,,PANORAMA STUDIOS INTERNATIONAL investor relations
INE258Y01016,Laxmi Goldorna House Limited,NSE,,LGHL,Laxmi Goldorna House Limited investor relations
INE259A01022,COLGATE-PALMOLIVE (INDIA) LTD.,"BSE, NSE",COLPAL,COLPAL,COLGATE-PALMOLIVE (INDIA) LTD. investor relations
INE260B01028,GODFREY PHILLIPS INDIA LTD.,"BSE, NSE",GODFRYPHLP,GODFRYPHLP,GODFREY PHILLIPS INDIA LTD. investor relations
INE260D01016,OLECTRA GREENTECH LIMITED,"BSE, NSE",OLECTRA,OLECTRA,OLECTRA GREENTECH LIMITED investor relations
INE260E01014,Shri Keshav Cements and Infra,BSE,SKCIL,,Shri Keshav Cements and Infra investor relations
INE260R01016,Dhabriya Polywood Limited,BSE,DHABRIYA,,Dhabriya Polywood Limited investor relations
INE262A01018,HMT LTD.,"BSE, NSE",HMT,HMT,HMT LTD. investor relations
INE262B01016,INTERNATIONAL TRAVEL HOUSE LTD,BSE,ITHL,,INTERNATIONAL TRAVEL HOUSE LTD investor relations
INE262C01014,POLYCON INTERNATIONAL LTD.,BSE,POLYCON,,POLYCON INTERNATIONAL LTD. investor relations
INE262H01021,PERSISTENT SYSTEMS LTD.,"BSE, NSE",PERSISTENT,PERSISTENT,PERSISTENT SYSTEMS LTD. investor relations
INE262W01012,MAYUR FLOORINGS LTD.,BSE,MAYURFL,,MAYUR FLOORINGS LTD. investor relations
INE262Z01023,Latteys Industries Limited,NSE,,LATTEYS,Latteys Industries Limited investor relations
INE263A01024,BHARAT ELECTRONICS LTD.,"BSE, NSE",BEL,BEL,BHARAT ELECTRONICS LTD. investor relations
INE263B01022,JAYSYNTH ORGOCHEM LIMITED,BSE,JAYSYNTH,,JAYSYNTH ORGOCHEM LIMITED investor relations
INE263M01029,Keystone Realtors Limited,"BSE, NSE",RUSTOMJEE,RUSTOMJEE,Keystone Realtors Limited investor relations
INE263W01010,Maheshwari Logistics Limited,NSE,,MAHESHWARI,Maheshwari Logistics Limited investor relations
INE264T01014,Capacit'e Infraprojects Limite,"BSE, NSE",CAPACITE,CAPACITE,Capacit'e Infraprojects Limite investor relations
INE265B01019,NITTA GELATIN INDIA LTD.,BSE,NITTAGELA,,NITTA GELATIN INDIA LTD. investor relations
INE265F01028,ENTERTAINMENT NETWORK (INDIA),"BSE, NSE",ENIL,ENIL,ENTERTAINMENT NETWORK (INDIA) investor relations
INE266B01017,KINETIC ENGINEERING LTD.,BSE,KINETICENG,,KINETIC ENGINEERING LTD. investor relations
INE266C01023,SGN TELECOMS LTD.,BSE,SGNTE,,SGN TELECOMS LTD. investor relations
INE266D01021,GRAUER & WEIL (INDIA) LTD.,BSE,GRAUWEIL,,GRAUER & WEIL (INDIA) LTD. investor relations
INE266F01018,APTECH LTD.,"BSE, NSE",APTECHT,APTECHT,APTECH LTD. investor relations
INE266H01014,CELLA SPACE LIMITED,BSE,CELLA,,CELLA SPACE LIMITED investor relations
INE266P01017,WEST LEISURE RESORTS LTD,BSE,WESTLEIRES,,WEST LEISURE RESORTS LTD investor relations
INE266Y01019,D P ABHUSHAN LIMITED,"BSE, NSE",DPABHUSHAN,DPABHUSHAN,D P ABHUSHAN LIMITED investor relations
INE267A01025,HINDUSTAN ZINC LTD.,"BSE, NSE",HINDZINC,HINDZINC,HINDUSTAN ZINC LTD. investor relations
INE267C01013,AMBITIOUS PLASTOMAC COMPANY LT,BSE,AMBIT,,AMBITIOUS PLASTOMAC COMPANY LT investor relations
INE267E01019,LIBORD SECURITIES LTD.,BSE,LIBORD,,LIBORD SECURITIES LTD. investor relations
INE268B01013,KREBS BIOCHEMICALS & INDUSTRIE,"BSE, NSE",KREBSBIO,KREBSBIO,KREBS BIOCHEMICALS & INDUSTRIE investor relations
INE268H01044,NAVKAR URBANSTRUCTURE LIMITED,"BSE, NSE",NAVKARURB,NAVKARURB,NAVKAR URBANSTRUCTURE LIMITED investor relations
INE268L01046,SHEKHAWATI INDUSTRIES LIMITED,"BSE, NSE",SHEKHAWATI,SHEKHAWATI,SHEKHAWATI INDUSTRIES LIMITED investor relations
INE268T01015,Supra Pacific Financial Servic,BSE,SUPRAPFSL,,Supra Pacific Financial Servic investor relations
INE269A01021,SONATA SOFTWARE LTD.,"BSE, NSE",SONATSOFTW,SONATSOFTW,SONATA SOFTWARE LTD. investor relations
INE269B01029,LMW Limited,"BSE, NSE",LMW,LMW,LMW Limited investor relations
INE270A01029,ALOK INDUSTRIES LTD.,"BSE, NSE",ALOKINDS,ALOKINDS,ALOK INDUSTRIES LTD. investor relations
INE270B01035,MAFATLAL INDUSTRIES LTD.,BSE,MAFATIND,,MAFATLAL INDUSTRIES LTD. investor relations
INE270I01022,VISHNU CHEMICALS LTD.,"BSE, NSE",VISHNU,VISHNU,VISHNU CHEMICALS LTD. investor relations
INE271B01025,MAHARASHTRA SEAMLESS LTD.,"BSE, NSE",MAHSEAMLES,MAHSEAMLES,MAHARASHTRA SEAMLESS LTD. investor relations
INE271C01023,DLF LTD.,"BSE, NSE",DLF,DLF,DLF LTD. investor relations
INE271D01013,SUNGOLD CAPITAL LTD.,BSE,SUNGOLD,,SUNGOLD CAPITAL LTD. investor relations
INE272C01013,DEEPAK SPINNERS LTD.,BSE,DEEPAKSP,,DEEPAK SPINNERS LTD. investor relations
INE272E01027,MAHARASHTRA CORPORATION LTD.,BSE,MAHACORP,,MAHARASHTRA CORPORATION LTD. investor relations
INE272G01014,PARLE INDUSTRIES LIMITED,BSE,PARLEIND,,PARLE INDUSTRIES LIMITED investor relations
INE272L01022,SURANA SOLAR LTD.,"BSE, NSE",SURANASOL,SURANASOL,SURANA SOLAR LTD. investor relations
INE273A01015,APLAB LTD.,BSE,APLAB,,APLAB LTD. investor relations
INE273D01019,VARVEE GLOBAL LIMITED,"BSE, NSE",VGL,VGL,VARVEE GLOBAL LIMITED investor relations
INE274C01019,WENDT (INDIA) LTD.,"BSE, NSE",WENDT,WENDT,WENDT (INDIA) LTD. investor relations
INE274E01015,INDIA HOME LOAN LTD.,BSE,INDIAHOME,,INDIA HOME LOAN LTD. investor relations
INE274F01020,WESTLIFE FOODWORLD LIMITED,"BSE, NSE",WESTLIFE,WESTLIFE,WESTLIFE FOODWORLD LIMITED investor relations
INE274J01014,OIL INDIA LTD.,"BSE, NSE",OIL,OIL,OIL INDIA LTD. investor relations
INE274K01012,BHILWARA TECHNICAL TEXTILES LT,BSE,BTTL,,BHILWARA TECHNICAL TEXTILES LT investor relations
INE274M01026,COMFORT FINCAP LTD.,BSE,COMFINCAP,,COMFORT FINCAP LTD. investor relations
INE274V01019,Shankara Building Products Lim,"BSE, NSE",SHANKARA,SHANKARA,Shankara Building Products Lim investor relations
INE274Y01021,AJAX Engineering Limited,"BSE, NSE",AJAXENGG,AJAXENGG,AJAX Engineering Limited investor relations
INE275B01026,HUHTAMAKI INDIA LIMITED,"BSE, NSE",HUHTAMAKI,HUHTAMAKI,HUHTAMAKI INDIA LIMITED investor relations
INE275D01022,AMINES & PLASTICIZERS LTD.,"BSE, NSE",AMNPLST,AMNPLST,AMINES & PLASTICIZERS LTD. investor relations
INE276A01018,GARWARE TECHNICAL FIBRES LIMIT,"BSE, NSE",GARFIBRES,GARFIBRES,GARWARE TECHNICAL FIBRES LIMIT investor relations
INE276C01014,EIH ASSOCIATED HOTELS LTD.,"BSE, NSE",EIHAHOTELS,EIHAHOTELS,EIH ASSOCIATED HOTELS LTD. investor relations
INE276D01012,ARCEE INDUSTRIES LTD.,BSE,ARCEEIN,,ARCEE INDUSTRIES LTD. investor relations
INE276G01015,ASIAN ENERGY SERVICES LTD,"BSE, NSE",ASIANENE,ASIANENE,ASIAN ENERGY SERVICES LTD investor relations
INE276H01013,NIDHI GRANITES LTD.,BSE,NIDHGRN,,NIDHI GRANITES LTD. investor relations
INE276T01018,ADLINE CHEM LAB LIMITED,BSE,ADLINE,,ADLINE CHEM LAB LIMITED investor relations
INE277A01016,SWARAJ ENGINES LTD.,"BSE, NSE",SWARAJENG,SWARAJENG,SWARAJ ENGINES LTD. investor relations
INE277B01014,PUNJAB CHEMICALS AND CROP PROT,"BSE, NSE",PUNJABCHEM,PUNJABCHEM,PUNJAB CHEMICALS AND CROP PROT investor relations
INE277C01012,Regency Ceramics Limited,NSE,,REGENCERAM,Regency Ceramics Limited investor relations
INE278B01020,SHREE RAMA NEWSPRINT LTD.,"BSE, NSE",RAMANEWS,RAMANEWS,SHREE RAMA NEWSPRINT LTD. investor relations
INE278C01010,SHETRON LTD.,BSE,SHETR,,SHETRON LTD. investor relations
INE278D01018,BDH INDUSTRIES LTD.,BSE,BDH,,BDH INDUSTRIES LTD. investor relations
INE278G01037,CYBER MEDIA (INDIA) LTD.,"BSE, NSE",CYBERMEDIA,CYBERMEDIA,CYBER MEDIA (INDIA) LTD. investor relations
INE278H01035,Sandhar Technologies Limited,"BSE, NSE",SANDHAR,SANDHAR,Sandhar Technologies Limited investor relations
INE278M01019,Navkar Corporation Limited,"BSE, NSE",NAVKARCORP,NAVKARCORP,Navkar Corporation Limited investor relations
INE278O01015,GANGA PAPERS INDIA LTD.,BSE,GANGAPA,,GANGA PAPERS INDIA LTD. investor relations
INE278R01034,DHARAN INFRA-EPC LIMITED,"BSE, NSE",DHARAN,DHARAN,DHARAN INFRA-EPC LIMITED investor relations
INE278Y01022,Campus Activewear Limited,"BSE, NSE",CAMPUS,CAMPUS,Campus Activewear Limited investor relations
INE279A01012,UNIVERSAL CABLES LTD.,"BSE, NSE",UNIVCABLES,UNIVCABLES,UNIVERSAL CABLES LTD. investor relations
INE280A01028,TITAN COMPANY LIMITED,"BSE, NSE",TITAN,TITAN,TITAN COMPANY LIMITED investor relations
INE280B01018,ELANTAS BECK INDIA LTD.,BSE,ELANTAS,,ELANTAS BECK INDIA LTD. investor relations
INE280E01038,SATTVA SUKUN LIFECARE LIMITED,BSE,SATTVASUKU,,SATTVA SUKUN LIFECARE LIMITED investor relations
INE280F01019,JAINEX AAMCOL LTD.,BSE,JAINEX,,JAINEX AAMCOL LTD. investor relations
INE280H01015,SAHYADRI INDUSTRIES LTD.,"BSE, NSE",SAHYADRI,SAHYADRI,SAHYADRI INDUSTRIES LTD. investor relations
INE281A01026,CENTURY EXTRUSIONS LTD.,"BSE, NSE",CENTEXT,CENTEXT,CENTURY EXTRUSIONS LTD. investor relations
INE281B01032,LLOYDS METALS AND ENERGY LTD.,"BSE, NSE",LLOYDSME,LLOYDSME,LLOYDS METALS AND ENERGY LTD. investor relations
INE281E01028,MINI DIAMONDS (INDIA) LTD.,BSE,MINID,,MINI DIAMONDS (INDIA) LTD. investor relations
INE281M01013,LWS KNITWEAR LTD.,BSE,LWSKNIT,,LWS KNITWEAR LTD. investor relations
INE281P01016,Abhishek Infraventures Limited,BSE,ABHIINFRA,,Abhishek Infraventures Limited investor relations
INE283A01014,Precot Limited,NSE,,PRECOT,Precot Limited investor relations
INE283D01018,ANJANI FINANCE LTD.,BSE,ANJANIFIN,,ANJANI FINANCE LTD. investor relations
INE283H01019,ROYAL ORCHID HOTELS LTD.,"BSE, NSE",ROHLTD,ROHLTD,ROYAL ORCHID HOTELS LTD. investor relations
INE284A01012,ESAB INDIA LTD.,"BSE, NSE",ESABINDIA,ESABINDIA,ESAB INDIA LTD. investor relations
INE284B01028,TGV SRAAC Limited,BSE,TGVSL,,TGV SRAAC Limited investor relations
INE284C01018,LAKSHMI ELECTRICAL CONTROL SYS,BSE,LAKSELEC,,LAKSHMI ELECTRICAL CONTROL SYS investor relations
INE284H01025,DAM Capital Advisors Limited,"BSE, NSE",DAMCAPITAL,DAMCAPITAL,DAM Capital Advisors Limited investor relations
INE284S01014,S.J.S. Enterprises Limited,"BSE, NSE",SJS,SJS,S.J.S. Enterprises Limited investor relations
INE285A01027,ELGI EQUIPMENTS LTD.,"BSE, NSE",ELGIEQUIP,ELGIEQUIP,ELGI EQUIPMENTS LTD. investor relations
INE285B01017,SPICEJET LTD.,BSE,SPICEJET,,SPICEJET LTD. investor relations
INE285C01015,VOITH PAPER FABRICS INDIA LTD.,BSE,VOITHPAPR,,VOITH PAPER FABRICS INDIA LTD. investor relations
INE285H01022,ATLANTAA LIMITED,"BSE, NSE",ATLANTAA,ATLANTAA,ATLANTAA LIMITED investor relations
INE285J01028,SIS LIMITED,"BSE, NSE",SIS,SIS,SIS LIMITED investor relations
INE285K01026,Techno Electric & Engineering,"BSE, NSE",TECHNOE,TECHNOE,Techno Electric & Engineering investor relations
INE285U01025,KIMIA BIOSCIENCES LIMITED,BSE,KIMIABL,,KIMIA BIOSCIENCES LIMITED investor relations
INE286H01012,VISA STEEL LTD.,"BSE, NSE",VISASTEEL,VISASTEEL,VISA STEEL LTD. investor relations
INE286N01028,PRISMX GLOBAL VENTURES LIMITED,BSE,PRISMX,,PRISMX GLOBAL VENTURES LIMITED investor relations
INE287B01021,SUBROS LTD.,"BSE, NSE",SUBROS,SUBROS,SUBROS LTD. investor relations
INE287C01037,MIC ELECTRONICS LTD.,"BSE, NSE",MICEL,MICEL,MIC ELECTRONICS LTD. investor relations
INE287Z01012,GAYATRI HIGHWAYS LTD,"BSE, NSE",GAYAHWS,GAYAHWS,GAYATRI HIGHWAYS LTD investor relations
INE288A01013,MAHARASHTRA SCOOTERS LTD.,"BSE, NSE",MAHSCOOTER,MAHSCOOTER,MAHARASHTRA SCOOTERS LTD. investor relations
INE288B01029,DEEPAK NITRITE LTD.,"BSE, NSE",DEEPAKNTR,DEEPAKNTR,DEEPAK NITRITE LTD. investor relations
INE289A01011,NAHAR INDUSTRIAL ENTERPRISES L,"BSE, NSE",NAHARINDUS,NAHARINDUS,NAHAR INDUSTRIAL ENTERPRISES L investor relations
INE289B01019,GIC HOUSING FINANCE LTD.,"BSE, NSE",GICHSGFIN,GICHSGFIN,GIC HOUSING FINANCE LTD. investor relations
INE289C01025,TEAM INDIA GUARANTY LIMITED,"BSE, NSE",TEAMGTY,TEAMGTY,TEAM INDIA GUARANTY LIMITED investor relations
INE289D01015,JAY USHIN LTD.,BSE,JAYUSH,,JAY USHIN LTD. investor relations
INE289M01016,JOLLY PLASTIC INDUSTRIES LTD.,BSE,JOLYPLS,,JOLLY PLASTIC INDUSTRIES LTD. investor relations
INE28GN01010,Advent Hotels International Li,"BSE, NSE",ADVENTHTL,ADVENTHTL,Advent Hotels International Li investor relations
INE290A01027,NAHAR SPINNING MILLS LTD.,"BSE, NSE",NAHARSPING,NAHARSPING,NAHAR SPINNING MILLS LTD. investor relations
INE290E01011,YOGI LIMITED,BSE,YOGI,,YOGI LIMITED investor relations
INE290S01011,CarTrade Tech Limited,"BSE, NSE",CARTRADE,CARTRADE,CarTrade Tech Limited investor relations
INE291A01017,GARWARE HI-TECH FILMS LIMITED,"BSE, NSE",GRWRHITECH,GRWRHITECH,GARWARE HI-TECH FILMS LIMITED investor relations
INE291D01011,KDDL LTD.,"BSE, NSE",KDDL,KDDL,KDDL LTD. investor relations
INE291E01019,Paul Merchants Ltd.,BSE,PML,,Paul Merchants Ltd. investor relations
INE291R01011,Athena Constructions Limited,BSE,ATHCON,,Athena Constructions Limited investor relations
INE291W01037,Global Education Limited,NSE,,GLOBAL,Global Education Limited investor relations
INE292B01021,HBL ENGINEERING LIMITED,"BSE, NSE",HBLENGINE,HBLENGINE,HBL ENGINEERING LIMITED investor relations
INE292C01011,AURO LABORATORIES LTD.,BSE,AUROLAB,,AURO LABORATORIES LTD. investor relations
INE293B01029,SRI HAVISHA HOSPITALITY INFRAS,"BSE, NSE",HAVISHA,HAVISHA,SRI HAVISHA HOSPITALITY INFRAS investor relations
INE293C01019,ASHRAM ONLINE.COM LTD.,BSE,ASHRAM,,ASHRAM ONLINE.COM LTD. investor relations
INE293D01017,KIRAN SYNTEX LTD.,BSE,KIRANSY-B,,KIRAN SYNTEX LTD. investor relations
INE293E01031,CROPSTER AGRO LIMITED,BSE,CROPSTER,,CROPSTER AGRO LIMITED investor relations
INE293N01016,CRESTCHEM LTD.,BSE,CRSTCHM,,CRESTCHEM LTD. investor relations
INE294B01019,SML Mahindra Limited,"BSE, NSE",SMLMAH,SMLMAH,SML Mahindra Limited investor relations
INE294G01026,RAJ OIL MILLS LTD.,"BSE, NSE",ROML,ROML,RAJ OIL MILLS LTD. investor relations
INE294Z01018,The Anup Engineering Ltd,"BSE, NSE",ANUP,ANUP,The Anup Engineering Ltd investor relations
INE295A01018,EVEREST INDUSTRIES LTD.,"BSE, NSE",EVERESTIND,EVERESTIND,EVEREST INDUSTRIES LTD. investor relations
INE295B01016,SWOJAS FOODS LIMITED,BSE,SWOJAS,,SWOJAS FOODS LIMITED investor relations
INE295C01014,VIRAT CRANE INDUSTRIES LTD.,BSE,VIRATCRA,,VIRAT CRANE INDUSTRIES LTD. investor relations
INE295D01020,NACL Industries Limited,"BSE, NSE",NACLIND,NACLIND,NACL Industries Limited investor relations
INE295F01017,BUTTERFLY GANDHIMATHI APPLIANC,"BSE, NSE",BUTTERFLY,BUTTERFLY,BUTTERFLY GANDHIMATHI APPLIANC investor relations
INE295Z01015,Parvati Sweetners and Power Lt,BSE,PARVATI,,Parvati Sweetners and Power Lt investor relations
INE296A01032,BAJAJ FINANCE LIMITED,"BSE, NSE",BAJFINANCE,BAJFINANCE,BAJAJ FINANCE LIMITED investor relations
INE296C01020,FIBERWEB (INDIA) LTD.,"BSE, NSE",FIBERWEB,FIBERWEB,FIBERWEB (INDIA) LTD. investor relations
INE296D01010,NATIONAL OXYGEN LTD.,BSE,NOL,,NATIONAL OXYGEN LTD. investor relations
INE296E01026,RAJAPALAYAM MILLS LTD.,BSE,RAJPALAYAM,,RAJAPALAYAM MILLS LTD. investor relations
INE296G01013,MUTHOOT CAPITAL SERVICES LTD.,"BSE, NSE",MUTHOOTCAP,MUTHOOTCAP,MUTHOOT CAPITAL SERVICES LTD. investor relations
INE296H01011,EMKAY GLOBAL FINANCIAL SERVICE,"BSE, NSE",EMKAY,EMKAY,EMKAY GLOBAL FINANCIAL SERVICE investor relations
INE296Q01012,MONEYBOXX FINANCE LIMITED,"BSE, NSE",MONEYBOXX,MONEYBOXX,MONEYBOXX FINANCE LIMITED investor relations
INE297D01018,PRIMA AGRO LTD.,BSE,PRIMAGR,,PRIMA AGRO LTD. investor relations
INE297H01019,GALLANTT ISPAT LIMITED,"BSE, NSE",GALLANTT,GALLANTT,GALLANTT ISPAT LIMITED investor relations
INE297J01023,TIRUPATI SARJAN LTD.,BSE,TIRSARJ,,TIRUPATI SARJAN LTD. investor relations
INE298A01020,CUMMINS INDIA LTD.,"BSE, NSE",CUMMINSIND,CUMMINSIND,CUMMINS INDIA LTD. investor relations
INE298B01010,SOUTHERN INFOCONSULTANTS LIMIT,BSE,SOUTHERNIN,,SOUTHERN INFOCONSULTANTS LIMIT investor relations
INE298E01022,RESTILE CERAMICS LTD.,BSE,RESTILE,,RESTILE CERAMICS LTD. investor relations
INE298G01035,AJMERA REALTY & INFRA INDIA LT,"BSE, NSE",AJMERA,AJMERA,AJMERA REALTY & INFRA INDIA LT investor relations
INE298I01015,ARIES AGRO LTD.,"BSE, NSE",ARIES,ARIES,ARIES AGRO LTD. investor relations
INE298J01013,NIPPON LIFE INDIA ASSET MANAGE,"BSE, NSE",NAM-INDIA,NAM-INDIA,NIPPON LIFE INDIA ASSET MANAGE investor relations
INE298W01016,Chemcrux Enterprises Limited,BSE,CHEMCRUX,,Chemcrux Enterprises Limited investor relations
INE299D01022,HAMPTON SKY REALTY LIMITED,BSE,HAMPTON,,HAMPTON SKY REALTY LIMITED investor relations
INE299N01021,WAAREE RENEWABLE TECHNOLOGIES,"BSE, NSE",WAAREERTL,WAAREERTL,WAAREE RENEWABLE TECHNOLOGIES investor relations
INE299U01018,Crompton Greaves Consumer Elec,"BSE, NSE",CROMPTON,CROMPTON,Crompton Greaves Consumer Elec investor relations
INE299W01022,Vivanta Industries Limited,BSE,VIVANTA,,Vivanta Industries Limited investor relations
INE2B5L01011,Msafe Equipments Limited,BSE,MSAFE,,Msafe Equipments Limited investor relations
INE2J8701016,SKF INDIA (INDUSTRIAL) LIMITED,"BSE, NSE",SKFINDUS,SKFINDUS,SKF INDIA (INDUSTRIAL) LIMITED investor relations
INE300A01016,GOODRICKE GROUP LTD.,BSE,GOODRICKE,,GOODRICKE GROUP LTD. investor relations
INE300B01022,INDIAN INFOTECH & SOFTWARE LTD,BSE,INDINFO,,INDIAN INFOTECH & SOFTWARE LTD investor relations
INE301A01014,RAYMOND LTD.,"BSE, NSE",RAYMOND,RAYMOND,RAYMOND LTD. investor relations
INE301C01028,KKALPANA INDUSTRIES (INDIA) LT,BSE,KKALPANAIND,,KKALPANA INDUSTRIES (INDIA) LT investor relations
INE301D01026,RUBY MILLS LTD.,"BSE, NSE",RUBYMILLS,RUBYMILLS,RUBY MILLS LTD. investor relations
INE301O01023,National Securities Depository,BSE,NSDL,,National Securities Depository investor relations
INE302A01020,EXIDE INDUSTRIES LTD.,"BSE, NSE",EXIDEIND,EXIDEIND,EXIDE INDUSTRIES LTD. investor relations
INE302C01018,KREON FINNANCIAL SERVICES LTD.,BSE,KREONFIN,,KREON FINNANCIAL SERVICES LTD. investor relations
INE302D01024,RIR POWER ELECTRONICS LIMITED,BSE,RIR,,RIR POWER ELECTRONICS LIMITED investor relations
INE302E01014,SAKTHI FINANCE LTD.,BSE,SAKTHIFIN,,SAKTHI FINANCE LTD. investor relations
INE302F01011,LINK PHARMA CHEM LTD.,BSE,LINKPH,,LINK PHARMA CHEM LTD. investor relations
INE302H01017,GTN TEXTILES LTD.,BSE,GTNTEX,,GTN TEXTILES LTD. investor relations
INE302R01024,Hi-Klass Trading and Investmen,BSE,HIKLASS,,Hi-Klass Trading and Investmen investor relations
INE303A01010,DIC INDIA LTD.,"BSE, NSE",DICIND,DICIND,DIC INDIA LTD. investor relations
INE303R01014,Kalyan Jewellers India Limited,"BSE, NSE",KALYANKJIL,KALYANKJIL,Kalyan Jewellers India Limited investor relations
INE304A01026,MUKAND LTD.,"BSE, NSE",MUKANDLTD,MUKANDLTD,MUKAND LTD. investor relations
INE304D01012,SAMBANDAM SPINNING MILLS LTD.,BSE,SAMBANDAM,,SAMBANDAM SPINNING MILLS LTD. investor relations
INE304E01010,SAVANI FINANCIALS LTD.,BSE,SAVFI,,SAVANI FINANCIALS LTD. investor relations
INE304W01038,BlueStone Jewellery and Lifest,"BSE, NSE",BLUESTONE,BLUESTONE,BlueStone Jewellery and Lifest investor relations
INE305A01023,TOURISM FINANCE CORPORATION OF,"BSE, NSE",TFCILTD,TFCILTD,TOURISM FINANCE CORPORATION OF investor relations
INE305C01029,PANAMA PETROCHEM LTD.,"BSE, NSE",PANAMAPET,PANAMAPET,PANAMA PETROCHEM LTD. investor relations
INE305D01019,SARUP INDUSTRIES LTD.,BSE,SARUPINDUS,,SARUP INDUSTRIES LTD. investor relations
INE306A01021,BAJAJ HINDUSTHAN SUGAR LIMITED,"BSE, NSE",BAJAJHIND,BAJAJHIND,BAJAJ HINDUSTHAN SUGAR LIMITED investor relations
INE306C01019,ENERGY DEVELOPMENT COMPANY LTD,"BSE, NSE",ENERGYDEV,ENERGYDEV,ENERGY DEVELOPMENT COMPANY LTD investor relations
INE306D01017,SRI RAMAKRISHNA MILLS (COIMBAT,BSE,SRMCL,,SRI RAMAKRISHNA MILLS (COIMBAT investor relations
INE306L01010,Quick Heal Technologies Limite,"BSE, NSE",QUICKHEAL,QUICKHEAL,Quick Heal Technologies Limite investor relations
INE306R01017,INTELLECT DESIGN ARENA LIMITED,"BSE, NSE",INTELLECT,INTELLECT,INTELLECT DESIGN ARENA LIMITED investor relations
INE307D01015,STANDARD SURFACTANTS LTD.,BSE,STDSFAC,,STANDARD SURFACTANTS LTD. investor relations
INE307N01014,ASTAL LABORATORIES LIMITED,BSE,ASTALLTD,,ASTAL LABORATORIES LIMITED investor relations
INE308A01027,NAHAR POLYFILMS LTD.,"BSE, NSE",NAHARPOLY,NAHARPOLY,NAHAR POLYFILMS LTD. investor relations
INE308B01017,ERP SOFT SYSTEMS LTD.,BSE,ERPSOFT,,ERP SOFT SYSTEMS LTD. investor relations
INE308E01029,SVP GLOBAL TEXTILES LIMITED,"BSE, NSE",SVPGLOB,SVPGLOB,SVP GLOBAL TEXTILES LIMITED investor relations
INE308N01012,SOUTHERN MAGNESIUM & CHEMICALS,BSE,SOUTHMG,,SOUTHERN MAGNESIUM & CHEMICALS investor relations
INE309B01023,HIT KIT GLOBAL SOLUTIONS LTD.,BSE,HITKITGLO,,HIT KIT GLOBAL SOLUTIONS LTD. investor relations
INE309D01011,SUGAL & DAMANI SHARE BROKERS L,BSE,SUGALDAM,,SUGAL & DAMANI SHARE BROKERS L investor relations
INE309H01038,VISAGAR FINANCIAL SERVICES LTD,BSE,VISAGAR,,VISAGAR FINANCIAL SERVICES LTD investor relations
INE309M01020,PREMIER POLYFILM LTD.,"BSE, NSE",PREMIERPOL,PREMIERPOL,PREMIER POLYFILM LTD. investor relations
INE310A01015,NILKAMAL LTD.,"BSE, NSE",NILKAMAL,NILKAMAL,NILKAMAL LTD. investor relations
INE310B01013,DANLAW TECHNOLOGIES INDIA LTD.,BSE,DANLAW,,DANLAW TECHNOLOGIES INDIA LTD. investor relations
INE310C01029,HINDUSTAN COMPOSITES LTD.,"BSE, NSE",HINDCOMPOS,HINDCOMPOS,HINDUSTAN COMPOSITES LTD. investor relations
INE311D01017,SWITCHING TECHNOLOGIES GUNTHER,BSE,SWITCHTE,,SWITCHING TECHNOLOGIES GUNTHER investor relations
INE311H01018,E-Land Apparel Limited,BSE,ELAND,,E-Land Apparel Limited investor relations
INE311M01018,SHRADDHA PRIME PROJECTS LTD,BSE,SHRADDHA,,SHRADDHA PRIME PROJECTS LTD investor relations
INE311N01016,Sumuka Agro Industries Limited,BSE,SUMUKA,,Sumuka Agro Industries Limited investor relations
INE312C01025,SYNCOM FORMULATIONS (INDIA) LT,"BSE, NSE",SYNCOMF,SYNCOMF,SYNCOM FORMULATIONS (INDIA) LT investor relations
INE312J01012,COROMANDEL ENGINEERING COMPANY,BSE,COROENGG,,COROMANDEL ENGINEERING COMPANY investor relations
INE312M01016,Madhuveer Com 18 Network Limit,BSE,MADHUVEER,,Madhuveer Com 18 Network Limit investor relations
INE313G01016,DHOOT INDUSTRIAL FINANCE LTD.,BSE,DHOOTIN,,DHOOT INDUSTRIAL FINANCE LTD. investor relations
INE313M01030,EVEXIA LIFECARE LIMITED,BSE,EVEXIA,,EVEXIA LIFECARE LIMITED investor relations
INE314C01013,SOMA TEXTILES & INDUSTRIES LTD,"BSE, NSE",SOMATEX,SOMATEX,SOMA TEXTILES & INDUSTRIES LTD investor relations
INE314D01011,TIRUPATI STARCH & CHEMICALS LT,BSE,TIRUSTA,,TIRUPATI STARCH & CHEMICALS LT investor relations
INE314G01014,KALYANI FORGE LTD.,"BSE, NSE",KALYANIFRG,KALYANIFRG,KALYANI FORGE LTD. investor relations
INE314H01012,TechNVision Ventures Limited,BSE,TECHNVISN,,TechNVision Ventures Limited investor relations
INE314I01036,NOVELIX PHARMACEUTICALS LIMITE,BSE,NOVELIX,,NOVELIX PHARMACEUTICALS LIMITE investor relations
INE314T01033,Gokul Agro Resources Ltd,"BSE, NSE",GOKULAGRO,GOKULAGRO,Gokul Agro Resources Ltd investor relations
INE315N01017,SHREE SALASAR INVESTMENT LTD.,BSE,SALSAIN,,SHREE SALASAR INVESTMENT LTD. investor relations
INE316A01038,ECO RECYCLING LTD.,BSE,ECORECO,,ECO RECYCLING LTD. investor relations
INE316D01024,VERTEX SECURITIES LTD.,BSE,VERTEX,,VERTEX SECURITIES LTD. investor relations
INE316G01019,PANCHSHEEL ORGANICS LTD.,BSE,PANCHSHEEL,,PANCHSHEEL ORGANICS LTD. investor relations
INE316L01019,Bharat Wire Ropes Limited,"BSE, NSE",BHARATWIRE,BHARATWIRE,Bharat Wire Ropes Limited investor relations
INE316O01021,AVI PRODUCTS INDIA LIMITED,BSE,APIL,,AVI PRODUCTS INDIA LIMITED investor relations
INE317B01042,NOUVEAU GLOBAL VENTURES LTD.,BSE,NOUVEAU,,NOUVEAU GLOBAL VENTURES LTD. investor relations
INE317D01014,V R WOODART LTD.,BSE,VRWODAR,,V R WOODART LTD. investor relations
INE317F01035,NESCO LTD.,"BSE, NSE",NESCO,NESCO,NESCO LTD. investor relations
INE317I01021,Metro Brands Limited,"BSE, NSE",METROBRAND,METROBRAND,Metro Brands Limited investor relations
INE317V01016,Mitsu Chem Plast Limited,BSE,MITSU,,Mitsu Chem Plast Limited investor relations
INE318A01026,PIDILITE INDUSTRIES LTD.,"BSE, NSE",PIDILITIND,PIDILITIND,PIDILITE INDUSTRIES LTD. investor relations
INE318C01014,SAYAJI HOTELS LTD.,BSE,SAYAJIHOTL,,SAYAJI HOTELS LTD. investor relations
INE318D01020,ZENITH STEEL PIPES AND  INDUST,"BSE, NSE",ZENITHSTL,ZENITHSTL,ZENITH STEEL PIPES AND  INDUST investor relations
INE318K01025,SHREE PRECOATED STEELS LTD.,BSE,SPSL,,SHREE PRECOATED STEELS LTD. investor relations
INE318N01011,MAESTROS ELECTRONICS & TELECOM,BSE,METSL,,MAESTROS ELECTRONICS & TELECOM investor relations
INE319B01014,THE BYKE HOSPITALITY LTD.,"BSE, NSE",BYKE,BYKE,THE BYKE HOSPITALITY LTD. investor relations
INE319M01011,TUSALDAH LIMITED,BSE,TUSALDAH,,TUSALDAH LIMITED investor relations
INE319N01019,INDO EURO INDCHEM LTD.,BSE,INDOEURO,,INDO EURO INDCHEM LTD. investor relations
INE319Q01012,BANSAL ROOFING PRODUCTS LTD,BSE,BRPL,,BANSAL ROOFING PRODUCTS LTD investor relations
INE319T01016,MERCURY TRADE LINKS LTD.,BSE,MERCTRD,,MERCURY TRADE LINKS LTD. investor relations
INE319U01022,Containerway International Lim,BSE,CONTAINER,,Containerway International Lim investor relations
INE319Y01024,Tirupati Forge Limited,NSE,,TIRUPATIFL,Tirupati Forge Limited investor relations
INE319Z01021,Supreme Engineering Limited,NSE,,SUPREMEENG,Supreme Engineering Limited investor relations
INE320B01020,CENTUM ELECTRONICS LTD.,"BSE, NSE",CENTUM,CENTUM,CENTUM ELECTRONICS LTD. investor relations
INE320I01017,BRAHMAPUTRA INFRASTRUCTURE LTD,BSE,BRAHMINFRA,,BRAHMAPUTRA INFRASTRUCTURE LTD investor relations
INE320J01015,RITES Limited,"BSE, NSE",RITES,RITES,RITES Limited investor relations
INE320L01011,DHUNSERI INVESTMENTS LTD.,"BSE, NSE",DHUNINV,DHUNINV,DHUNSERI INVESTMENTS LTD. investor relations
INE320M01019,STARSOURCE MULTITRADE LIMITED,BSE,STARSOURCE,,STARSOURCE MULTITRADE LIMITED investor relations
INE320X01016,HALEOS LABS LIMITED,"BSE, NSE",HALEOSLABS,HALEOSLABS,HALEOS LABS LIMITED investor relations
INE321D01016,AG VENTURES LIMITED,BSE,AGVENTURES,,AG VENTURES LIMITED investor relations
INE321M01017,Sonal Mercantile Limited,BSE,SONAL,,Sonal Mercantile Limited investor relations
INE321T01012,DOMS Industries Limited,"BSE, NSE",DOMS,DOMS,DOMS Industries Limited investor relations
INE322A01010,GILLETTE INDIA LTD.,"BSE, NSE",GILLETTE,GILLETTE,GILLETTE INDIA LTD. investor relations
INE322R01022,Aanchal Ispat Limited,BSE,AANCHALISP,,Aanchal Ispat Limited investor relations
INE323A01026,BOSCH LTD.,"BSE, NSE",BOSCHLTD,BOSCHLTD,BOSCH LTD. investor relations
INE323B01024,AVONMORE CAPITAL & MANAGEMENT,"BSE, NSE",AVONMORE,AVONMORE,AVONMORE CAPITAL & MANAGEMENT investor relations
INE323C01030,INDIAN HUME PIPE CO.LTD.,"BSE, NSE",INDIANHUME,INDIANHUME,INDIAN HUME PIPE CO.LTD. investor relations
INE323D01020,POLYLINK POLYMERS (INDIA) LTD.,BSE,POLYLINK,,POLYLINK POLYMERS (INDIA) LTD. investor relations
INE323I01011,Puravankara Limited,"BSE, NSE",PURVA,PURVA,Puravankara Limited investor relations
INE323J01019,SOMI CONVEYOR BELTINGS LTD.,"BSE, NSE",SOMICONVEY,SOMICONVEY,SOMI CONVEYOR BELTINGS LTD. investor relations
INE323K01017,KABRA DRUGS LTD.,BSE,KABRADG,,KABRA DRUGS LTD. investor relations
INE324A01032,JINDAL SAW LTD.,"BSE, NSE",JINDALSAW,JINDALSAW,JINDAL SAW LTD. investor relations
INE324D01010,LG Electronics India Limited,"BSE, NSE",LGEINDIA,LGEINDIA,LG Electronics India Limited investor relations
INE324L01013,RPP INFRA PROJECTS LTD.,"BSE, NSE",RPPINFRA,RPPINFRA,RPP INFRA PROJECTS LTD. investor relations
INE324X01026,Sarveshwar Foods Limited,"BSE, NSE",SARVESHWAR,SARVESHWAR,Sarveshwar Foods Limited investor relations
INE325A01013,TIMKEN INDIA LTD.,"BSE, NSE",TIMKEN,TIMKEN,TIMKEN INDIA LTD. investor relations
INE325C01035,Dollar Industries Limited,"BSE, NSE",DOLLAR,DOLLAR,Dollar Industries Limited investor relations
INE325D01025,SINDHU TRADE LINKS LIMITED,"BSE, NSE",SINDHUTRAD,SINDHUTRAD,SINDHU TRADE LINKS LIMITED investor relations
INE325G01010,AVAILABLE FINANCE LTD.,BSE,AVAILFC,,AVAILABLE FINANCE LTD. investor relations
INE325P01011,STELLAR CAPITAL SERVICES LTD,BSE,STELLAR,,STELLAR CAPITAL SERVICES LTD investor relations
INE325X01015,Riddhi Corporate Services Limi,BSE,RIDDHICORP,,Riddhi Corporate Services Limi investor relations
INE326A01037,LUPIN LTD.,"BSE, NSE",LUPIN,LUPIN,LUPIN LTD. investor relations
INE326B01035,ALMONDZ GLOBAL SECURITIES LTD.,"BSE, NSE",ALMONDZ,ALMONDZ,ALMONDZ GLOBAL SECURITIES LTD. investor relations
INE326T01011,Niraj Ispat Industries Limited,NSE,,NIRAJISPAT,Niraj Ispat Industries Limited investor relations
INE327C01031,Golkonda Aluminium Extrusions,BSE,GOLKONDA,,Golkonda Aluminium Extrusions investor relations
INE327D01013,KARAN WOO-SIN LTD.,BSE,KARANWO,,KARAN WOO-SIN LTD. investor relations
INE327G01032,Sayaji Industries Limited,BSE,SAYAJIIND,,Sayaji Industries Limited investor relations
INE328D01011,PEETI SECURITIES LTD.,BSE,PEETISEC,,PEETI SECURITIES LTD. investor relations
INE328F01016,ESHA MEDIA RESEARCH LIMITED,BSE,ESHAMEDIA,,ESHA MEDIA RESEARCH LIMITED investor relations
INE330E01023,TRANSCORP INTERNATIONAL LTD.,BSE,TRANSCOR,,TRANSCORP INTERNATIONAL LTD. investor relations
INE330H01018,RELIANCE COMMUNICATIONS LTD.,"BSE, NSE",RCOM,RCOM,RELIANCE COMMUNICATIONS LTD. investor relations
INE330T01021,Happy Forgings Limited,"BSE, NSE",HAPPYFORGE,HAPPYFORGE,Happy Forgings Limited investor relations
INE331A01037,THE RAMCO CEMENTS LIMITED,"BSE, NSE",RAMCOCEM,RAMCOCEM,THE RAMCO CEMENTS LIMITED investor relations
INE331C01025,WELCURE DRUGS & PHARMACEUTICAL,BSE,WELCURE,,WELCURE DRUGS & PHARMACEUTICAL investor relations
INE331F01028,SESHACHAL TECHNOLOGIES LTD.,BSE,SESHACHAL,,SESHACHAL TECHNOLOGIES LTD. investor relations
INE331L01026,MSR INDIA LTD.,BSE,MSRINDIA,,MSR INDIA LTD. investor relations
INE332A01027,THOMAS COOK (INDIA) LTD.,"BSE, NSE",THOMASCOOK,THOMASCOOK,THOMAS COOK (INDIA) LTD. investor relations
INE332F01018,Refex Renewables & Infrastruct,BSE,REFEXRENEW,,Refex Renewables & Infrastruct investor relations
INE332H01014,INDO TECH TRANSFORMERS LTD.,"BSE, NSE",INDOTECH,INDOTECH,INDO TECH TRANSFORMERS LTD. investor relations
INE332Q01023,Kapil Raj Finance Ltd.,BSE,KAPILRAJ,,Kapil Raj Finance Ltd. investor relations
INE333C01013,INDIA LEASE DEVELOPMENT LTD.,BSE,INDLEASE,,INDIA LEASE DEVELOPMENT LTD. investor relations
INE333E01019,UNIQUE ORGANICS LTD.,BSE,UNIQUEO,,UNIQUE ORGANICS LTD. investor relations
INE333Y01017,MRC AGROTECH LIMITED,BSE,MRCAGRO,,MRC AGROTECH LIMITED investor relations
INE334A01023,STERLING TOOLS LTD.,"BSE, NSE",STERTOOLS,STERTOOLS,STERLING TOOLS LTD. investor relations
INE334C01029,EVEREST ORGANICS LTD.,BSE,EVERESTO,,EVEREST ORGANICS LTD. investor relations
INE334E01017,V B INDUSTRIES LIMITED,BSE,VBIND,,V B INDUSTRIES LIMITED investor relations
INE334N01018,ADVANCE PETROCHEMICALS LTD.,BSE,ADVPETR-B,,ADVANCE PETROCHEMICALS LTD. investor relations
INE335A01020,SURYA ROSHNI LTD.,"BSE, NSE",SURYAROSNI,SURYAROSNI,SURYA ROSHNI LTD. investor relations
INE335G01019,EXPLICIT FINANCE LTD.,BSE,EXPLICITFIN,,EXPLICIT FINANCE LTD. investor relations
INE335K01011,Coffee Day Enterprises Limited,"BSE, NSE",COFFEEDAY,COFFEEDAY,Coffee Day Enterprises Limited investor relations
INE335Q01026,RNIT AI SOLUTIONS LIMITED,BSE,RNITAI,,RNIT AI SOLUTIONS LIMITED investor relations
INE335W01016,Ganges Securities Ltd.,"BSE, NSE",GANGESSECU,GANGESSECU,Ganges Securities Ltd. investor relations
INE335Y01020,Indian Railway Catering and To,"BSE, NSE",IRCTC,IRCTC,Indian Railway Catering and To investor relations
INE336C01016,RATHI STEEL & POWER LTD.,BSE,RATHIST,,RATHI STEEL & POWER LTD. investor relations
INE336D01014,ANNA INFRASTRUCTURES LTD.,BSE,ANNAINFRA,,ANNA INFRASTRUCTURES LTD. investor relations
INE336X01012,Total Transport Systems Limited,NSE,,TOTAL,Total Transport Systems Limited investor relations
INE337A01034,L.G.BALAKRISHNAN & BROS.LTD.,"BSE, NSE",LGBBROSLTD,LGBBROSLTD,L.G.BALAKRISHNAN & BROS.LTD. investor relations
INE337E01010,VIKRAM THERMO (INDIA) LTD.,BSE,VIKRAMTH,,VIKRAM THERMO (INDIA) LTD. investor relations
INE337M01021,INDO THAI SECURITIES LTD.,"BSE, NSE",INDOTHAI,INDOTHAI,INDO THAI SECURITIES LTD. investor relations
INE338A01024,THIRUMALAI CHEMICALS LTD.,"BSE, NSE",TIRUMALCHM,TIRUMALCHM,THIRUMALAI CHEMICALS LTD. investor relations
INE338C01012,ASHIRWAD STEELS & INDUSTRIES L,BSE,ASHSI,,ASHIRWAD STEELS & INDUSTRIES L investor relations
INE338D01028,BODAL CHEMICALS LTD.,"BSE, NSE",BODALCHEM,BODALCHEM,BODAL CHEMICALS LTD. investor relations
INE338F01015,KILBURN ENGINEERING LTD.,BSE,KLBRENG-B,,KILBURN ENGINEERING LTD. investor relations
INE338H01029,Concord Biotech Limited,"BSE, NSE",CONCORDBIO,CONCORDBIO,Concord Biotech Limited investor relations
INE338I01027,MOTILAL OSWAL FINANCIAL SERVIC,"BSE, NSE",MOTILALOFS,MOTILALOFS,MOTILAL OSWAL FINANCIAL SERVIC investor relations
INE338P01014,MIVEN MACHINE TOOLS LTD.,BSE,MIVENMACH,,MIVEN MACHINE TOOLS LTD. investor relations
INE339D01034,EVERLON FINANCIALS LIMITED,BSE,EVERFIN,,EVERLON FINANCIALS LIMITED investor relations
INE339F01021,POLSON LTD.,BSE,POLSON,,POLSON LTD. investor relations
INE339Z01011,Angel Fibers Limited,BSE,ANGEL,,Angel Fibers Limited investor relations
INE340A01012,BIRLA CORPORATION LTD.,"BSE, NSE",BIRLACORPN,BIRLACORPN,BIRLA CORPORATION LTD. investor relations
INE340D01016,GARWARE SYNTHETICS LTD.,BSE,GARWSYN,,GARWARE SYNTHETICS LTD. investor relations
INE340F01011,Duncan Engineering Limited,BSE,DUNCANENG,,Duncan Engineering Limited investor relations
INE340O01021,MONEY MASTERS LEASING & FINANC,BSE,MMLF,,MONEY MASTERS LEASING & FINANC investor relations
INE340U01010,AUTORIDERS INTERNATIONAL LTD.,BSE,AUTOINT,,AUTORIDERS INTERNATIONAL LTD. investor relations
INE341H01023,LKP Securities Limited,BSE,LKPSEC,,LKP Securities Limited investor relations
INE341R01014,Dhunseri Tea & Industries Ltd,"BSE, NSE",DTIL,DTIL,Dhunseri Tea & Industries Ltd investor relations
INE341Z01025,Bhatia Communications & Retail,BSE,BHATIA,,Bhatia Communications & Retail investor relations
INE342A01018,PREMIER LTD.,"BSE, NSE",PREMIER,PREMIER,PREMIER LTD. investor relations
INE342D01012,INDIA GELATINE & CHEMICALS LTD,BSE,INDGELA,,INDIA GELATINE & CHEMICALS LTD investor relations
INE342G01023,NIIT Learning Systems Limited,"BSE, NSE",NIITMTS,NIITMTS,NIIT Learning Systems Limited investor relations
INE342J01019,ZF Commercial Vehicle Control,"BSE, NSE",ZFCVINDIA,ZFCVINDIA,ZF Commercial Vehicle Control investor relations
INE343A01016,MPL PLASTICS LTD.,BSE,MPL,,MPL PLASTICS LTD. investor relations
INE343B01030,RAJESH EXPORTS LTD.,"BSE, NSE",RAJESHEXPO,RAJESHEXPO,RAJESH EXPORTS LTD. investor relations
INE343C01012,Grovy India Limited,BSE,GROVY,,Grovy India Limited investor relations
INE343G01021,Bharti Hexacom Limited,"BSE, NSE",BHARTIHEXA,BHARTIHEXA,Bharti Hexacom Limited investor relations
INE343H01029,SOLAR INDUSTRIES INDIA LTD.,"BSE, NSE",SOLARINDS,SOLARINDS,SOLAR INDUSTRIES INDIA LTD. investor relations
INE343X01018,Meera Industries Limited,BSE,MEERA,,Meera Industries Limited investor relations
INE344D01018,KAMANWALA HOUSING CONSTRUCTION,BSE,KAMANWALA,,KAMANWALA HOUSING CONSTRUCTION investor relations
INE344E01016,SHUKRA JEWELLERS LTD.,BSE,SHUKJEW,,SHUKRA JEWELLERS LTD. investor relations
INE344I01017,SONAL ADHESIVES LTD.,BSE,SONALAD,,SONAL ADHESIVES LTD. investor relations
INE344S01016,InfoBeans Technologies Limited,"BSE, NSE",INFOBEAN,INFOBEAN,InfoBeans Technologies Limited investor relations
INE344T01014,Bella Casa Fashion & Retail Li,"BSE, NSE",BELLACASA,BELLACASA,Bella Casa Fashion & Retail Li investor relations
INE345A01011,HINDUSTAN OIL EXPLORATION CO.L,"BSE, NSE",HINDOILEXP,HINDOILEXP,HINDUSTAN OIL EXPLORATION CO.L investor relations
INE345B01019,CEREBRA INTEGRATED TECHNOLOGIE,"BSE, NSE",CEREBRAINT,CEREBRAINT,CEREBRA INTEGRATED TECHNOLOGIE investor relations
INE345H01024,CAPITAL INDIA FINANCE LIMITED,"BSE, NSE",CIFL,CIFL,CAPITAL INDIA FINANCE LIMITED investor relations
INE346A01027,ICICI Prudential Asset Managem,"BSE, NSE",ICICIAMC,ICICIAMC,ICICI Prudential Asset Managem investor relations
INE346R01013,NILACHAL CARBO METALICKS LIMIT,BSE,NCML,,NILACHAL CARBO METALICKS LIMIT investor relations
INE346W01013,Apex Frozen Foods Limited,"BSE, NSE",APEX,APEX,Apex Frozen Foods Limited investor relations
INE347A01017,MANGALAM CEMENT LTD.,"BSE, NSE",MANGLMCEM,MANGLMCEM,MANGALAM CEMENT LTD. investor relations
INE347C01013,RUNGTA IRRIGATION LTD.,BSE,RUNGTAIR,,RUNGTA IRRIGATION LTD. investor relations
INE347D01011,LERTHAI FINANCE LIMITED,BSE,LERTHAI,,LERTHAI FINANCE LIMITED investor relations
INE347G01014,PETRONET LNG LTD.,"BSE, NSE",PETRONET,PETRONET,PETRONET LNG LTD. investor relations
INE347H01012,INDITRADE CAPITAL LIMITED,BSE,INDICAP,,INDITRADE CAPITAL LIMITED investor relations
INE347L01022,Virat Leasing Limited,BSE,VLL,,Virat Leasing Limited investor relations
INE347W01011,Magadh Sugar & Energy Limited,"BSE, NSE",MAGADSUGAR,MAGADSUGAR,Magadh Sugar & Energy Limited investor relations
INE348A01023,ASHAPURA MINECHEM LTD.,"BSE, NSE",ASHAPURMIN,ASHAPURMIN,ASHAPURA MINECHEM LTD. investor relations
INE348B01021,CENTURY PLYBOARDS (I) LTD.,"BSE, NSE",CENTURYPLY,CENTURYPLY,CENTURY PLYBOARDS (I) LTD. investor relations
INE348D01019,MUNOTH FINANCIAL SERVICES LTD.,BSE,MUNOTHFI,,MUNOTH FINANCIAL SERVICES LTD. investor relations
INE348I01018,BERVIN INVESTMENT & LEASING LT,BSE,BERVINL,,BERVIN INVESTMENT & LEASING LT investor relations
INE348L01012,MAS Financial Services Limited,"BSE, NSE",MASFIN,MASFIN,MAS Financial Services Limited investor relations
INE348N01034,Manbro Industries Limited,BSE,MANBRO,,Manbro Industries Limited investor relations
INE349A01021,NRB BEARINGS LTD.,"BSE, NSE",NRBBEARING,NRBBEARING,NRB BEARINGS LTD. investor relations
INE349W01017,AVADH SUGAR & ENERGY LIMITED,"BSE, NSE",AVADHSUGAR,AVADHSUGAR,AVADH SUGAR & ENERGY LIMITED investor relations
INE349Y01013,IDEAFORGE TECHNOLOGY LIMITED,"BSE, NSE",IDEAFORGE,IDEAFORGE,IDEAFORGE TECHNOLOGY LIMITED investor relations
INE350C01017,OPTIEMUS INFRACOM LTD,"BSE, NSE",OPTIEMUS,OPTIEMUS,OPTIEMUS INFRACOM LTD investor relations
INE350D01015,RAPICUT CARBIDES LTD.,BSE,RAPICUT,,RAPICUT CARBIDES LTD. investor relations
INE350H01032,B.L.KASHYAP AND SONS LTD.,"BSE, NSE",BLKASHYAP,BLKASHYAP,B.L.KASHYAP AND SONS LTD. investor relations
INE350Z01018,Gloster Ltd,"BSE, NSE",GLOSTERLTD,GLOSTERLTD,Gloster Ltd investor relations
INE351A01035,UNICHEM LABORATORIES LTD.,"BSE, NSE",UNICHEMLAB,UNICHEMLAB,UNICHEM LABORATORIES LTD. investor relations
INE351F01018,JAIPRAKASH POWER VENTURES LIMI,"BSE, NSE",JPPOWER,JPPOWER,JAIPRAKASH POWER VENTURES LIMI investor relations
INE351L01016,SEA TV NETWORK LTD.,BSE,SEATV,,SEA TV NETWORK LTD. investor relations
INE351Y01019,Beta Drugs Limited,NSE,,BETA,Beta Drugs Limited investor relations
INE353A01023,NDL Ventures Limited,"BSE, NSE",NDLVENTURE,NDLVENTURE,NDL Ventures Limited investor relations
INE353H01010,STL GLOBAL LTD.,"BSE, NSE",SGL,SGL,STL GLOBAL LTD. investor relations
INE353K01014,INDIA TOURISM DEVELOPMENT CORP,"BSE, NSE",ITDC,ITDC,INDIA TOURISM DEVELOPMENT CORP investor relations
INE354A01013,JENBURKT PHARMACEUTICALS LTD.,BSE,JENBURPH,,JENBURKT PHARMACEUTICALS LTD. investor relations
INE354C01027,Bhageria Industries Limited,"BSE, NSE",BHAGERIA,BHAGERIA,Bhageria Industries Limited investor relations
INE354D01017,SIMRAN FARMS LTD.,BSE,SIMRAN,,SIMRAN FARMS LTD. investor relations
INE354E01031,ATHARV ENTERPRISES LTD.,BSE,ATHARVENT,,ATHARV ENTERPRISES LTD. investor relations
INE355A01028,SOMANY CERAMICS LTD.,"BSE, NSE",SOMANYCERA,SOMANYCERA,SOMANY CERAMICS LTD. investor relations
INE355C01016,BNR UDYOG LTD.,BSE,BNRUDY,,BNR UDYOG LTD. investor relations
INE355H01015,TAVERNIER RESOURCES LIMI,BSE,TAVERNIER,,TAVERNIER RESOURCES LIMI investor relations
INE356A01018,MPHASIS LTD.,"BSE, NSE",MPHASIS,MPHASIS,MPHASIS LTD. investor relations
INE356B01024,SYSTEMATIX CORPORATE SERVICES,"BSE, NSE",SYSTMTXC,SYSTMTXC,SYSTEMATIX CORPORATE SERVICES investor relations
INE356C01022,BKV INDUSTRIES LTD.,BSE,BKV,,BKV INDUSTRIES LTD. investor relations
INE356F01017,JINDAL CAPITAL LTD.,BSE,JINDCAP,,JINDAL CAPITAL LTD. investor relations
INE357B01022,RAMINFO LIMITED,BSE,RAMINFO,,RAMINFO LIMITED investor relations
INE358A01014,ABBOTT INDIA LTD.,"BSE, NSE",ABBOTINDIA,ABBOTINDIA,ABBOTT INDIA LTD. investor relations
INE358D01018,TAI INDUSTRIES LTD.,BSE,TAIIND,,TAI INDUSTRIES LTD. investor relations
INE358U01012,Zota Health Care LImited,NSE,,ZOTA,Zota Health Care LImited investor relations
INE359A01012,Invigorated Business Consultin,BSE,INVIGO,,Invigorated Business Consultin investor relations
INE359B01010,VEDAVAAG SYSTEMS LTD.,BSE,VEDAVAAG,,VEDAVAAG SYSTEMS LTD. investor relations
INE359D01024,INDIAN LINK CHAIN MANUFACTURES,BSE,INLCM,,INDIAN LINK CHAIN MANUFACTURES investor relations
INE359U01028,Lancer Container Lines Limited,BSE,LANCER,,Lancer Container Lines Limited investor relations
INE360C01024,DPSC Limited,NSE,,DPSCLTD,DPSC Limited investor relations
INE360D01014,TRANS-FREIGHT CONTAINERS LTD.,BSE,TRANSFRE,,TRANS-FREIGHT CONTAINERS LTD. investor relations
INE360L01017,FUTURE MARKET NETWORKS LTD.,"BSE, NSE",FMNL,FMNL,FUTURE MARKET NETWORKS LTD. investor relations
INE360S01012,ARYAVAN ENTERPRISE LIMITED,BSE,ARYAVAN,,ARYAVAN ENTERPRISE LIMITED investor relations
INE361B01024,DIVIS LABORATORIES LTD.,"BSE, NSE",DIVISLAB,DIVISLAB,DIVIS LABORATORIES LTD. investor relations
INE361D01012,UNI ABEX ALLOY PRODUCTS LTD.,BSE,UNIABEXAL,,UNI ABEX ALLOY PRODUCTS LTD. investor relations
INE362A01016,PVP VENTURES LTD.,"BSE, NSE",PVP,PVP,PVP VENTURES LTD. investor relations
INE362C01012,GODAVARI DRUGS LTD.,BSE,GODAVARI,,GODAVARI DRUGS LTD. investor relations
INE362D01010,VIJAY SOLVEX LTD.,BSE,VIJSOLX,,VIJAY SOLVEX LTD. investor relations
INE363A01022,ASIAN HOTELS (NORTH) LIMITED,"BSE, NSE",ASIANHOTNR,ASIANHOTNR,ASIAN HOTELS (NORTH) LIMITED investor relations
INE363D01018,Shree Bhavya Fabrics Limited,BSE,SBFL,,Shree Bhavya Fabrics Limited investor relations
INE363L01045,SYNTHIKO FOILS LTD.,BSE,SYNTHFO,,SYNTHIKO FOILS LTD. investor relations
INE363M01019,SHEMAROO ENTERTAINMENT LIMITED,"BSE, NSE",SHEMAROO,SHEMAROO,SHEMAROO ENTERTAINMENT LIMITED investor relations
INE364A01020,JAY SHREE TEA & INDUSTRIES LTD,"BSE, NSE",JAYSREETEA,JAYSREETEA,JAY SHREE TEA & INDUSTRIES LTD investor relations
INE364D01032,ANJANI SYNTHETICS LTD.,BSE,ANJANI,,ANJANI SYNTHETICS LTD. investor relations
INE364S01014,Rotographics (India) Limited,BSE,RGIL,,Rotographics (India) Limited investor relations
INE364U01010,Adani Green Energy Limited,"BSE, NSE",ADANIGREEN,ADANIGREEN,Adani Green Energy Limited investor relations
INE364Z01019,Rudrabhishek Enterprises Limited,NSE,,REPL,Rudrabhishek Enterprises Limited investor relations
INE365B01017,DATAMATICS GLOBAL SERVICES LTD,"BSE, NSE",DATAMATICS,DATAMATICS,DATAMATICS GLOBAL SERVICES LTD investor relations
INE365D01021,ASHIANA HOUSING LTD.,"BSE, NSE",ASHIANA,ASHIANA,ASHIANA HOUSING LTD. investor relations
INE365H01014,FUNDVISER CAPITAL (INDIA) LIMI,BSE,FUNDVISER,,FUNDVISER CAPITAL (INDIA) LIMI investor relations
INE365I01020,N. B. I. Industrial Finance Company Limited,NSE,,NBIFIN,N. B. I. Industrial Finance Company Limited investor relations
INE365O01028,ABANS ENTERPRISES LTD,BSE,ABANSENT,,ABANS ENTERPRISES LTD investor relations
INE365S01045,THINKINK PICTUREZ LIMITED,BSE,THINKINK,,THINKINK PICTUREZ LIMITED investor relations
INE365Y01019,Bharat Parenterals Limited,BSE,BPLPHARMA,,Bharat Parenterals Limited investor relations
INE366A01041,DWARIKESH SUGAR INDUSTRIES LTD,"BSE, NSE",DWARKESH,DWARKESH,DWARIKESH SUGAR INDUSTRIES LTD investor relations
INE366C01021,ACS TECHNOLOGIES LIMITED,BSE,ACSTECH,,ACS TECHNOLOGIES LIMITED investor relations
INE366G01022,SUPER CROP SAFE LTD.,BSE,SUCROSA,,SUPER CROP SAFE LTD. investor relations
INE366I01010,VRL Logistics Limited,"BSE, NSE",VRLLOG,VRLLOG,VRL Logistics Limited investor relations
INE367A01015,MORARKA FINANCE LTD.,BSE,MORARKFI,,MORARKA FINANCE LTD. investor relations
INE367E01033,SANATHNAGAR ENTERPRISES LIMITE,BSE,SEL,,SANATHNAGAR ENTERPRISES LIMITE investor relations
INE367G01038,PRIME FOCUS LTD.,"BSE, NSE",PFOCUS,PFOCUS,PRIME FOCUS LTD. investor relations
INE367U01013,Riddhi Steel and Tube Limited,BSE,RSTL,,Riddhi Steel and Tube Limited investor relations
INE368A01021,SILVERLINE TECHNOLOGIES LTD.,BSE,SILVERLINE,,SILVERLINE TECHNOLOGIES LTD. investor relations
INE368C01019,MARUTI SECURITIES LTD.,BSE,MARUTISE,,MARUTI SECURITIES LTD. investor relations
INE368D01025,CHANDRA PRABHU INTERNATIONAL L,BSE,CHANDRAP,,CHANDRA PRABHU INTERNATIONAL L investor relations
INE368E01023,BCL Enterprises Limited,BSE,BCLENTERPR,,BCL Enterprises Limited investor relations
INE368I01016,NIRAJ CEMENT STRUCTURALS LTD.,"BSE, NSE",NIRAJ,NIRAJ,NIRAJ CEMENT STRUCTURALS LTD. investor relations
INE368U01029,United Polyfab Gujarat Limited,NSE,,UNITEDPOLY,United Polyfab Gujarat Limited investor relations
INE369A01029,EXCEL INDUSTRIES LTD.,"BSE, NSE",EXCELINDUS,EXCELINDUS,EXCEL INDUSTRIES LTD. investor relations
INE369B01019,OMNI AXS SOFTWARE LTD.,BSE,OMNIAX,,OMNI AXS SOFTWARE LTD. investor relations
INE369C01017,NORBEN TEA & EXPORTS LTD.,"BSE, NSE",NORBTEAEXP,NORBTEAEXP,NORBEN TEA & EXPORTS LTD. investor relations
INE369D01023,CONTINENTAL PETROLEUMS LTD.,BSE,CONTPTR,,CONTINENTAL PETROLEUMS LTD. investor relations
INE369I01014,IL&FS ENGINEERING AND CONSTRUC,"BSE, NSE",IL&FSENGG,IL&FSENGG,IL&FS ENGINEERING AND CONSTRUC investor relations
INE369Q01017,GANESHA ECOVERSE LIMITED,BSE,GANVERSE,,GANESHA ECOVERSE LIMITED investor relations
INE370A01019,MODERN SHARES & STOCKBROKERS L,BSE,MODRNSH,,MODERN SHARES & STOCKBROKERS L investor relations
INE370C01015,POPULAR ESTATE MANAGEMENT LTD.,BSE,POPULARES,,POPULAR ESTATE MANAGEMENT LTD. investor relations
INE370D01013,MANGALAM ORGANICS LIMITED,"BSE, NSE",MANORG,MANORG,MANGALAM ORGANICS LIMITED investor relations
INE370E01029,VISAGAR POLYTEX LTD.,"BSE, NSE",VIVIDHA,VIVIDHA,VISAGAR POLYTEX LTD. investor relations
INE370Q01015,NEXUS SURGICAL AND MEDICARE LI,BSE,NEXUSSURGL,,NEXUS SURGICAL AND MEDICARE LI investor relations
INE371A01025,GRAPHITE INDIA LTD.,"BSE, NSE",GRAPHITE,GRAPHITE,GRAPHITE INDIA LTD. investor relations
INE371C01013,PODDAR PIGMENTS LTD.,"BSE, NSE",PODDARMENT,PODDARMENT,PODDAR PIGMENTS LTD. investor relations
INE371F01024,Chandrima Mercantiles limited,BSE,CHANDRIMA,,Chandrima Mercantiles limited investor relations
INE371P01015,Amber Enterprises India Limite,"BSE, NSE",AMBER,AMBER,Amber Enterprises India Limite investor relations
INE372A01015,APAR INDUSTRIES LTD.,"BSE, NSE",APARINDS,APARINDS,APAR INDUSTRIES LTD. investor relations
INE372C01037,PRECISION WIRES INDIA LTD.,"BSE, NSE",PRECWIRE,PRECWIRE,PRECISION WIRES INDIA LTD. investor relations
INE372D01019,GUJARAT CRAFT INDUSTRIES LTD.,BSE,GUJCRAFT,,GUJARAT CRAFT INDUSTRIES LTD. investor relations
INE372E01025,BIRLA PRECISION TECHNOLOGIES L,BSE,BIRLAPREC,,BIRLA PRECISION TECHNOLOGIES L investor relations
INE372I01018,ASHNOOR TEXTILE MILLS LTD.,BSE,ASHNOOR,,ASHNOOR TEXTILE MILLS LTD. investor relations
INE372M01010,ARCL Organics Ltd,BSE,ARCL,,ARCL Organics Ltd investor relations
INE373A01013,BASF INDIA LTD.,"BSE, NSE",BASF,BASF,BASF INDIA LTD. investor relations
INE373C01019,QUANTUM DIGITAL VISION (INDIA),BSE,QUANTDIA,,QUANTUM DIGITAL VISION (INDIA) investor relations
INE373D01017,GUJARAT INVESTA LTD.,BSE,GUJINV,,GUJARAT INVESTA LTD. investor relations
INE373E01015,BLOOM INDUSTRIES LTD.,BSE,BLOIN,,BLOOM INDUSTRIES LTD. investor relations
INE373T01047,Blue Cloud Softech Solutions L,BSE,BLUECLOUDS,,Blue Cloud Softech Solutions L investor relations
INE374B01019,MUKTA ARTS LTD.,"BSE, NSE",MUKTAARTS,MUKTAARTS,MUKTA ARTS LTD. investor relations
INE374C01017,RAJASTHAN PETRO SYNTHETICS LTD,BSE,RAJSPTR,,RAJASTHAN PETRO SYNTHETICS LTD investor relations
INE374E01021,BMW INDUSTRIES LIMITED,BSE,BMW,,BMW INDUSTRIES LIMITED investor relations
INE375C01022,SAMPRE NUTRITIONS LTD.,BSE,SAMPRE,,SAMPRE NUTRITIONS LTD. investor relations
INE375D01012,KAIRA CAN CO.LTD.,BSE,KAIRA,,KAIRA CAN CO.LTD. investor relations
INE375Y01018,Reliable Data Services Limited,"BSE, NSE",RELIABLE,RELIABLE,Reliable Data Services Limited investor relations
INE376A01032,PAN INDIA CORPORATION LTD.,BSE,PANINDIAC,,PAN INDIA CORPORATION LTD. investor relations
INE376G01013,BIOCON LTD.,"BSE, NSE",BIOCON,BIOCON,BIOCON LTD. investor relations
INE376L01013,RAJKAMAL SYNTHETICS LTD.,BSE,RAJKSYN,,RAJKAMAL SYNTHETICS LTD. investor relations
INE377C01010,SREECHEM RESINS LTD.,BSE,SRECR,,SREECHEM RESINS LTD. investor relations
INE377D01018,ARUNIS ABODE LIMITED,BSE,ARUNIS,,ARUNIS ABODE LIMITED investor relations
INE377E01024,COASTAL CORPORATION LTD.,"BSE, NSE",COASTCORP,COASTCORP,COASTAL CORPORATION LTD. investor relations
INE377N01017,Waaree Energies Limited,"BSE, NSE",WAAREEENER,WAAREEENER,Waaree Energies Limited investor relations
INE377Y01014,Bajaj Housing Finance Limited,"BSE, NSE",BAJAJHFL,BAJAJHFL,Bajaj Housing Finance Limited investor relations
INE378D01032,MADHUCON PROJECTS LTD.,"BSE, NSE",MADHUCON,MADHUCON,MADHUCON PROJECTS LTD. investor relations
INE379A01028,ITC Hotels Limited,"BSE, NSE",ITCHOTELS,ITCHOTELS,ITC Hotels Limited investor relations
INE379J01029,VERITAS (INDIA) LTD.,BSE,VERITAS,,VERITAS (INDIA) LTD. investor relations
INE380C01014,VAMSHI RUBBER LTD.,BSE,VAMSHIRU,,VAMSHI RUBBER LTD. investor relations
INE380D01012,MODELLA WOOLLENS LTD.,BSE,MODWOOL,,MODELLA WOOLLENS LTD. investor relations
INE380G01015,WELCAST STEELS LTD.,BSE,ZWELCAST,,WELCAST STEELS LTD. investor relations
INE380K01017,VIVO BIO TECH LTD.,BSE,VIVOBIOT,,VIVO BIO TECH LTD. investor relations
INE380Z01015,Active Clothing Co  Limited,BSE,ACTIVE,,Active Clothing Co  Limited investor relations
INE381G01013,TELECANOR GLOBAL LTD.,BSE,TELECANOR,,TELECANOR GLOBAL LTD. investor relations
INE382B01012,TRIUMPH INTERNATIONAL FINANCE,BSE,TRIUMPIN,,TRIUMPH INTERNATIONAL FINANCE investor relations
INE382M01027,UNITED FOODBRANDS LIMITED,"BSE, NSE",UFBL,UFBL,UNITED FOODBRANDS LIMITED investor relations
INE382T01030,GVP Infotech Limited,NSE,,GVPTECH,GVP Infotech Limited investor relations
INE382Z01011,Garden Reach Shipbuilders & En,"BSE, NSE",GRSE,GRSE,Garden Reach Shipbuilders & En investor relations
INE383A01012,INDIA CEMENTS LTD.,"BSE, NSE",INDIACEM,INDIACEM,INDIA CEMENTS LTD. investor relations
INE383H01017,MALU PAPER MILLS LTD.,"BSE, NSE",MALUPAPER,MALUPAPER,MALU PAPER MILLS LTD. investor relations
INE383L01019,PARNAX LAB LTD.,BSE,PARNAXLAB,,PARNAX LAB LTD. investor relations
INE384A01010,RANE HOLDINGS LTD.,"BSE, NSE",RANEHOLDIN,RANEHOLDIN,RANE HOLDINGS LTD. investor relations
INE384C01016,YUKEN INDIA LTD.,"BSE, NSE",YUKEN,YUKEN,YUKEN INDIA LTD. investor relations
INE384D01022,SANGAL PAPERS LTD.,BSE,SANPA,,SANGAL PAPERS LTD. investor relations
INE385C01021,SARDA ENERGY & MINERALS LTD.,"BSE, NSE",SARDAEN,SARDAEN,SARDA ENERGY & MINERALS LTD. investor relations
INE385D01029,TAHMAR ENTERPRISES LIMITED,BSE,TAHMARENT,,TAHMAR ENTERPRISES LIMITED investor relations
INE385F01024,SG MART LIMITED,"BSE, NSE",SGMART,SGMART,SG MART LIMITED investor relations
INE385I01010,ALPA LABORATORIES LTD.,"BSE, NSE",ALPA,ALPA,ALPA LABORATORIES LTD. investor relations
INE385M01012,SHARDA ISPAT LTD.,BSE,SHRDAIS,,SHARDA ISPAT LTD. investor relations
INE385W01011,Dishman Carbogen Amcis Limited,"BSE, NSE",DCAL,DCAL,Dishman Carbogen Amcis Limited investor relations
INE386A01023,VESUVIUS INDIA LTD.,"BSE, NSE",VESUVIUS,VESUVIUS,VESUVIUS INDIA LTD. investor relations
INE386C01029,ASTRA MICROWAVE PRODUCTS LTD.,"BSE, NSE",ASTRAMICRO,ASTRAMICRO,ASTRA MICROWAVE PRODUCTS LTD. investor relations
INE386D01027,SHIVALIK BIMETAL CONTROLS LTD.,"BSE, NSE",SBCL,SBCL,SHIVALIK BIMETAL CONTROLS LTD. investor relations
INE386I01018,PORWAL AUTO COMPONENTS LTD.,BSE,PORWAL,,PORWAL AUTO COMPONENTS LTD. investor relations
INE387A01021,SUNDRAM FASTENERS LTD.,"BSE, NSE",SUNDRMFAST,SUNDRMFAST,SUNDRAM FASTENERS LTD. investor relations
INE387D01025,SHREE STEEL WIRE ROPES LTD.,BSE,SSWRL,,SHREE STEEL WIRE ROPES LTD. investor relations
INE387I01016,Magnum Ventures Limited,NSE,,MAGNUM,Magnum Ventures Limited investor relations
INE388A01029,GANESH BENZOPLAST LTD.,"BSE, NSE",GANESHBE,GANESHBE,GANESH BENZOPLAST LTD. investor relations
INE388C01017,MOHIT PAPER MILLS LTD.,BSE,MOHITPPR,,MOHIT PAPER MILLS LTD. investor relations
INE388G01026,TwamevConstruction and Infrast,"BSE, NSE",TICL,TICL,TwamevConstruction and Infrast investor relations
INE388Y01029,FSN E-Commerce Ventures Limite,"BSE, NSE",NYKAA,NYKAA,FSN E-Commerce Ventures Limite investor relations
INE389C01015,MALLCOM (INDIA) LTD.,"BSE, NSE",MALLCOM,MALLCOM,MALLCOM (INDIA) LTD. investor relations
INE389D01013,TCFC FINANCE LTD.,BSE,TCFCFINQ,,TCFC FINANCE LTD. investor relations
INE389H01022,KEC INTERNATIONAL LTD.,"BSE, NSE",KEC,KEC,KEC INTERNATIONAL LTD. investor relations
INE389K01018,WELSPUN INVESTMENTS AND COMMER,"BSE, NSE",WELINV,WELINV,WELSPUN INVESTMENTS AND COMMER investor relations
INE390D01011,TERAI TEA CO.LTD.,BSE,TERAI,,TERAI TEA CO.LTD. investor relations
INE390G01014,GPT INFRAPROJECTS LTD.,"BSE, NSE",GPTINFRA,GPTINFRA,GPT INFRAPROJECTS LTD. investor relations
INE390H01020,Kamdhenu Limited,"BSE, NSE",KAMDHENU,KAMDHENU,Kamdhenu Limited investor relations
INE391C01011,WINSOME BREWERIES LTD.,BSE,WINSOMBR,,WINSOME BREWERIES LTD. investor relations
INE391D01019,TRF LTD.,"BSE, NSE",TRF,TRF,TRF LTD. investor relations
INE391G01012,SANCO TRANS LTD.,BSE,SANCTRN,,SANCO TRANS LTD. investor relations
INE391J01032,JTL INDUSTRIES LIMITED,"BSE, NSE",JTLIND,JTLIND,JTL INDUSTRIES LIMITED investor relations
INE392A01021,VISAKA INDUSTRIES LTD.,"BSE, NSE",VISAKAIND,VISAKAIND,VISAKA INDUSTRIES LTD. investor relations
INE392B01011,PRITISH NANDY COMMUNICATIONS L,"BSE, NSE",PNC,PNC,PRITISH NANDY COMMUNICATIONS L investor relations
INE392G01028,MARUTI INFRASTRUCTURE LTD.,BSE,MAINFRA,,MARUTI INFRASTRUCTURE LTD. investor relations
INE393A01011,DELTA MANUFACTURING LIMITED,"BSE, NSE",DELTAMAGNT,DELTAMAGNT,DELTA MANUFACTURING LIMITED investor relations
INE393D01015,SCAN PROJECTS LTD.,BSE,SCANPRO,,SCAN PROJECTS LTD. investor relations
INE393F01010,Max heights Infrastucture Ltd,BSE,MAXHEIGHTS,,Max heights Infrastucture Ltd investor relations
INE393P01035,Prataap Snacks Limited,"BSE, NSE",DIAMONDYD,DIAMONDYD,Prataap Snacks Limited investor relations
INE394C01023,LANDMARC LEISURE CORPORATION L,BSE,LANDMARC,,LANDMARC LEISURE CORPORATION L investor relations
INE395A01016,BSEL ALGO LIMITED,BSE,BSELALGO,,BSEL ALGO LIMITED investor relations
INE395B01048,GV FILMS LTD.,BSE,GVFILM,,GV FILMS LTD. investor relations
INE395E01018,KEN FINANCIAL SERVICES LTD.,BSE,KENFIN,,KEN FINANCIAL SERVICES LTD. investor relations
INE395F01023,STELLANT SECURITIES (INDIA) LT,BSE,STELLANT,,STELLANT SECURITIES (INDIA) LT investor relations
INE395H01011,Steel City Securities Limited,NSE,,STEELCITY,Steel City Securities Limited investor relations
INE395N01027,TVS Supply Chain Solutions Lim,"BSE, NSE",TVSSCS,TVSSCS,TVS Supply Chain Solutions Lim investor relations
INE395U01014,NINtec Systems Limited,"BSE, NSE",NINSYS,NINSYS,NINtec Systems Limited investor relations
INE396C01010,Neil Industries Ltd.,BSE,NEIL,,Neil Industries Ltd. investor relations
INE396H01019,Checkpoint Trends Limited,BSE,CHECKPOINT,,Checkpoint Trends Limited investor relations
INE397C01026,Shree Securities Ltd.,BSE,SHREESEC,,Shree Securities Ltd. investor relations
INE397D01024,BHARTI AIRTEL LTD.,"BSE, NSE",BHARTIARTL,BHARTIARTL,BHARTI AIRTEL LTD. investor relations
INE397G01019,DUKE OFFSHORE LTD.,BSE,DUKEOFS,,DUKE OFFSHORE LTD. investor relations
INE397H01017,LOKESH MACHINES LTD.,"BSE, NSE",LOKESHMACH,LOKESHMACH,LOKESH MACHINES LTD. investor relations
INE398A01010,VENKYS (INDIA) LTD.,"BSE, NSE",VENKEYS,VENKEYS,VENKYS (INDIA) LTD. investor relations
INE398B01018,UMIYA BUILDCON LIMITED,"BSE, NSE",UMIYA-MRO,UMIYA-MRO,UMIYA BUILDCON LIMITED investor relations
INE398C01016,The Phosphate Company Limited,BSE,PHOSPHATE,,The Phosphate Company Limited investor relations
INE398F01019,STERLING GREEN WOODS LTD.,BSE,STRGRENWO,,STERLING GREEN WOODS LTD. investor relations
INE398H01015,Trustedge Capital Limited,BSE,TRUSTEDGE,,Trustedge Capital Limited investor relations
INE398L01017,KANCO TEA & INDUSTRIES LIMITED,BSE,KANCOTEA,,KANCO TEA & INDUSTRIES LIMITED investor relations
INE398R01022,Syngene International Limited,"BSE, NSE",SYNGENE,SYNGENE,Syngene International Limited investor relations
INE399C01030,SUPRAJIT ENGINEERING LTD.,"BSE, NSE",SUPRAJIT,SUPRAJIT,SUPRAJIT ENGINEERING LTD. investor relations
INE399G01023,RAMKRISHNA FORGINGS LTD.,"BSE, NSE",RKFORGE,RKFORGE,RAMKRISHNA FORGINGS LTD. investor relations
INE399K01017,RATTANINDIA POWER LTD.,"BSE, NSE",RTNPOWER,RTNPOWER,RATTANINDIA POWER LTD. investor relations
INE399L01023,ADANI TOTAL GAS LIMITED,"BSE, NSE",ATGL,ATGL,ADANI TOTAL GAS LIMITED investor relations
INE400A01014,TUTICORIN ALKALI CHEMICALS AND,BSE,TUTIALKA,,TUTICORIN ALKALI CHEMICALS AND investor relations
INE400B01020,Virgo Global Limited,BSE,VIRGOGLOB,,Virgo Global Limited investor relations
INE400G01011,HARIYANA SHIP BREAKERS LTD.,BSE,HRYNSHP,,HARIYANA SHIP BREAKERS LTD. investor relations
INE400N01017,SHREE GANESH ELASTOPLAST LTD.,BSE,SHGANEL,,SHREE GANESH ELASTOPLAST LTD. investor relations
INE400R01018,Sabrimala Industries India Lim,BSE,SIIL,,Sabrimala Industries India Lim investor relations
INE401B01010,RESPONSE INFORMATICS LTD,BSE,RESPONSINF,,RESPONSE INFORMATICS LTD investor relations
INE401C01018,MID INDIA INDUSTRIES LTD.,BSE,MIDINDIA,,MID INDIA INDUSTRIES LTD. investor relations
INE401H01017,KEWAL KIRAN CLOTHING LTD.,"BSE, NSE",KKCL,KKCL,KEWAL KIRAN CLOTHING LTD. investor relations
INE401Z01019,Fratelli Vineyards Limited,BSE,FRATELLI,,Fratelli Vineyards Limited investor relations
INE402H01015,SHRI BAJRANG ALLIANCE LIMITED,BSE,SHBAJRG,,SHRI BAJRANG ALLIANCE LIMITED investor relations
INE402Y01028,Shreeji Translogistics Limited,BSE,STL,,Shreeji Translogistics Limited investor relations
INE403B01016,GALAXY CLOUD KITCHENS LIMITED,BSE,GCKL,,GALAXY CLOUD KITCHENS LIMITED investor relations
INE403C01014,INTERNATIONAL COMBUSTION (INDI,BSE,INTLCOMBQ,,INTERNATIONAL COMBUSTION (INDI investor relations
INE403F01017,THAKKERS DEVELOPERS LTD.,BSE,THAKDEV,,THAKKERS DEVELOPERS LTD. investor relations
INE403Y01018,Innovana Thinklabs Limited,"BSE, NSE",INNOVANA,INNOVANA,Innovana Thinklabs Limited investor relations
INE404A01024,Aditya Birla Sun Life AMC Limi,"BSE, NSE",ABSLAMC,ABSLAMC,Aditya Birla Sun Life AMC Limi investor relations
INE404B01022,LAST MILE ENTERPRISES LIMITED,BSE,LASTMILE,,LAST MILE ENTERPRISES LIMITED investor relations
INE404F01031,TTI ENTERPRISE LTD,BSE,TTIENT,,TTI ENTERPRISE LTD investor relations
INE404L01039,ESAAR (INDIA) LTD.,BSE,ESARIND,,ESAAR (INDIA) LTD. investor relations
INE405A01021,ULTRAMARINE & PIGMENTS LTD.,BSE,ULTRAMAR,,ULTRAMARINE & PIGMENTS LTD. investor relations
INE405C01035,LINCOLN PHARMACEUTICALS LTD.,"BSE, NSE",LINCOLN,LINCOLN,LINCOLN PHARMACEUTICALS LTD. investor relations
INE405E01023,UNO Minda Limited,"BSE, NSE",UNOMINDA,UNOMINDA,UNO Minda Limited investor relations
INE405H01018,CENTENIAL SURGICAL SUTURE LTD.,BSE,CSURGSU,,CENTENIAL SURGICAL SUTURE LTD. investor relations
INE406A01037,AUROBINDO PHARMA LTD.,"BSE, NSE",AUROPHARMA,AUROPHARMA,AUROBINDO PHARMA LTD. investor relations
INE406F01010,VASUNDHARA RASAYANS LTD,BSE,VRL,,VASUNDHARA RASAYANS LTD investor relations
INE406M01024,Eris Lifesciences Limited,"BSE, NSE",ERIS,ERIS,Eris Lifesciences Limited investor relations
INE406N01014,SVARAJ TRADING & AGENCIES LTD.,BSE,ZSVARAJT,,SVARAJ TRADING & AGENCIES LTD. investor relations
INE407P01017,Indo Cotspin Limited,BSE,ICL,,Indo Cotspin Limited investor relations
INE408F01024,Shantai Industries Limited,BSE,SHANTAI,,Shantai Industries Limited investor relations
INE409B01013,SWELECT ENERGY SYSTEMS LIMITED,"BSE, NSE",SWELECTES,SWELECTES,SWELECT ENERGY SYSTEMS LIMITED investor relations
INE410A01013,SOLITAIRE MACHINE TOOLS LTD.,BSE,SOLIMAC,,SOLITAIRE MACHINE TOOLS LTD. investor relations
INE410B01037,VINATI ORGANICS LTD.,"BSE, NSE",VINATIORGA,VINATIORGA,VINATI ORGANICS LTD. investor relations
INE410D01017,RAMGOPAL POLYTEX LTD.,BSE,RAMGOPOLY,,RAMGOPAL POLYTEX LTD. investor relations
INE410E01015,MUNOTH COMMUNICATION LIMITED,BSE,MCLTD,,MUNOTH COMMUNICATION LIMITED investor relations
INE410G01010,DIVYASHAKTI LIMITED,BSE,DIVSHKT,,DIVYASHAKTI LIMITED investor relations
INE410M01018,SOUTHERN LATEX LTD.,BSE,SOUTLAT,,SOUTHERN LATEX LTD. investor relations
INE410P01011,Narayana Hrudayalaya Limited,"BSE, NSE",NH,NH,Narayana Hrudayalaya Limited investor relations
INE411B01019,VENUS REMEDIES LTD.,"BSE, NSE",VENUSREM,VENUSREM,VENUS REMEDIES LTD. investor relations
INE411D01023,SKM EGG PRODUCTS EXPORT (INDIA,"BSE, NSE",SKMEGGPROD,SKMEGGPROD,SKM EGG PRODUCTS EXPORT (INDIA investor relations
INE411F01010,KAMA HOLDINGS LIMITED,BSE,KAMAHOLD,,KAMA HOLDINGS LIMITED investor relations
INE411H01032,R SYSTEMS INTERNATIONAL LTD.,"BSE, NSE",RSYSTEMS,RSYSTEMS,R SYSTEMS INTERNATIONAL LTD. investor relations
INE411U01027,Bajaj Healthcare Limited,"BSE, NSE",BAJAJHCARE,BAJAJHCARE,Bajaj Healthcare Limited investor relations
INE411Y01011,Debock Industries Limited,NSE,,DIL,Debock Industries Limited investor relations
INE412C01023,Jullundur Motor Agency (Delhi) Limited,NSE,,JMA,Jullundur Motor Agency (Delhi) Limited investor relations
INE412D01013,APOLLO FINVEST (INDIA) LTD.,BSE,APOLLOFI,,APOLLO FINVEST (INDIA) LTD. investor relations
INE412E01011,ORGANIC COATINGS LTD.,BSE,ORGCOAT,,ORGANIC COATINGS LTD. investor relations
INE412G01024,BCL INDUSTRIES LIMITED,"BSE, NSE",BCLIND,BCLIND,BCL INDUSTRIES LIMITED investor relations
INE412J01010,Samrat Forgings Limited,BSE,SAMRATFORG,,Samrat Forgings Limited investor relations
INE412U01025,Bigbloc Construction Limited,"BSE, NSE",BIGBLOC,BIGBLOC,Bigbloc Construction Limited investor relations
INE413B01023,RUCHI INFRASTRUCTURE LTD.,"BSE, NSE",RUCHINFRA,RUCHINFRA,RUCHI INFRASTRUCTURE LTD. investor relations
INE413C01013,SHELTER INFRA PROJECTS LTD.,BSE,SIPL,,SHELTER INFRA PROJECTS LTD. investor relations
INE413D01011,ARIHANT FOUNDATIONS & HOUSING,BSE,ARIHANT,,ARIHANT FOUNDATIONS & HOUSING investor relations
INE413F01016,Dhanashree Electronics Limited,BSE,DEL,,Dhanashree Electronics Limited investor relations
INE413G01022,TPL PLASTECH LTD.,"BSE, NSE",TPLPLASTEH,TPLPLASTEH,TPL PLASTECH LTD. investor relations
INE413X01035,7NR Retail Limited,BSE,7NR,,7NR Retail Limited investor relations
INE414A01015,Madras Fertilizer Limited,"BSE, NSE",MADRASFERT,MADRASFERT,Madras Fertilizer Limited investor relations
INE414B01021,Antarctica Limited,NSE,,ANTGRAPHIC,Antarctica Limited investor relations
INE414C01045,GREENCREST FINANCIAL SERVICES,BSE,GREENCREST,,GREENCREST FINANCIAL SERVICES investor relations
INE414D01027,BHAGIRADHA CHEMICALS & INDUSTR,"BSE, NSE",BHAGCHEM,BHAGCHEM,BHAGIRADHA CHEMICALS & INDUSTR investor relations
INE414G01012,MUTHOOT FINANCE LTD.,"BSE, NSE",MUTHOOTFIN,MUTHOOTFIN,MUTHOOT FINANCE LTD. investor relations
INE414Y01015,Shree Ganesh Remedies Limited,BSE,SGRL,,Shree Ganesh Remedies Limited investor relations
INE415A01038,AGI GREENPAC LIMITED,"BSE, NSE",AGI,AGI,AGI GREENPAC LIMITED investor relations
INE415B01044,MARSONS LIMITED,BSE,MARSONS,,MARSONS LIMITED investor relations
INE415D01024,BHARAT SEATS LTD.,"BSE, NSE",BHARATSE,BHARATSE,BHARAT SEATS LTD. investor relations
INE415G01027,Rail Vikas Nigam Limited,"BSE, NSE",RVNL,RVNL,Rail Vikas Nigam Limited investor relations
INE415H01017,BERYL DRUGS LTD.,BSE,BERLDRG,,BERYL DRUGS LTD. investor relations
INE415I01015,KIRI INDUSTRIES LTD.,"BSE, NSE",KIRIINDUS,KIRIINDUS,KIRI INDUSTRIES LTD. investor relations
INE416A01044,SRI ADHIKARI BROTHERS TELEVISI,"BSE, NSE",SABTNL,AQYLON,SRI ADHIKARI BROTHERS TELEVISI investor relations
INE416D01022,BLISS GVS PHARMA LTD.,"BSE, NSE",BLISSGVS,BLISSGVS,BLISS GVS PHARMA LTD. investor relations
INE416N01013,NILACHAL REFRACTORIES LTD.,BSE,NILACHAL,,NILACHAL REFRACTORIES LTD. investor relations
INE417B01040,DYNACONS SYSTEMS & SOLUTIONS L,"BSE, NSE",DSSL,DSSL,DYNACONS SYSTEMS & SOLUTIONS L investor relations
INE417C01014,Pilani Investment And Industri,"BSE, NSE",PILANIINVS,PILANIINVS,Pilani Investment And Industri investor relations
INE417D01020,FEDDERS HOLDING LIMITED,BSE,FEDDERSHOL,,FEDDERS HOLDING LIMITED investor relations
INE417E01010,PEE CEE COSMA SOPE LTD.,BSE,PCCOSMA,,PEE CEE COSMA SOPE LTD. investor relations
INE417N01011,CHAMBAL BREWERIES & DISTILLERI,BSE,CHMBBRW,,CHAMBAL BREWERIES & DISTILLERI investor relations
INE417T01026,PB Fintech Limited,"BSE, NSE",POLICYBZR,POLICYBZR,PB Fintech Limited investor relations
INE418B01048,VAARAD VENTURES LTD,BSE,VAARAD,,VAARAD VENTURES LTD investor relations
INE418C01012,QUEST CAPITAL MARKETS LIMITED,BSE,QUESTCAP,,QUEST CAPITAL MARKETS LIMITED investor relations
INE418D01010,CEENIK EXPORTS (INDIA) LTD.,BSE,CEENIK,,CEENIK EXPORTS (INDIA) LTD. investor relations
INE418E01018,PERMANENT MAGNETS LTD.,BSE,PERMAGN,,PERMANENT MAGNETS LTD. investor relations
INE418H01029,ALLCARGO LOGISTICS LTD.,"BSE, NSE",ALLCARGO,ALLCARGO,ALLCARGO LOGISTICS LTD. investor relations
INE418L01047,Nazara Technologies Limited,"BSE, NSE",NAZARA,NAZARA,Nazara Technologies Limited investor relations
INE418N01035,Integra Essentia Limited,"BSE, NSE",ESSENTIA,ESSENTIA,Integra Essentia Limited investor relations
INE419A01022,Kothari Sugars And Chemicals Limited,NSE,,KOTARISUG,Kothari Sugars And Chemicals Limited investor relations
INE419D01026,CHAMAN LAL SETIA EXPORTS LTD.,"BSE, NSE",CLSEL,CLSEL,CHAMAN LAL SETIA EXPORTS LTD. investor relations
INE419E01024,PRIME URBAN DEVELOPMENT INDIA,BSE,PRIMEURB,,PRIME URBAN DEVELOPMENT INDIA investor relations
INE419H01019,RELIABLE VENTURES INDIA LTD.,BSE,RELIABVEN,,RELIABLE VENTURES INDIA LTD. investor relations
INE419M01027,T D POWER SYSTEMS LTD.,"BSE, NSE",TDPOWERSYS,TDPOWERSYS,T D POWER SYSTEMS LTD. investor relations
INE419U01012,Happiest Minds Technologies Li,"BSE, NSE",HAPPSTMNDS,HAPPSTMNDS,Happiest Minds Technologies Li investor relations
INE420B01036,ARIHANT CAPITAL MARKETS LTD.,"BSE, NSE",ARIHANTCAP,ARIHANTCAP,ARIHANT CAPITAL MARKETS LTD. investor relations
INE420C01059,PAISALO DIGITAL LIMITED,"BSE, NSE",PAISALO,PAISALO,PAISALO DIGITAL LIMITED investor relations
INE421A01028,ABAN OFFSHORE LTD.,"BSE, NSE",ABAN,ABAN,ABAN OFFSHORE LTD. investor relations
INE421C01016,TVS SRICHAKRA LTD.,"BSE, NSE",TVSSRICHAK,TVSSRICHAK,TVS SRICHAKRA LTD. investor relations
INE421D01022,CCL PRODUCTS (INDIA) LTD.,"BSE, NSE",CCL,CCL,CCL PRODUCTS (INDIA) LTD. investor relations
INE422D01012,DALAL STREET INVESTMENTS LTD.,BSE,DSINVEST,,DALAL STREET INVESTMENTS LTD. investor relations
INE422G01015,HEMO ORGANIC LIMITED,BSE,HEMORGANIC,,HEMO ORGANIC LIMITED investor relations
INE423A01024,ADANI ENTERPRISES LTD.,"BSE, NSE",ADANIENT,ADANIENT,ADANI ENTERPRISES LTD. investor relations
INE423D01010,ECOPLAST LTD.,BSE,ECOPLAST,,ECOPLAST LTD. investor relations
INE423Y01016,SBFC Finance Limited,"BSE, NSE",SBFC,SBFC,SBFC Finance Limited investor relations
INE424C01010,GINNI FILAMENTS LTD.,"BSE, NSE",GINNIFILA,GINNIFILA,GINNI FILAMENTS LTD. investor relations
INE424H01027,SUN TV NETWORK LTD.,"BSE, NSE",SUNTV,SUNTV,SUN TV NETWORK LTD. investor relations
INE424Z01011,Milestone Furniture Limited,BSE,MILEFUR,,Milestone Furniture Limited investor relations
INE425B01027,BRIGHTCOM GROUP LIMITED,"BSE, NSE",BCG,BCG,BRIGHTCOM GROUP LIMITED investor relations
INE425C01017,SRU Steels Limited,BSE,SRUSTEELS,,SRU Steels Limited investor relations
INE425E01013,RAMA PAPER MILLS LTD.,BSE,RAMAPPR-B,,RAMA PAPER MILLS LTD. investor relations
INE425F01028,BEFOUND MOVEMENT LIMITED,BSE,BEFOUNDMOL,,BEFOUND MOVEMENT LIMITED investor relations
INE425Y01011,RPSG VENTURES LIMITED,"BSE, NSE",RPSGVENT,RPSGVENT,RPSG VENTURES LIMITED investor relations
INE426A01027,ALEMBIC LTD.,"BSE, NSE",ALEMBICLTD,ALEMBICLTD,ALEMBIC LTD. investor relations
INE426D01013,GOA CARBON LTD.,"BSE, NSE",GOACARBON,GOACARBON,GOA CARBON LTD. investor relations
INE426H01014,PRERNA INFRABUILD LTD.,BSE,PRERINFRA,,PRERNA INFRABUILD LTD. investor relations
INE426Z01016,Orissa Bengal Carrier Limited,NSE,,OBCL,Orissa Bengal Carrier Limited investor relations
INE427C01021,VISTA PHARMACEUTICALS LTD.,BSE,VISTAPH,,VISTA PHARMACEUTICALS LTD. investor relations
INE427D01011,GOLECHHA GLOBAL FINANCE LTD.,BSE,GOLECHA,,GOLECHHA GLOBAL FINANCE LTD. investor relations
INE427F01016,Chalet Hotels Limited,"BSE, NSE",CHALET,CHALET,Chalet Hotels Limited investor relations
INE427T01025,Vantage Knowledge Academy Limi,BSE,VKAL,,Vantage Knowledge Academy Limi investor relations
INE428B01021,PVV Infra Limited,BSE,PVVINFRA,,PVV Infra Limited investor relations
INE428D01019,HINDUSTAN TIN WORKS LTD.,BSE,HINDTIN,,HINDUSTAN TIN WORKS LTD. investor relations
INE428P01013,PRABHHANS INDUSTRIES LIMITED,BSE,PRABHHANS,,PRABHHANS INDUSTRIES LIMITED investor relations
INE428Q01011,Suryoday Small Finance Bank Li,"BSE, NSE",SURYODAY,SURYODAY,Suryoday Small Finance Bank Li investor relations
INE428V01029,Nephrocare Health Services Lim,"BSE, NSE",NEPHROPLUS,NEPHROPLUS,Nephrocare Health Services Lim investor relations
INE429B01011,YOGI SUNG-WON (INDIA) LTD.,BSE,YOGISUNG,,YOGI SUNG-WON (INDIA) LTD. investor relations
INE429D01017,INDIA CEMENTS CAPITAL LTD.,BSE,INDCEMCAP,,INDIA CEMENTS CAPITAL LTD. investor relations
INE429E01023,SAFARI INDUSTRIES (INDIA) LTD.,"BSE, NSE",SAFARI,SAFARI,SAFARI INDUSTRIES (INDIA) LTD. investor relations
INE429I01024,CONSOLIDATED CONSTRUCTION CONS,"BSE, NSE",CCCL,CCCL,CONSOLIDATED CONSTRUCTION CONS investor relations
INE429K01012,PREMIER ENERGY AND INFRASTRUCT,BSE,PEIL,,PREMIER ENERGY AND INFRASTRUCT investor relations
INE430F01010,KUWER INDUSTRIES LTD.,BSE,KUWERIN,,KUWER INDUSTRIES LTD. investor relations
INE430N01022,Vishwaraj Sugar Industries Lim,"BSE, NSE",VISHWARAJ,VISHWARAJ,Vishwaraj Sugar Industries Lim investor relations
INE430R01023,AAYUSH WELLNESS LIMITED,BSE,AAYUSH,,AAYUSH WELLNESS LIMITED investor relations
INE431F01018,The Peria Karamalai Tea & Produce Company Limited,NSE,,PKTEA,The Peria Karamalai Tea & Produce Company Limited investor relations
INE432A01017,AMBALAL SARABHAI ENTERPRISES L,BSE,AMBALALSA,,AMBALAL SARABHAI ENTERPRISES L investor relations
INE432F01032,ERAAYA LIFESPACES LIMITED,BSE,EBIX,,ERAAYA LIFESPACES LIMITED investor relations
INE433G01020,SACHETA METALS LTD.,BSE,SACHEMT,,SACHETA METALS LTD. investor relations
INE434B01029,WEP SOLUTIONS LTD.,BSE,WEPSOLN,,WEP SOLUTIONS LTD. investor relations
INE434C01027,KIC METALIKS LTD.,BSE,KAJARIR,,KIC METALIKS LTD. investor relations
INE435A01051,ANDHRA PAPER LIMITED,"BSE, NSE",ANDHRAPAP,ANDHRAPAP,ANDHRA PAPER LIMITED investor relations
INE435C01024,TEXMACO INFRASTRUCTURE & HOLDI,"BSE, NSE",TEXINFRA,TEXINFRA,TEXMACO INFRASTRUCTURE & HOLDI investor relations
INE435D01014,MAC CHARLES (INDIA) LTD.,BSE,MCCHRLS-B,,MAC CHARLES (INDIA) LTD. investor relations
INE435E01020,SHALIMAR PRODUCTIONS LTD.,BSE,SHALPRO,,SHALIMAR PRODUCTIONS LTD. investor relations
INE435G01025,DHANUKA AGRITECH LTD.,"BSE, NSE",DHANUKA,DHANUKA,DHANUKA AGRITECH LTD. investor relations
INE436A01026,ANSAL PROPERTIES & INFRASTRUCT,"BSE, NSE",ANSALAPI,ANSALAPI,ANSAL PROPERTIES & INFRASTRUCT investor relations
INE436C01014,BHILWARA SPINNERS LTD.,BSE,BHILSPIN,,BHILWARA SPINNERS LTD. investor relations
INE436N01029,ADVANCE METERING TECHNOLOGY LT,BSE,AMTL,,ADVANCE METERING TECHNOLOGY LT investor relations
INE437A01024,APOLLO HOSPITALS ENTERPRISE LT,"BSE, NSE",APOLLOHOSP,APOLLOHOSP,APOLLO HOSPITALS ENTERPRISE LT investor relations
INE437B01014,Kakatiya Cement Sugar & Industries Limited,NSE,,KAKATCEM,Kakatiya Cement Sugar & Industries Limited investor relations
INE437C01012,INCAP LTD.,BSE,INCAP,,INCAP LTD. investor relations
INE437D01010,MAGNA ELECTRO CASTINGS LTD.,BSE,MAGNAELQ,,MAGNA ELECTRO CASTINGS LTD. investor relations
INE438A01022,APOLLO TYRES LTD.,"BSE, NSE",APOLLOTYRE,APOLLOTYRE,APOLLO TYRES LTD. investor relations
INE438C01010,PRO CLB GLOBAL LIMITED,BSE,PROCLB,,PRO CLB GLOBAL LIMITED investor relations
INE438E01032,SIKA INTERPLANT SYSTEMS LTD.,BSE,SIKA,,SIKA INTERPLANT SYSTEMS LTD. investor relations
INE438K01021,Sai Silks (Kalamandir) Limited,"BSE, NSE",KALAMANDIR,KALAMANDIR,Sai Silks (Kalamandir) Limited investor relations
INE439A01020,ASAHI INDIA GLASS LTD.,"BSE, NSE",ASAHIINDIA,ASAHIINDIA,ASAHI INDIA GLASS LTD. investor relations
INE439E01022,SKIPPER LTD,"BSE, NSE",SKIPPER,SKIPPER,SKIPPER LTD investor relations
INE439G01019,ENTERPRISE INTERNATIONAL LTD.,BSE,ENTRINT,,ENTERPRISE INTERNATIONAL LTD. investor relations
INE439N01031,Blue Pearl Agriventures Limite,BSE,BPAGRI,,Blue Pearl Agriventures Limite investor relations
INE439T01012,Nitiraj Engineers Limited,NSE,,NITIRAJ,Nitiraj Engineers Limited investor relations
INE440A01010,ASHIMA LTD.,"BSE, NSE",ASHIMASYN,ASHIMASYN,ASHIMA LTD. investor relations
INE440C01016,SABOO SODIUM CHLORO LTD.,BSE,SABOOSOD,,SABOO SODIUM CHLORO LTD. investor relations
INE440G01017,TRITON VALVES LTD.,BSE,TRITONV,,TRITON VALVES LTD. investor relations
INE440L01017,TIJARIA POLYPIPES LTD.,"BSE, NSE",TIJARIA,TIJARIA,TIJARIA POLYPIPES LTD. investor relations
INE440T01028,Shanti Educational Initiatives,BSE,SEIL,,Shanti Educational Initiatives investor relations
INE441C01014,SIBAR AUTO PARTS LTD.,BSE,SIBARAUT,,SIBAR AUTO PARTS LTD. investor relations
INE441L01015,STANROSE MAFATLAL INVESTMENTS,BSE,STANROS,,STANROSE MAFATLAL INVESTMENTS investor relations
INE442D01010,MEDI-CAPS LTD.,BSE,MEDICAPQ,,MEDI-CAPS LTD. investor relations
INE442H01029,ASHOKA BUILDCON LTD.,"BSE, NSE",ASHOKA,ASHOKA,ASHOKA BUILDCON LTD. investor relations
INE442P01014,SUYOG TELEMATICS LTD,"BSE, NSE",SUYOG,SUYOG,SUYOG TELEMATICS LTD investor relations
INE442V01012,PRIME FRESH LIMITED,BSE,PRIMEFRESH,,PRIME FRESH LIMITED investor relations
INE443A01030,ASI INDUSTRIES LIMITED,BSE,ASIIL,,ASI INDUSTRIES LIMITED investor relations
INE443B01012,TYCHE INDUSTRIES LTD.,BSE,TYCHE,,TYCHE INDUSTRIES LTD. investor relations
INE443C01010,ROOPA INDUSTRIES LTD.,BSE,ROOPAIND,,ROOPA INDUSTRIES LTD. investor relations
INE443D01018,BGIL FILMS & TECHNOLOGIES LTD.,BSE,BGIL,,BGIL FILMS & TECHNOLOGIES LTD. investor relations
INE443E01016,SRI NACHAMMAI COTTON MILLS LTD,BSE,SRINACHA,,SRI NACHAMMAI COTTON MILLS LTD investor relations
INE444D01016,NATRAJ PROTEINS LTD.,BSE,NATRAJPR,,NATRAJ PROTEINS LTD. investor relations
INE445C01015,XPRO INDIA LTD.,"BSE, NSE",XPROINDIA,XPROINDIA,XPRO INDIA LTD. investor relations
INE445D01013,NILE LTD.,BSE,NILE,,NILE LTD. investor relations
INE446A01025,Atlas Cycles (Haryana) Limited,NSE,,ATLASCYCLE,Atlas Cycles (Haryana) Limited investor relations
INE446C01013,GLOBAL OFFSHORE SERVICES LTD.,BSE,GLOBOFFS,,GLOBAL OFFSHORE SERVICES LTD. investor relations
INE447A01015,ATV PROJECTS INDIA LTD.,BSE,ATVPR,,ATV PROJECTS INDIA LTD. investor relations
INE448B01029,PICTUREHOUSE MEDIA LTD.,BSE,PICTUREHS,,PICTUREHOUSE MEDIA LTD. investor relations
INE448D01025,PADAM COTTON YARNS LTD.,BSE,PADAMCO,,PADAM COTTON YARNS LTD. investor relations
INE448F01012,Unipro Technologies Limited,BSE,UPROTECH,,Unipro Technologies Limited investor relations
INE448G01010,NATH BIO-GENES (INDIA) LTD,"BSE, NSE",NATHBIOGEN,NATHBIOGEN,NATH BIO-GENES (INDIA) LTD investor relations
INE449A01011,AUTOMOTIVE AXLES LTD.,"BSE, NSE",AUTOAXLES,AUTOAXLES,AUTOMOTIVE AXLES LTD. investor relations
INE449C01025,ANDREW YULE & COMPANY LTD.,BSE,ANDREWYU,,ANDREW YULE & COMPANY LTD. investor relations
INE449G01018,Agri-Tech (India) Limited,NSE,,AGRITECH,Agri-Tech (India) Limited investor relations
INE450D01021,PITTI ENGINEERING LIMITED,"BSE, NSE",PITTIENG,PITTIENG,PITTI ENGINEERING LIMITED investor relations
INE450E01029,SUKHJIT STARCH & CHEMICALS LTD,"BSE, NSE",SUKHJITS,SUKHJITS,SUKHJIT STARCH & CHEMICALS LTD investor relations
INE450G01024,VIP Clothing Limited,"BSE, NSE",VIPCLOTHNG,VIPCLOTHNG,VIP Clothing Limited investor relations
INE450U01017,Route Mobile Limited,"BSE, NSE",ROUTE,ROUTE,Route Mobile Limited investor relations
INE451A01017,FORCE MOTORS LTD.,"BSE, NSE",FORCEMOT,FORCEMOT,FORCE MOTORS LTD. investor relations
INE451C01013,AUTOMOBILE CORPORATION OF GOA,BSE,ACGL,,AUTOMOBILE CORPORATION OF GOA investor relations
INE451D01029,RAJRATAN GLOBAL WIRE LTD.,"BSE, NSE",RAJRATAN,RAJRATAN,RAJRATAN GLOBAL WIRE LTD. investor relations
INE451F01024,Apollo Sindoori Hotels Limited,NSE,,APOLSINHOT,Apollo Sindoori Hotels Limited investor relations
INE451L01014,MAHAMAYA STEEL INDUSTRIES LTD.,"BSE, NSE",MAHASTEEL,MAHASTEEL,MAHAMAYA STEEL INDUSTRIES LTD. investor relations
INE451S01027,GROWINGTON VENTURES INDIA LIMI,BSE,GROWINGTON,,GROWINGTON VENTURES INDIA LIMI investor relations
INE452B01013,RELIC TECHNOLOGIES LTD.,BSE,RELICTEC,,RELIC TECHNOLOGIES LTD. investor relations
INE452L01012,INCREDIBLE INDUSTRIES LIMITED,"BSE, NSE",INCREDIBLE,INCREDIBLE,INCREDIBLE INDUSTRIES LIMITED investor relations
INE452O01016,FUTURE LIFESTYLE FASHIONS LTD,"BSE, NSE",FLFL,FLFL,FUTURE LIFESTYLE FASHIONS LTD investor relations
INE452S01025,Suncare Traders Limited,BSE,SCTL,,Suncare Traders Limited investor relations
INE452W01019,Deccan Health Care Limited,BSE,DECCAN,,Deccan Health Care Limited investor relations
INE453B01029,COMPUCOM SOFTWARE LTD.,"BSE, NSE",COMPUSOFT,COMPUSOFT,COMPUCOM SOFTWARE LTD. investor relations
INE453D01025,SARLA PERFORMANCE FIBERS LTD.,"BSE, NSE",SARLAPOLY,SARLAPOLY,SARLA PERFORMANCE FIBERS LTD. investor relations
INE453S01015,KANUNGO FINANCIERS LIMITED,BSE,KANUNGO,,KANUNGO FINANCIERS LIMITED investor relations
INE454E01013,ABATE AS INDUSTRIES LIMITED,BSE,ABATEAS,,ABATE AS INDUSTRIES LIMITED investor relations
INE454F01010,7SEAS ENTERTAINMENT LIMITED,BSE,7SEASL,,7SEAS ENTERTAINMENT LIMITED investor relations
INE454M01024,NAGARJUNA FERTILIZERS AND CHEM,"BSE, NSE",NAGAFERT,NAGAFERT,NAGARJUNA FERTILIZERS AND CHEM investor relations
INE454P01035,Transrail Lighting Limited,"BSE, NSE",TRANSRAILL,TRANSRAILL,Transrail Lighting Limited investor relations
INE455C01014,DEVINE IMPEX LTD.,BSE,DEVINE,,DEVINE IMPEX LTD. investor relations
INE455F01025,JAIPRAKASH ASSOCIATES LTD.,"BSE, NSE",JPASSOCIAT,JPASSOCIAT,JAIPRAKASH ASSOCIATES LTD. investor relations
INE455H01013,FYNX CAPITAL LIMITED,BSE,FYNX,,FYNX CAPITAL LIMITED investor relations
INE455I01029,KAVERI SEED COMPANY LTD.,"BSE, NSE",KSCL,KSCL,KAVERI SEED COMPANY LTD. investor relations
INE455K01017,Polycab India Limited,"BSE, NSE",POLYCAB,POLYCAB,Polycab India Limited investor relations
INE456B01014,INDO-CITY INFOTECH LTD.,BSE,INDOCITY,,INDO-CITY INFOTECH LTD. investor relations
INE456D01010,SRI LAKSHMI SARASWATHI TEXTILE,BSE,SLSTLQ,,SRI LAKSHMI SARASWATHI TEXTILE investor relations
INE456H01029,SIMPLEX PAPERS LTD.,BSE,SIMPLXPAP,,SIMPLEX PAPERS LTD. investor relations
INE456N01019,COMFORT COMMOTRADE LTD.,BSE,COMCL,,COMFORT COMMOTRADE LTD. investor relations
INE456Z01021,Medi Assist Healthcare Service,"BSE, NSE",MEDIASSIST,MEDIASSIST,Medi Assist Healthcare Service investor relations
INE457A01014,BANK OF MAHARASHTRA,"BSE, NSE",MAHABANK,MAHABANK,BANK OF MAHARASHTRA investor relations
INE457C01010,DYNAMIC INDUSTRIES LTD.,BSE,DYNAMIND,,DYNAMIC INDUSTRIES LTD. investor relations
INE457D01018,STANPACKS (INDIA) LTD.,BSE,STANPACK,,STANPACKS (INDIA) LTD. investor relations
INE457E01016,VALLABH STEELS LTD.,BSE,VALLABHSQ,,VALLABH STEELS LTD. investor relations
INE457F01013,SALZER ELECTRONICS LTD.,"BSE, NSE",SALZERELEC,SALZERELEC,SALZER ELECTRONICS LTD. investor relations
INE457G01029,ORIENTAL RAIL INFRASTRUCTURE L,BSE,ORIRAIL,,ORIENTAL RAIL INFRASTRUCTURE L investor relations
INE457L01029,PG ELECTROPLAST LTD.,"BSE, NSE",PGEL,PGEL,PG ELECTROPLAST LTD. investor relations
INE457N01025,YAMINI INVESTMENTS COMPANY LTD,BSE,YAMNINV,,YAMINI INVESTMENTS COMPANY LTD investor relations
INE457P01020,TOYAM SPORTS LIMITED,BSE,TOYAMSL,,TOYAM SPORTS LIMITED investor relations
INE458B01036,BHAGYANAGAR INDIA LTD.,"BSE, NSE",BHAGYANGR,BHAGYANGR,BHAGYANAGAR INDIA LTD. investor relations
INE458F01011,The United Nilgiri Tea Estates Company Limited,NSE,,UNITEDTEA,The United Nilgiri Tea Estates Company Limited investor relations
INE459A01010,Bannari Amman Sugars Limited,NSE,,BANARISUG,Bannari Amman Sugars Limited investor relations
INE459C01016,FLUIDOMAT LTD.,BSE,FLUIDOM,,FLUIDOMAT LTD. investor relations
INE459Z01017,Taylormade Renewables Limited,BSE,TRL,,Taylormade Renewables Limited investor relations
INE460C01014,GANESH HOUSING LIMITED,"BSE, NSE",GANESHHOU,GANESHHOU,GANESH HOUSING LIMITED investor relations
INE460D01038,SUPER TANNERY LIMITED,BSE,SUPTANERY,,SUPER TANNERY LIMITED investor relations
INE460H01021,Star Cement Limited,"BSE, NSE",STARCEMENT,STARCEMENT,Star Cement Limited investor relations
INE461A01024,BARODA RAYON CORPORATION LTD.,BSE,BARODARY,,BARODA RAYON CORPORATION LTD. investor relations
INE461B01014,REPRO INDIA LTD.,"BSE, NSE",REPRO,REPRO,REPRO INDIA LTD. investor relations
INE461C01038,GREENPLY INDUSTRIES LTD.,"BSE, NSE",GREENPLY,GREENPLY,GREENPLY INDUSTRIES LTD. investor relations
INE461D01028,HLE GLASCOAT LIMITED,"BSE, NSE",HLEGLAS,HLEGLAS,HLE GLASCOAT LIMITED investor relations
INE462A01022,BAYER CROPSCIENCE LTD.,"BSE, NSE",BAYERCROP,BAYERCROP,BAYER CROPSCIENCE LTD. investor relations
INE462D01034,JAMSHRI REALTY LIMITED,BSE,JAMSHRI,,JAMSHRI REALTY LIMITED investor relations
INE463A01038,BERGER PAINTS INDIA LTD.,"BSE, NSE",BERGEPAINT,BERGEPAINT,BERGER PAINTS INDIA LTD. investor relations
INE463B01036,INFRONICS SYSTEMS LTD,BSE,INFRONICS,,INFRONICS SYSTEMS LTD investor relations
INE463D01016,TULSYAN NEC LTD.,BSE,TULSYAN,,TULSYAN NEC LTD. investor relations
INE463V01026,Anand Rathi Wealth Limited,"BSE, NSE",ANANDRATHI,ANANDRATHI,Anand Rathi Wealth Limited investor relations
INE464A01036,BHARAT BIJLEE LTD.,"BSE, NSE",BBL,BBL,BHARAT BIJLEE LTD. investor relations
INE464B01018,UNIVERSAL ARTS LTD.,BSE,UNIVARTS,,UNIVERSAL ARTS LTD. investor relations
INE464Z01017,Inflame Appliances Limited,BSE,INFLAME,,Inflame Appliances Limited investor relations
INE465A01025,BHARAT FORGE LTD.,"BSE, NSE",BHARATFORG,BHARATFORG,BHARAT FORGE LTD. investor relations
INE465H01012,SHARMA EAST INDIA HOSPITALS &,BSE,SHARMEH,,SHARMA EAST INDIA HOSPITALS & investor relations
INE465K01016,Kkalpana Plastick Limited,BSE,KKPLASTICK,,Kkalpana Plastick Limited investor relations
INE466D01019,VEEJAY LAKSHMI ENGINEERING WOR,BSE,VJLAXMIE,,VEEJAY LAKSHMI ENGINEERING WOR investor relations
INE466L01038,360 ONE WAM LIMITED,"BSE, NSE",360ONE,360ONE,360 ONE WAM LIMITED investor relations
INE467B01029,TATA CONSULTANCY SERVICES LTD.,"BSE, NSE",TCS,TCS,TATA CONSULTANCY SERVICES LTD. investor relations
INE467D01017,VIRAT INDUSTRIES LTD.,BSE,VIRAT,,VIRAT INDUSTRIES LTD. investor relations
INE467X01023,Saptak Chem And Business Limit,BSE,SCBL,,Saptak Chem And Business Limit investor relations
INE468C01017,M.P.AGRO INDUSTRIES LTD.,BSE,MPAGI,,M.P.AGRO INDUSTRIES LTD. investor relations
INE469A01019,BIMETAL BEARINGS LTD.,BSE,BIMETAL,,BIMETAL BEARINGS LTD. investor relations
INE469C01023,MADHUSUDAN INDUSTRIES LTD.,BSE,MADHUDIN,,MADHUSUDAN INDUSTRIES LTD. investor relations
INE469F01026,KCL Infra Projects Limited,BSE,KCLINFRA,,KCL Infra Projects Limited investor relations
INE470A01017,3M INDIA LTD.,"BSE, NSE",3MINDIA,3MINDIA,3M INDIA LTD. investor relations
INE470Y01017,The New India Assurance Compan,"BSE, NSE",NIACL,NIACL,The New India Assurance Compan investor relations
INE471R01019,NEOPOLITAN PIZZA AND FOODS LIM,BSE,NPFL,,NEOPOLITAN PIZZA AND FOODS LIM investor relations
INE471W01019,Palash Securities Limited,"BSE, NSE",PALASHSECU,PALASHSECU,Palash Securities Limited investor relations
INE472A01039,BLUE STAR LTD.,"BSE, NSE",BLUESTARCO,BLUESTARCO,BLUE STAR LTD. investor relations
INE472B01011,BLUE COAST HOTELS LTD.,"BSE, NSE",BLUECOAST,BLUECOAST,BLUE COAST HOTELS LTD. investor relations
INE472C01027,SHRISTI INFRASTRUCTURE DEVELOP,BSE,SHRISTI,,SHRISTI INFRASTRUCTURE DEVELOP investor relations
INE472D01017,BLUE CHIP TEX INDUSTRIES LTD.,BSE,BLUECHIPT,,BLUE CHIP TEX INDUSTRIES LTD. investor relations
INE472M01018,MT EDUCARE LTD.,"BSE, NSE",MTEDUCARE,MTEDUCARE,MT EDUCARE LTD. investor relations
INE473A01011,Linde India Limited,"BSE, NSE",LINDEINDIA,LINDEINDIA,Linde India Limited investor relations
INE473B01035,HATSUN AGRO PRODUCT LTD.,"BSE, NSE",HATSUN,HATSUN,HATSUN AGRO PRODUCT LTD. investor relations
INE473C01025,STRATMONT INDUSTRIES LIMITED,BSE,STRATMONT,,STRATMONT INDUSTRIES LIMITED investor relations
INE473D01015,Kingfa Science & Technology (I,"BSE, NSE",KINGFA,KINGFA,Kingfa Science & Technology (I investor relations
INE473E01021,BASANT AGRO TECH (INDIA) LTD.,BSE,BASANTGL,,BASANT AGRO TECH (INDIA) LTD. investor relations
INE474C01023,REMSONS INDUSTRIES LTD.,"BSE, NSE",REMSONSIND,REMSONSIND,REMSONS INDUSTRIES LTD. investor relations
INE474D01013,SAFFRON INDUSTRIES LIMITED,BSE,SAFFRON,,SAFFRON INDUSTRIES LIMITED investor relations
INE474E01029,BHANDARI HOSIERY EXPORTS LTD.,"BSE, NSE",BHANDARI,BHANDARI,BHANDARI HOSIERY EXPORTS LTD. investor relations
INE474L01016,Omkar Speciality Chemicals Limited,NSE,,OMKARCHEM,Omkar Speciality Chemicals Limited investor relations
INE474O01010,INDIA FINSEC LTD.,BSE,IFINSEC,,INDIA FINSEC LTD. investor relations
INE474Q01031,Global Health Limited,"BSE, NSE",MEDANTA,MEDANTA,Global Health Limited investor relations
INE475B01022,HIKAL LTD.,"BSE, NSE",HIKAL,HIKAL,HIKAL LTD. investor relations
INE475D01010,Sangam Finserv Limited,BSE,SANGAMFIN,,Sangam Finserv Limited investor relations
INE475E01026,CAPLIN POINT LABORATORIES LTD.,"BSE, NSE",CAPLIPOINT,CAPLIPOINT,CAPLIN POINT LABORATORIES LTD. investor relations
INE476A01022,CANARA BANK,"BSE, NSE",CANBK,CANBK,CANARA BANK investor relations
INE477A01020,CAN FIN HOMES LTD.,"BSE, NSE",CANFINHOME,CANFINHOME,CAN FIN HOMES LTD. investor relations
INE477B01010,Dhunseri Ventures Limited,"BSE, NSE",DVL,DVL,Dhunseri Ventures Limited investor relations
INE478D01014,ITL INDUSTRIES LTD.,BSE,ITL,,ITL INDUSTRIES LTD. investor relations
INE479A01018,CAPRIHANS INDIA LTD.,BSE,CAPRIHANS,,CAPRIHANS INDIA LTD. investor relations
INE479D01038,KRITI INDUSTRIES (INDIA) LTD.,"BSE, NSE",KRITI,KRITI,KRITI INDUSTRIES (INDIA) LTD. investor relations
INE480C01038,SOM DISTILLERIES & BREWERIES L,"BSE, NSE",SDBL,SDBL,SOM DISTILLERIES & BREWERIES L investor relations
INE480D01010,Niyogin Fintech Limited,BSE,NIYOGIN,,Niyogin Fintech Limited investor relations
INE480M01011,THOMAS SCOTT (INDIA) LIMITED,"BSE, NSE",THOMASCOTT,THOMASCOTT,THOMAS SCOTT (INDIA) LIMITED investor relations
INE480S01026,Gala Global Products Limited,BSE,GGPL,,Gala Global Products Limited investor relations
INE481G01011,ULTRATECH CEMENT LTD.,"BSE, NSE",ULTRACEMCO,ULTRACEMCO,ULTRATECH CEMENT LTD. investor relations
INE481N01025,Home First Finance Company Ind,"BSE, NSE",HOMEFIRST,HOMEFIRST,Home First Finance Company Ind investor relations
INE481Y01014,General Insurance Corporation,"BSE, NSE",GICRE,GICRE,General Insurance Corporation investor relations
INE481Z01011,Uniinfo Telecom Services Limited,NSE,,UNIINFO,Uniinfo Telecom Services Limited investor relations
INE482A01020,CEAT LTD.,"BSE, NSE",CEATLTD,CEATLTD,CEAT LTD. investor relations
INE482B01010,TERA SOFTWARE LTD.,"BSE, NSE",TERASOFT,TERASOFT,TERA SOFTWARE LTD. investor relations
INE482D01024,CARYSIL LIMITED,"BSE, NSE",CARYSIL,CARYSIL,CARYSIL LIMITED investor relations
INE482J01021,SHAH METACORP LIMITED,"BSE, NSE",SHAH,SHAH,SHAH METACORP LIMITED investor relations
INE482O01021,OLYMPIA INDUSTRIES LTD.,BSE,OLYMPTX,,OLYMPIA INDUSTRIES LTD. investor relations
INE483A01010,CENTRAL BANK OF INDIA,"BSE, NSE",CENTRALBK,CENTRALBK,CENTRAL BANK OF INDIA investor relations
INE483B01026,INDO COUNT INDUSTRIES LTD.,"BSE, NSE",ICIL,ICIL,INDO COUNT INDUSTRIES LTD. investor relations
INE483C01032,TANLA PLATFORMS LIMITED,"BSE, NSE",TANLA,TANLA,TANLA PLATFORMS LIMITED investor relations
INE483D01014,RAP CORP LIMITED,BSE,RAP,,RAP CORP LIMITED investor relations
INE483S01020,AvenuesAI Limited,"BSE, NSE",CCAVENUE,CCAVENUE,AvenuesAI Limited investor relations
INE484C01030,VEEDOL CORPORATION LIMITED,"BSE, NSE",VEEDOL,VEEDOL,VEEDOL CORPORATION LIMITED investor relations
INE484D01012,AMARJOTHI SPINNING MILLS LTD.,BSE,AMARJOTHI,,AMARJOTHI SPINNING MILLS LTD. investor relations
INE484I01029,Precision Camshafts Limited,"BSE, NSE",PRECAM,PRECAM,Precision Camshafts Limited investor relations
INE484J01027,GODREJ PROPERTIES LTD,"BSE, NSE",GODREJPROP,GODREJPROP,GODREJ PROPERTIES LTD investor relations
INE485A01015,CENTURY ENKA LTD.,"BSE, NSE",CENTENKA,CENTENKA,CENTURY ENKA LTD. investor relations
INE485C01029,IOL CHEMICALS & PHARMACEUTICAL,"BSE, NSE",IOLCP,IOLCP,IOL CHEMICALS & PHARMACEUTICAL investor relations
INE485D01043,MAXGROW INDIA LIMITED,BSE,MAXGROW,,MAXGROW INDIA LIMITED investor relations
INE485K01022,Arunjyoti Bio Ventures Limited,BSE,ABVL,,Arunjyoti Bio Ventures Limited investor relations
INE486A01021,CESC LTD.,"BSE, NSE",CESC,CESC,CESC LTD. investor relations
INE486D01017,RESONANCE SPECIALTIES LTD.,BSE,RESONANCE,,RESONANCE SPECIALTIES LTD. investor relations
INE486F01012,ZENOTECH LABORATORIES LTD.,BSE,ZENOTECH,,ZENOTECH LABORATORIES LTD. investor relations
INE486I01016,PHAARMASIA LTD.,BSE,PHRMASI,,PHAARMASIA LTD. investor relations
INE486R01017,GPT Healthcare Limited,"BSE, NSE",GPTHEALTH,GPTHEALTH,GPT Healthcare Limited investor relations
INE486Y01013,Touchwood Entertainment Limited,NSE,,TOUCHWOOD,Touchwood Entertainment Limited investor relations
INE487B01019,NATURA HUE CHEM LTD.,BSE,NATHUEC,,NATURA HUE CHEM LTD. investor relations
INE487G01018,GYAN DEVELOPERS & BUILDERS LTD,BSE,GYANDEV,,GYAN DEVELOPERS & BUILDERS LTD investor relations
INE488A01050,Chemplast Sanmar Limited,"BSE, NSE",CHEMPLASTS,CHEMPLASTS,Chemplast Sanmar Limited investor relations
INE488B01017,TASTY BITE EATABLES LTD.,"BSE, NSE",TASTYBITE,TASTYBITE,TASTY BITE EATABLES LTD. investor relations
INE488C01015,SHRYDUS INDUSTRIES LIMITED,BSE,SHRYDUS,,SHRYDUS INDUSTRIES LIMITED investor relations
INE488D01021,AVT NATURAL PRODUCTS LTD.,"BSE, NSE",AVTNPL,AVTNPL,AVT NATURAL PRODUCTS LTD. investor relations
INE488V01015,PSP Projects Limited,"BSE, NSE",PSPPROJECT,PSPPROJECT,PSP Projects Limited investor relations
INE489B01031,Shradha AI Technologies Limite,BSE,SHRAAITECH,,Shradha AI Technologies Limite investor relations
INE489D01011,B & A LTD.,BSE,BNALTD,,B & A LTD. investor relations
INE489G01022,ANUH PHARMA LTD.,"BSE, NSE",ANUHPHR,ANUHPHR,ANUH PHARMA LTD. investor relations
INE489L01022,IIFL CAPITAL SERVICES LIMITED,"BSE, NSE",IIFLCAPS,IIFLCAPS,IIFL CAPITAL SERVICES LIMITED investor relations
INE490A01015,CHOWGULE STEAMSHIPS LTD.,BSE,CHOWGULSTM,,CHOWGULE STEAMSHIPS LTD. investor relations
INE490G01020,MOIL LTD.,"BSE, NSE",MOIL,MOIL,MOIL LTD. investor relations
INE490Z01012,Anuroop Packaging Limited,BSE,ANUROOP,,Anuroop Packaging Limited investor relations
INE491A01021,CITY UNION BANK LTD.,"BSE, NSE",CUB,CUB,CITY UNION BANK LTD. investor relations
INE491C01027,Mudunuru Limited,BSE,MUDUNURU,,Mudunuru Limited investor relations
INE491J01022,ASK Automotive Limited,"BSE, NSE",ASKAUTOLTD,ASKAUTOLTD,ASK Automotive Limited investor relations
INE491V01019,Crown Lifters Limited,NSE,,CROWN,Crown Lifters Limited investor relations
INE492A01029,Sudarshan Colorants India Limi,"BSE, NSE",SUDARCOLOR,SUDARCOLOR,Sudarshan Colorants India Limi investor relations
INE492N01022,AMALGAMATED ELECTRICITY CO.LTD,BSE,AMALGAM,,AMALGAMATED ELECTRICITY CO.LTD investor relations
INE492Z01018,GOBLIN INDIA LIMITED,BSE,GOBLIN,,GOBLIN INDIA LIMITED investor relations
INE493B01017,G.G.AUTOMOTIVE GEARS LTD.,BSE,GGAUTO,,G.G.AUTOMOTIVE GEARS LTD. investor relations
INE493D01013,CHOKSI LABORATORIES LTD.,BSE,CHOKSILA,,CHOKSI LABORATORIES LTD. investor relations
INE493H01014,MPDL LIMITED,BSE,MPDL,,MPDL LIMITED investor relations
INE493N01012,HARIA APPARELS LTD,BSE,HARIAAPL,,HARIA APPARELS LTD investor relations
INE494B01023,TVS MOTOR COMPANY LTD.,"BSE, NSE",TVSMOTOR,TVSMOTOR,TVS MOTOR COMPANY LTD. investor relations
INE494D01011,CITIPORT FINANCIAL SERVICES LT,BSE,CITIPOR,,CITIPORT FINANCIAL SERVICES LT investor relations
INE495A01022,DALMIA BHARAT SUGAR AND INDUST,"BSE, NSE",DALMIASUG,DALMIASUG,DALMIA BHARAT SUGAR AND INDUST investor relations
INE495B01038,SUVEN LIFE SCIENCES LTD.,"BSE, NSE",SUVEN,SUVEN,SUVEN LIFE SCIENCES LTD. investor relations
INE495C01010,SANGAM (INDIA) LTD.,"BSE, NSE",SANGAMIND,SANGAMIND,SANGAM (INDIA) LTD. investor relations
INE495P01020,Mrs. Bectors Food Specialities,"BSE, NSE",BECTORFOOD,BECTORFOOD,Mrs. Bectors Food Specialities investor relations
INE495S01016,HPL Electric & Power Limited,"BSE, NSE",HPL,HPL,HPL Electric & Power Limited investor relations
INE495Z01011,Benara Bearings and Pistons Li,BSE,BENARA,,Benara Bearings and Pistons Li investor relations
INE497B01018,SEAMEC LTD.,"BSE, NSE",SEAMECLTD,SEAMECLTD,SEAMEC LTD. investor relations
INE497C01016,NATIONAL PLYWOOD INDUSTRIES LT,BSE,NATPLY,,NATIONAL PLYWOOD INDUSTRIES LT investor relations
INE497D01022,DAMODAR INDUSTRIES LTD.,"BSE, NSE",DAMODARIND,DAMODARIND,DAMODAR INDUSTRIES LTD. investor relations
INE497S01012,Godavari Biorefineries Limited,"BSE, NSE",GODAVARIB,GODAVARIB,Godavari Biorefineries Limited investor relations
INE498A01018,DCM LTD.,"BSE, NSE",DCM,DCM,DCM LTD. investor relations
INE498B01024,SHOPPERS STOP LTD.,"BSE, NSE",SHOPERSTOP,SHOPERSTOP,SHOPPERS STOP LTD. investor relations
INE498E01010,Salona Cotspin Limited,NSE,,SALONA,Salona Cotspin Limited investor relations
INE498G01015,KATARE SPINNING MILLS LTD.,BSE,KATRSPG,,KATARE SPINNING MILLS LTD. investor relations
INE498L01015,L&T Finance Limited,"BSE, NSE",LTF,LTF,L&T Finance Limited investor relations
INE498Q01014,VINTAGE COFFEE AND BEVERAGES L,"BSE, NSE",VINCOFE,VINCOFE,VINTAGE COFFEE AND BEVERAGES L investor relations
INE499A01024,DCM SHRIRAM LIMITED,"BSE, NSE",DCMSHRIRAM,DCMSHRIRAM,DCM SHRIRAM LIMITED investor relations
INE499G01013,GUJARAT TERCE LABORATORIES LTD,BSE,GUJTERC,,GUJARAT TERCE LABORATORIES LTD investor relations
INE499Q01012,SOFCOM SYSTEMS LIMITED,BSE,SOFCOM,,SOFCOM SYSTEMS LIMITED investor relations
INE500A01029,DCW LTD.,"BSE, NSE",DCW,DCW,DCW LTD. investor relations
INE500C01017,Aspira Pathlab & Diagnostics L,BSE,ASPIRA,,Aspira Pathlab & Diagnostics L investor relations
INE500D01015,EASTERN TREADS LTD.,BSE,EASTRED,,EASTERN TREADS LTD. investor relations
INE500L01026,S H Kelkar and Company Limited,"BSE, NSE",SHK,SHK,S H Kelkar and Company Limited investor relations
INE500X01013,Lexus Granito (India) Limited,NSE,,LEXUS,Lexus Granito (India) Limited investor relations
INE501A01019,DEEPAK FERTILISERS & PETROCHEM,"BSE, NSE",DEEPAKFERT,DEEPAKFERT,DEEPAK FERTILISERS & PETROCHEM investor relations
INE501D01013,FORTUNE INTERNATIONAL LTD.,BSE,FORINTL,,FORTUNE INTERNATIONAL LTD. investor relations
INE501F01018,PBM POLYTEX LTD.,BSE,PBMPOLY,,PBM POLYTEX LTD. investor relations
INE501G01024,HT MEDIA LTD.,"BSE, NSE",HTMEDIA,HTMEDIA,HT MEDIA LTD. investor relations
INE501L01024,Maitri Enterprises Limited,BSE,MAITRI,,Maitri Enterprises Limited investor relations
INE501N01020,La Tim Metal & Industries Limi,BSE,LATIMMETAL,,La Tim Metal & Industries Limi investor relations
INE501Y01019,SHEETAL COOL PRODUCTS LIMITED,"BSE, NSE",SCPL,SCPL,SHEETAL COOL PRODUCTS LIMITED investor relations
INE502C01039,STANDARD BATTERIES LTD.,BSE,STDBAT,,STANDARD BATTERIES LTD. investor relations
INE502D01011,TRANS INDIA HOUSE IMPEX LIMITE,BSE,TIHIL,,TRANS INDIA HOUSE IMPEX LIMITE investor relations
INE503A01015,DCB BANK LIMITED,"BSE, NSE",DCBBANK,DCBBANK,DCB BANK LIMITED investor relations
INE503B01021,STEEL EXCHANGE INDIA LTD.,"BSE, NSE",STEELXIND,STEELXIND,STEEL EXCHANGE INDIA LTD. investor relations
INE503D01027,GEMSTONE INVESTMENTS LTD.,BSE,GEMSI,,GEMSTONE INVESTMENTS LTD. investor relations
INE505A01010,DMCC SPECIALITY CHEMICALS LIMI,"BSE, NSE",DMCC,DMCC,DMCC SPECIALITY CHEMICALS LIMI investor relations
INE505C01016,PRAJAY ENGINEERS SYNDICATE LTD,"BSE, NSE",PRAENG,PRAENG,PRAJAY ENGINEERS SYNDICATE LTD investor relations
INE505V01016,Euro Panel Products Limited,"BSE, NSE",EUROBOND,EUROBOND,Euro Panel Products Limited investor relations
INE505Y01010,Vineet Laboratories Limited,"BSE, NSE",VINEETLAB,VINEETLAB,Vineet Laboratories Limited investor relations
INE506A01018,DREDGING CORPORATION OF INDIA,"BSE, NSE",DREDGECORP,DREDGECORP,DREDGING CORPORATION OF INDIA investor relations
INE506D01020,HALDYN GLASS LTD,BSE,HALDYNGL,,HALDYN GLASS LTD investor relations
INE506V01022,RUBICON RESEARCH LIMITED,"BSE, NSE",RUBICON,RUBICON,RUBICON RESEARCH LIMITED investor relations
INE506W01012,Krishana Phoschem Limited,NSE,,KRISHANA,Krishana Phoschem Limited investor relations
INE506Z01015,Dhruv Consultancy Services Lim,"BSE, NSE",DHRUV,DHRUV,Dhruv Consultancy Services Lim investor relations
INE507D01010,INCON ENGINEERS LTD.,BSE,INCON,,INCON ENGINEERS LTD. investor relations
INE507F01023,EMPOWER INDIA LTD.,BSE,EMPOWER,,EMPOWER INDIA LTD. investor relations
INE508G01029,TIME TECHNOPLAST LTD.,"BSE, NSE",TIMETECHNO,TIMETECHNO,TIME TECHNOPLAST LTD. investor relations
INE508J01015,BERYL SECURITIES LTD.,BSE,BERYLSE,,BERYL SECURITIES LTD. investor relations
INE508K01013,ROBUST HOTELS LIMITED,"BSE, NSE",RHL,RHL,ROBUST HOTELS LIMITED investor relations
INE508N01025,JACKSON INVESTMENTS LTD,BSE,JACKSON,,JACKSON INVESTMENTS LTD investor relations
INE509C01026,GENNEX LABORATORIES LTD.,BSE,GENNEX,,GENNEX LABORATORIES LTD. investor relations
INE509F01029,CUPID LTD.,"BSE, NSE",CUPID,CUPID,CUPID LTD. investor relations
INE510A01028,ENGINEERS INDIA LTD.,"BSE, NSE",ENGINERSIN,ENGINERSIN,ENGINEERS INDIA LTD. investor relations
INE510B01018,AGARWAL FORTUNE INDIA LIMITED,BSE,AGARWAL,,AGARWAL FORTUNE INDIA LIMITED investor relations
INE510H01015,ROYAL INDIA CORPORATION LIMITE,BSE,ROYALIND,,ROYAL INDIA CORPORATION LIMITE investor relations
INE510U01018,Pune E - Stock Broking Limited,BSE,PESB,,Pune E - Stock Broking Limited investor relations
INE510W01014,INOX GREEN ENERGY SERVICES LIM,"BSE, NSE",INOXGREEN,INOXGREEN,INOX GREEN ENERGY SERVICES LIM investor relations
INE511C01022,POONAWALLA FINCORP LIMITED,"BSE, NSE",POONAWALLA,POONAWALLA,POONAWALLA FINCORP LIMITED investor relations
INE511D01012,JYOTI LTD.,BSE,JYOTI,,JYOTI LTD. investor relations
INE511Y01018,MMP Industries Limited,NSE,,MMP,MMP Industries Limited investor relations
INE512A01016,FGP LTD.,BSE,FGP,,FGP LTD. investor relations
INE512B01022,FCS SOFTWARE SOLUTIONS LTD.,"BSE, NSE",FCSSOFT,FCSSOFT,FCS SOFTWARE SOLUTIONS LTD. investor relations
INE512D01028,GOURMET GATEWAY INDIA LIMITED,BSE,GOURMET,,GOURMET GATEWAY INDIA LIMITED investor relations
INE513A01022,Schaeffler India Limited,"BSE, NSE",SCHAEFFLER,SCHAEFFLER,Schaeffler India Limited investor relations
INE513E01024,RODIUM REALTY LIMITED,BSE,RODIUM,,RODIUM REALTY LIMITED investor relations
INE513R01026,Captain Pipes Limited,BSE,CAPPIPES,,Captain Pipes Limited investor relations
INE514Y01020,Moksh Ornaments Limited,NSE,,MOKSH,Moksh Ornaments Limited investor relations
INE515A01019,JOHN COCKERILL INDIA LIMITED,BSE,COCKERILL,,JOHN COCKERILL INDIA LIMITED investor relations
INE515B01025,VISION CINEMAS LTD.,BSE,VISIONCINE,,VISION CINEMAS LTD. investor relations
INE515C01023,LAHOTI OVERSEAS LTD.,BSE,LAHOTIOV,,LAHOTI OVERSEAS LTD. investor relations
INE515H01014,EMPIRE INDUSTRIES LTD.,BSE,EMPIND,,EMPIRE INDUSTRIES LTD. investor relations
INE516A01017,UFLEX LTD.,"BSE, NSE",UFLEX,UFLEX,UFLEX LTD. investor relations
INE516E01019,PANABYTE TECHNOLOGIES LIMITED,BSE,PANABYTE,,PANABYTE TECHNOLOGIES LIMITED investor relations
INE516F01016,ABHINAV CAPITAL SERVICES LTD.,BSE,ABHICAP,,ABHINAV CAPITAL SERVICES LTD. investor relations
INE516P01015,RAMCHANDRA LEASING & FINANCE L,BSE,RLFL,,RAMCHANDRA LEASING & FINANCE L investor relations
INE517B01013,TATA TELESERVICES (MAHARASHTRA,"BSE, NSE",TTML,TTML,TATA TELESERVICES (MAHARASHTRA investor relations
INE517D01019,KONARK SYNTHETIC LTD.,BSE,KONARKSY,,KONARK SYNTHETIC LTD. investor relations
INE517F01014,GUJARAT PIPAVAV PORT LTD.,"BSE, NSE",GPPL,GPPL,GUJARAT PIPAVAV PORT LTD. investor relations
INE518A01013,FORBES & COMPANY LTD.,BSE,FORBESCO,,FORBES & COMPANY LTD. investor relations
INE518E01015,ZIM Laboratories Limited,"BSE, NSE",ZIMLAB,ZIMLAB,ZIM Laboratories Limited investor relations
INE519A01011,FOSECO INDIA LTD.,"BSE, NSE",FOSECOIND,FOSECOIND,FOSECO INDIA LTD. investor relations
INE519C01017,SUMMIT SECURITIES LTD.,"BSE, NSE",SUMMITSEC,SUMMITSEC,SUMMIT SECURITIES LTD. investor relations
INE519D01015,LADDERUP FINANCE LTD.,BSE,LADDERUP,,LADDERUP FINANCE LTD. investor relations
INE519N01014,MIDWEST GOLD LTD.,BSE,MIDWEST,,MIDWEST GOLD LTD. investor relations
INE520A01027,ZENSAR TECHNOLOGIES LTD.,"BSE, NSE",ZENSARTECH,ZENSARTECH,ZENSAR TECHNOLOGIES LTD. investor relations
INE520G01024,AXIS SOLUTIONS LIMITED,BSE,AXISOL,,AXIS SOLUTIONS LIMITED investor relations
INE520H01022,Beardsell Limited,NSE,,BEARDSELL,Beardsell Limited investor relations
INE520Y01019,Ice Make Refrigeration Limited,NSE,,ICEMAKE,Ice Make Refrigeration Limited investor relations
INE521J01018,CP CAPITAL LIMITED,"BSE, NSE",CPCAP,CPCAP,CP CAPITAL LIMITED investor relations
INE521L01030,BANAS FINANCE LTD.,BSE,BANASFN,,BANAS FINANCE LTD. investor relations
INE522D01027,Manappuram Finance Ltd,"BSE, NSE",MANAPPURAM,MANAPPURAM,Manappuram Finance Ltd investor relations
INE522F01014,COAL INDIA LTD.,"BSE, NSE",COALINDIA,COALINDIA,COAL INDIA LTD. investor relations
INE523B01011,AKSH OPTIFIBRE LTD.,"BSE, NSE",AKSHOPTFBR,AKSHOPTFBR,AKSH OPTIFIBRE LTD. investor relations
INE523I01016,Prakash Woollen & Synthetic Mi,BSE,PWASML,,Prakash Woollen & Synthetic Mi investor relations
INE523K01012,RAUNAQ INTERNATIONAL LIMITED,BSE,RAUNAQ,,RAUNAQ INTERNATIONAL LIMITED investor relations
INE524A01029,GABRIEL INDIA LTD.,"BSE, NSE",GABRIEL,GABRIEL,GABRIEL INDIA LTD. investor relations
INE524B01027,GANDHI SPECIAL TUBES LTD.,"BSE, NSE",GANDHITUBE,GANDHITUBE,GANDHI SPECIAL TUBES LTD. investor relations
INE524L01026,KRIDHAN INFRA LIMITED,"BSE, NSE",KRIDHANINF,KRIDHANINF,KRIDHAN INFRA LIMITED investor relations
INE524N01014,JUPITER INFOMEDIA LTD.,BSE,JUPITERIN,,JUPITER INFOMEDIA LTD. investor relations
INE524T01011,TAAL TECH LIMITED,BSE,TAALTECH,,TAAL TECH LIMITED investor relations
INE525B01016,HATHWAY BHAWANI CABLETEL & DAT,BSE,HATHWAYB,,HATHWAY BHAWANI CABLETEL & DAT investor relations
INE525F01025,BALMER LAWRIE INVESTMENTS LTD.,BSE,BLIL,,BALMER LAWRIE INVESTMENTS LTD. investor relations
INE526B01014,CALIFORNIA SOFTWARE CO.LTD.,"BSE, NSE",CALSOFT,CALSOFT,CALIFORNIA SOFTWARE CO.LTD. investor relations
INE526E01018,SHRIRAM PISTONS & RINGS LTD,"BSE, NSE",SHRIPISTON,SHRIPISTON,SHRIRAM PISTONS & RINGS LTD investor relations
INE526G01021,VIVIMED LABS LTD.,"BSE, NSE",VIVIMEDLAB,VIVIMEDLAB,VIVIMED LABS LTD. investor relations
INE526H01011,VINYOFLEX LTD.,BSE,VINYOFL,,VINYOFLEX LTD. investor relations
INE526R01028,STAR HOUSING FINANCE LIMITED,BSE,STARHFL,,STAR HOUSING FINANCE LIMITED investor relations
INE527B01020,QUADRANT TELEVENTURES LIMITED,BSE,QUADRANT,,QUADRANT TELEVENTURES LIMITED investor relations
INE527H01019,UFO Moviez India Limited,"BSE, NSE",UFO,UFO,UFO Moviez India Limited investor relations
INE528A01020,GKW Limited,NSE,,GKWLIMITED,GKW Limited investor relations
INE528C01018,UVS HOSPITALITY AND SERVICES L,BSE,UVS,,UVS HOSPITALITY AND SERVICES L investor relations
INE528E01022,SIKOZY REALTORS LIMITED,BSE,SIKOZY,,SIKOZY REALTORS LIMITED investor relations
INE528G01035,YES BANK LTD.,"BSE, NSE",YESBANK,YESBANK,YES BANK LTD. investor relations
INE529A01010,FEDERAL-MOGUL GOETZE (INDIA) L,"BSE, NSE",FMGOETZE,FMGOETZE,FEDERAL-MOGUL GOETZE (INDIA) L investor relations
INE529D01014,PATEL INTEGRATED LOGISTICS LTD,"BSE, NSE",PATINTLOG,PATINTLOG,PATEL INTEGRATED LOGISTICS LTD investor relations
INE529F01035,SIGNET INDUSTRIES LIMITED,"BSE, NSE",SIGIND,SIGIND,SIGNET INDUSTRIES LIMITED investor relations
INE529I01021,KUANTUM PAPERS LTD.,"BSE, NSE",KUANTUM,KUANTUM,KUANTUM PAPERS LTD. investor relations
INE530B01024,IIFL FINANCE LIMITED,"BSE, NSE",IIFL,IIFL,IIFL FINANCE LIMITED investor relations
INE530D01012,PRATIKSHA CHEMICALS LTD.,BSE,PRATIKSH,,PRATIKSHA CHEMICALS LTD. investor relations
INE531A01024,KANSAI NEROLAC PAINTS LTD.,"BSE, NSE",KANSAINER,KANSAINER,KANSAI NEROLAC PAINTS LTD. investor relations
INE531D01010,LEAD FINANCIAL SERVICES LTD.,BSE,LEADFIN,,LEAD FINANCIAL SERVICES LTD. investor relations
INE531E01026,HINDUSTAN COPPER LTD.,"BSE, NSE",HINDCOPPER,HINDCOPPER,HINDUSTAN COPPER LTD. investor relations
INE531F01023,Nuvama Wealth Management Limit,"BSE, NSE",NUVAMA,NUVAMA,Nuvama Wealth Management Limit investor relations
INE531X01018,SAI CAPITAL LTD.,BSE,SAICAPI,,SAI CAPITAL LTD. investor relations
INE532B01020,ISTREET NETWORK LIMITED,BSE,ISTRNETWK,,ISTREET NETWORK LIMITED investor relations
INE532F01054,EDELWEISS FINANCIAL SERVICES L,"BSE, NSE",EDELWEISS,EDELWEISS,EDELWEISS FINANCIAL SERVICES L investor relations
INE533A01012,GOODYEAR INDIA LTD.,BSE,GOODYEAR,,GOODYEAR INDIA LTD. investor relations
INE533B01028,Supra Trends Limited,BSE,SUPRATRE,,Supra Trends Limited investor relations
INE533C01018,KJMC FINANCIAL SERVICES LTD.,BSE,KJMCFIN,,KJMC FINANCIAL SERVICES LTD. investor relations
INE533D01032,RAJ RAYON INDUSTRIES LIMITED,"BSE, NSE",RAJRILTD,RAJRILTD,RAJ RAYON INDUSTRIES LIMITED investor relations
INE534D01014,RITESH INTERNATIONAL LTD.,BSE,RITESHIN,,RITESH INTERNATIONAL LTD. investor relations
INE534E01020,KANORIA ENERGY & INFRASTRUCTUR,BSE,KEIL,,KANORIA ENERGY & INFRASTRUCTUR investor relations
INE535C01013,KAMADGIRI FASHION LTD.,BSE,KAMADGIRI,,KAMADGIRI FASHION LTD. investor relations
INE535D01037,ROTO PUMPS LTD.,"BSE, NSE",ROTO,ROTO,ROTO PUMPS LTD. investor relations
INE535F01024,RAJOO ENGINEERS LTD.,"BSE, NSE",RAJOOENG,RAJOOENG,RAJOO ENGINEERS LTD. investor relations
INE536A01023,GRINDWELL NORTON LTD.,"BSE, NSE",GRINDWELL,GRINDWELL,GRINDWELL NORTON LTD. investor relations
INE536H01010,CIE Automotive India Limited,"BSE, NSE",CIEINDIA,CIEINDIA,CIE Automotive India Limited investor relations
INE536P01021,CAPTAIN POLYPLAST LTD,BSE,CPL,,CAPTAIN POLYPLAST LTD investor relations
INE537A01013,GTN INDUSTRIES LTD.,BSE,GTNINDS,,GTN INDUSTRIES LTD. investor relations
INE537F01012,MODI NATURALS LIMITED,"BSE, NSE",MODINATUR,MODINATUR,MODI NATURALS LIMITED investor relations
INE537L01010,KRISHNA VENTURES LIMITED,BSE,KRISHNA,,KRISHNA VENTURES LIMITED investor relations
INE537U01037,Sprayking Limited,BSE,SPRAYKING,,Sprayking Limited investor relations
INE538A01037,GFL LIMITED,"BSE, NSE",GFLLIMITED,GFLLIMITED,GFL LIMITED investor relations
INE538C01017,SAMTEL INDIA LTD.,BSE,SAMTELIN,,SAMTEL INDIA LTD. investor relations
INE538D01015,SHREE KARTHIK PAPERS LTD.,BSE,SHKARTP,,SHREE KARTHIK PAPERS LTD. investor relations
INE538G01018,GOTHI PLASCON (INDIA) LTD.,BSE,GOTHIPL,,GOTHI PLASCON (INDIA) LTD. investor relations
INE539A01019,GHCL LTD.,"BSE, NSE",GHCL,GHCL,GHCL LTD. investor relations
INE539B01017,Virinchi Limited,"BSE, NSE",VIRINCHI,VIRINCHI,Virinchi Limited investor relations
INE540A01017,GUJARAT LEASE FINANCING LTD.,"BSE, NSE",GLFL,GLFL,GUJARAT LEASE FINANCING LTD. investor relations
INE540C01021,NARBADA GEMS AND JEWELLERY LTD,BSE,NARBADA,,NARBADA GEMS AND JEWELLERY LTD investor relations
INE540G01014,AMBIKA COTTON MILLS LTD.,"BSE, NSE",AMBIKCO,AMBIKCO,AMBIKA COTTON MILLS LTD. investor relations
INE540H01012,VOLTAMP TRANSFORMERS LTD.,"BSE, NSE",VOLTAMP,VOLTAMP,VOLTAMP TRANSFORMERS LTD. investor relations
INE540L01014,Alkem Laboratories Limited,"BSE, NSE",ALKEM,ALKEM,Alkem Laboratories Limited investor relations
INE540S01019,Mishka Exim Limited,BSE,MISHKA,,Mishka Exim Limited investor relations
INE541A01023,GMM PFAUDLER LTD.,"BSE, NSE",GMMPFAUDLR,GMMPFAUDLR,GMM PFAUDLER LTD. investor relations
INE541C01037,T.SPIRITUAL WORLD LTD.,BSE,TSPIRITUAL,,T.SPIRITUAL WORLD LTD. investor relations
INE541F01022,Gujarat Poly Electronics Limit,BSE,GUJARATPOLY,,Gujarat Poly Electronics Limit investor relations
INE541K01014,STAR DELTA TRANSFORMERS LIMITE,BSE,STARDELTA,,STAR DELTA TRANSFORMERS LIMITE investor relations
INE542B01011,AKSHARCHEM (INDIA) LTD.,"BSE, NSE",AKSHARCHEM,AKSHARCHEM,AKSHARCHEM (INDIA) LTD. investor relations
INE542C01019,N.K.INDUSTRIES LTD.,"BSE, NSE",NKIND,NKIND,N.K.INDUSTRIES LTD. investor relations
INE542W01025,KPI Green Energy Limited,"BSE, NSE",KPIGREEN,KPIGREEN,KPI Green Energy Limited investor relations
INE542Z01028,Kapston Services Limited,NSE,,KAPSTON,Kapston Services Limited investor relations
INE543F01028,PRIME INDUSTRIES LTD.,BSE,PRIMIND,,PRIME INDUSTRIES LTD. investor relations
INE543V01017,Ace Integrated Solutions Limited,NSE,,ACEINTEG,Ace Integrated Solutions Limited investor relations
INE544A01019,HARRISONS MALAYALAM LTD.,"BSE, NSE",HARRMALAYA,HARRMALAYA,HARRISONS MALAYALAM LTD. investor relations
INE544C01023,PICCADILY SUGAR & ALLIED INDUS,BSE,PICCASUG,,PICCADILY SUGAR & ALLIED INDUS investor relations
INE544H01014,JHS SVENDGAARD LABORATORIES LT,"BSE, NSE",JHS,JHS,JHS SVENDGAARD LABORATORIES LT investor relations
INE544R01021,Greenlam Industries Ltd,"BSE, NSE",GREENLAM,GREENLAM,Greenlam Industries Ltd investor relations
INE544W01021,Maximus International Limited,BSE,MAXIMUS,,Maximus International Limited investor relations
INE545A01024,HEG LTD.,"BSE, NSE",HEG,HEG,HEG LTD. investor relations
INE545B01022,CONTINENTAL CONTROLS LTD.,BSE,CONTICON,,CONTINENTAL CONTROLS LTD. investor relations
INE545E01018,GDL LEASING & FINANCE LTD.,BSE,GDLLEAS,,GDL LEASING & FINANCE LTD. investor relations
INE545H01011,TECHNOCRAFT INDUSTRIES (INDIA),"BSE, NSE",TIIL,TIIL,TECHNOCRAFT INDUSTRIES (INDIA) investor relations
INE545L01039,MANGAL CREDIT AND FINCORP LTD.,"BSE, NSE",MANCREDIT,MANCREDIT,MANGAL CREDIT AND FINCORP LTD. investor relations
INE545N01019,SHANTANU SHEOREY AQUAKULT LTD.,BSE,SHAQUAK,,SHANTANU SHEOREY AQUAKULT LTD. investor relations
INE545U01014,Bandhan Bank Limited,"BSE, NSE",BANDHANBNK,BANDHANBNK,Bandhan Bank Limited investor relations
INE546C01010,PICCADILY AGRO INDUSTRIES LTD.,"BSE, NSE",PICCADIL,PICCADIL,PICCADILY AGRO INDUSTRIES LTD. investor relations
INE546D01018,TOKYO FINANCE LTD.,BSE,TOKYOFIN,,TOKYO FINANCE LTD. investor relations
INE546F01013,Zenlabs Ethica Limited,BSE,ZENLABS,,Zenlabs Ethica Limited investor relations
INE546I01025,LADDU GOPAL ONLINE SERVICES LI,BSE,LADDU,,LADDU GOPAL ONLINE SERVICES LI investor relations
INE546V01010,Euro India Fresh Foods Limited,NSE,,EIFFL,Euro India Fresh Foods Limited investor relations
INE546Y01022,Praxis Home Retail Limited,"BSE, NSE",PRAXIS,PRAXIS,Praxis Home Retail Limited investor relations
INE547B01028,XTGLOBAL INFOTECH LIMITED,"BSE, NSE",XTGLOBAL,XTGLOBAL,XTGLOBAL INFOTECH LIMITED investor relations
INE547C01018,SPECTRUM FOODS LTD.,BSE,SPECFOOD,,SPECTRUM FOODS LTD. investor relations
INE547E01014,INDIA MOTOR PARTS & ACCESSORIE,"BSE, NSE",IMPAL,IMPAL,INDIA MOTOR PARTS & ACCESSORIE investor relations
INE548A01028,HFCL LIMITED,"BSE, NSE",HFCL,HFCL,HFCL LIMITED investor relations
INE548B01018,GINI SILK MILLS LTD.,BSE,GINISILK,,GINI SILK MILLS LTD. investor relations
INE548C01032,EMAMI LTD.,"BSE, NSE",EMAMILTD,EMAMILTD,EMAMI LTD. investor relations
INE548D01014,VELAN HOTELS LTD.,BSE,VELHO,,VELAN HOTELS LTD. investor relations
INE548H01015,RAAJ MEDISAFE INDIA LTD.,BSE,RAAJMEDI,,RAAJ MEDISAFE INDIA LTD. investor relations
INE548Z01017,Lagnam Spintex Limited,NSE,,LAGNAM,Lagnam Spintex Limited investor relations
INE549A01026,HINDUSTAN CONSTRUCTION CO.LTD.,"BSE, NSE",HCC,HCC,HINDUSTAN CONSTRUCTION CO.LTD. investor relations
INE549B01016,HB LEASING & FINANCE CO.LTD.,BSE,HBLEAS,,HB LEASING & FINANCE CO.LTD. investor relations
INE549D01012,WSFX Global Pay Limited,BSE,WSFX,,WSFX Global Pay Limited investor relations
INE549H01021,ANAND RATHI SHARE AND STOCK BR,"BSE, NSE",ARSSBL,ARSSBL,ANAND RATHI SHARE AND STOCK BR investor relations
INE549S01036,SUPHA PHARMACHEM LIMITED,BSE,SUPHA,,SUPHA PHARMACHEM LIMITED investor relations
INE550B01022,HB STOCKHOLDINGS LTD.,"BSE, NSE",HBSL,HBSL,HB STOCKHOLDINGS LTD. investor relations
INE550C01020,URJA GLOBAL LTD.,"BSE, NSE",URJA,URJA,URJA GLOBAL LTD. investor relations
INE550D01010,WORLDWIDE ALUMINIUM LIMITED,BSE,WWALUM,,WORLDWIDE ALUMINIUM LIMITED investor relations
INE550F01049,HAZOOR MULTI PROJECTS LTD.,BSE,HAZOOR,,HAZOOR MULTI PROJECTS LTD. investor relations
INE550H01011,SUPREME INFRASTRUCTURE INDIA L,"BSE, NSE",SUPREMEINF,SUPREMEINF,SUPREME INFRASTRUCTURE INDIA L investor relations
INE550L01013,OLYMPIC CARDS LTD.,BSE,OLPCL,,OLYMPIC CARDS LTD. investor relations
INE551B01012,Uday Jewellery Industries Limi,BSE,UDAYJEW,,Uday Jewellery Industries Limi investor relations
INE551C01044,Shukra Pharmaceuticals Limited,BSE,SHUKRAPHAR,,Shukra Pharmaceuticals Limited investor relations
INE551D01018,PAKKA LIMITED,"BSE, NSE",PAKKA,PAKKA,PAKKA LIMITED investor relations
INE551W01018,Ujjivan Small Finance Bank Lim,"BSE, NSE",UJJIVANSFB,UJJIVANSFB,Ujjivan Small Finance Bank Lim investor relations
INE552B01010,HIMALAYA FOOD INTERNATIONAL LI,BSE,HFIL,,HIMALAYA FOOD INTERNATIONAL LI investor relations
INE552D01024,CONFIDENCE PETROLEUM INDIA LTD,"BSE, NSE",CONFIPET,CONFIPET,CONFIDENCE PETROLEUM INDIA LTD investor relations
INE552N01023,RKD AGRI AND RETAIL LIMITED,BSE,RKDAGRRTL,,RKD AGRI AND RETAIL LIMITED investor relations
INE552U01010,Kwality Pharmaceuticals Limite,BSE,KPL,,Kwality Pharmaceuticals Limite investor relations
INE552Z01027,Allied Blenders and Distillers,"BSE, NSE",ABDL,ABDL,Allied Blenders and Distillers investor relations
INE553C01016,NORTH EASTERN CARRYING CORPORA,"BSE, NSE",NECCLTD,NECCLTD,NORTH EASTERN CARRYING CORPORA investor relations
INE553F01035,BEST EASTERN HOTELS LTD.,BSE,BESTEAST,,BEST EASTERN HOTELS LTD. investor relations
INE554H01021,EMROCK CORPORATION LIMITED,BSE,EMROCK,,EMROCK CORPORATION LIMITED investor relations
INE554R01020,Karnavati Finance Limited,BSE,KARNAVATI,,Karnavati Finance Limited investor relations
INE555B01013,AXISCADES TECHNOLOGIES LIMITED,"BSE, NSE",AXISCADES,AXISCADES,AXISCADES TECHNOLOGIES LIMITED investor relations
INE555C01029,SHIVA CEMENT LTD.,BSE,SHIVACEM,,SHIVA CEMENT LTD. investor relations
INE555P01013,KIRAN VYAPAR LTD,BSE,KIRANVYPAR,,KIRAN VYAPAR LTD investor relations
INE555Z01020,Tara Chand InfraLogistic Solutions Limited,NSE,,TARACHAND,Tara Chand InfraLogistic Solutions Limited investor relations
INE556D01017,AD-MANUM FINANCE LTD.,BSE,ADMANUM,,AD-MANUM FINANCE LTD. investor relations
INE556Z01010,U. H. ZAVERI LIMITED,BSE,UHZAVERI,,U. H. ZAVERI LIMITED investor relations
INE557A01011,BIRLANU LIMITED,"BSE, NSE",BIRLANU,BIRLANU,BIRLANU LIMITED investor relations
INE557B01019,LIBERTY SHOES LTD.,"BSE, NSE",LIBERTSHOE,LIBERTSHOE,LIBERTY SHOES LTD. investor relations
INE557C01017,INDIAN SUCROSE LTD.,BSE,INDSUCR,,INDIAN SUCROSE LTD. investor relations
INE557D01015,C.J.GELATINE PRODUCTS LTD.,BSE,CJGEL,,C.J.GELATINE PRODUCTS LTD. investor relations
INE557Z01018,Power & Instrumentation (Gujar,"BSE, NSE",PIGL,PIGL,Power & Instrumentation (Gujar investor relations
INE558A01019,IP RINGS LTD.,BSE,IPRINGLTD,,IP RINGS LTD. investor relations
INE558D01021,CORAL INDIA FINANCE & HOUSING,"BSE, NSE",CORALFINAC,CORALFINAC,CORAL INDIA FINANCE & HOUSING investor relations
INE558F01026,CHARTERED LOGISTICS LTD.,BSE,CHLOGIST,,CHARTERED LOGISTICS LTD. investor relations
INE558R01013,HEC Infra Projects Limited,NSE,,HECPROJECT,HEC Infra Projects Limited investor relations
INE559A01017,IFB INDUSTRIES LTD.,"BSE, NSE",IFBIND,IFBIND,IFB INDUSTRIES LTD. investor relations
INE559D01011,CREST,"BSE, NSE",CREST,CREST,CREST investor relations
INE559N01010,SRG HOUSING FINANCE LTD.,"BSE, NSE",SRGHFL,SRGHFL,SRG HOUSING FINANCE LTD. investor relations
INE559R01029,LANDMARK CARS LIMITED,"BSE, NSE",LANDMARK,LANDMARK,LANDMARK CARS LIMITED investor relations
INE560A01023,INDIA GLYCOLS LTD.,"BSE, NSE",INDIAGLYCO,INDIAGLYCO,INDIA GLYCOLS LTD. investor relations
INE560D01027,TUNI TEXTILE MILLS LTD.,BSE,TUNITEX,,TUNI TEXTILE MILLS LTD. investor relations
INE560F01022,JOHNSON PHARMACARE LIMITED,BSE,JOHNPHARMA,,JOHNSON PHARMACARE LIMITED investor relations
INE560K01014,PTC INDIA FINANCIAL SERVICES L,"BSE, NSE",PFS,PFS,PTC INDIA FINANCIAL SERVICES L investor relations
INE560T01015,Vaxfab Enterprises Limited,BSE,VEL,,Vaxfab Enterprises Limited investor relations
INE561C01019,BHARAT GEARS LTD.,"BSE, NSE",BHARATGEAR,BHARATGEAR,BHARAT GEARS LTD. investor relations
INE561D01025,EXPO ENGINEERING AND PROJECTS,BSE,EXPOEAPL,,EXPO ENGINEERING AND PROJECTS investor relations
INE561E01015,SHUKRA BULLIONS LTD.,BSE,SKRABUL,,SHUKRA BULLIONS LTD. investor relations
INE561H01026,PARSVNATH DEVELOPERS LTD.,"BSE, NSE",PARSVNATH,PARSVNATH,PARSVNATH DEVELOPERS LTD. investor relations
INE561M01018,Ishan Dyes and Chemicals Limit,"BSE, NSE",ISHANCH,ISHANCH,Ishan Dyes and Chemicals Limit investor relations
INE562A01011,INDIAN BANK,"BSE, NSE",INDIANB,INDIANB,INDIAN BANK investor relations
INE562B01019,RAJSHREE SUGARS & CHEMICALS LT,"BSE, NSE",RAJSREESUG,RAJSREESUG,RAJSHREE SUGARS & CHEMICALS LT investor relations
INE562E01021,SOFTRAK VENTURE INVESTMENT LTD,BSE,SOFTRAKV,,SOFTRAK VENTURE INVESTMENT LTD investor relations
INE562X01013,Univastu India Limited,NSE,,UNIVASTU,Univastu India Limited investor relations
INE563C01015,Saumya Consultants Ltd.,BSE,SAUMYA,,Saumya Consultants Ltd. investor relations
INE563D01013,AADI INDUSTRIES LTD.,BSE,AADIIND,,AADI INDUSTRIES LTD. investor relations
INE563J01010,ASTEC LIFESCIENCES LIMITED,"BSE, NSE",ASTEC,ASTEC,ASTEC LIFESCIENCES LIMITED investor relations
INE564C01013,YARN SYNDICATE LTD.,BSE,YARNSYN,,YARN SYNDICATE LTD. investor relations
INE564J01026,SHRI JAGDAMBA POLYMERS LTD.,BSE,SHRJAGP,,SHRI JAGDAMBA POLYMERS LTD. investor relations
INE564S01019,VIKRAM KAMATS HOSPITALITY LIMI,BSE,KAMATS,,VIKRAM KAMATS HOSPITALITY LIMI investor relations
INE565A01014,INDIAN OVERSEAS BANK,"BSE, NSE",IOB,IOB,INDIAN OVERSEAS BANK investor relations
INE565E01016,SURYO FOODS & INDUSTRIES LTD.,BSE,SURFI,,SURYO FOODS & INDUSTRIES LTD. investor relations
INE565L01011,ZEE LEARN LTD.,"BSE, NSE",ZEELEARN,ZEELEARN,ZEE LEARN LTD. investor relations
INE565V01010,Valiant Organics Limited,"BSE, NSE",VALIANTORG,VALIANTORG,Valiant Organics Limited investor relations
INE566K01011,INTRASOFT TECHNOLOGIES LTD.,"BSE, NSE",ISFT,ISFT,INTRASOFT TECHNOLOGIES LTD. investor relations
INE566M01017,AZAD INDIA MOBILITY LIMITED,BSE,AZADIND,,AZAD INDIA MOBILITY LIMITED investor relations
INE567A01028,INDO-NATIONAL LTD.,"BSE, NSE",NIPPOBATRY,NIPPOBATRY,INDO-NATIONAL LTD. investor relations
INE568F01017,SNL BEARINGS LTD.,BSE,SNL,,SNL BEARINGS LTD. investor relations
INE568Z01015,Uravi Defence and Technology L,"BSE, NSE",URAVIDEF,URAVIDEF,Uravi Defence and Technology L investor relations
INE569B01022,ISL CONSULTING LTD.,BSE,ISLCONSUL,,ISL CONSULTING LTD. investor relations
INE569C01020,ORIENT CERATECH LIMITED,"BSE, NSE",ORIENTCER,ORIENTCER,ORIENT CERATECH LIMITED investor relations
INE570A01022,ION EXCHANGE (INDIA) LTD.,"BSE, NSE",IONEXCHANG,IONEXCHANG,ION EXCHANGE (INDIA) LTD. investor relations
INE570B01012,ADITYA ISPAT LTD.,BSE,ADITYA,,ADITYA ISPAT LTD. investor relations
INE570D01018,Arrow Greentech Limited,"BSE, NSE",ARROWGREEN,ARROWGREEN,Arrow Greentech Limited investor relations
INE570L01029,Sai Life Sciences Limited,"BSE, NSE",SAILIFE,SAILIFE,Sai Life Sciences Limited investor relations
INE570N01025,Millennium Online Solutions (I,BSE,MILLENNIUM,,Millennium Online Solutions (I investor relations
INE571A01038,IPCA LABORATORIES LTD.,"BSE, NSE",IPCALAB,IPCALAB,IPCA LABORATORIES LTD. investor relations
INE571B01036,JAY BHARAT MARUTI LTD.,"BSE, NSE",JAYBARMARU,JAYBARMARU,JAY BHARAT MARUTI LTD. investor relations
INE571U01010,Yash Chemex Limited,BSE,YASHCHEM,,Yash Chemex Limited investor relations
INE572A01036,J.B.CHEMICALS & PHARMACEUTICAL,"BSE, NSE",JBCHEPHARM,JBCHEPHARM,J.B.CHEMICALS & PHARMACEUTICAL investor relations
INE572D01014,FRONTIER SPRINGS LTD.,BSE,FRONTSP,,FRONTIER SPRINGS LTD. investor relations
INE572E01012,PNB Housing Finance Limited,"BSE, NSE",PNBHOUSING,PNBHOUSING,PNB Housing Finance Limited investor relations
INE572G01025,LANCOR HOLDINGS LTD.,"BSE, NSE",LANCORHOL,LANCORHOL,LANCOR HOLDINGS LTD. investor relations
INE572J01011,Spandana Sphoorty Financial Li,"BSE, NSE",SPANDANA,SPANDANA,Spandana Sphoorty Financial Li investor relations
INE572Z01017,AMIN TANNERY LIMITED,BSE,AMINTAN,,AMIN TANNERY LIMITED investor relations
INE573A01042,JK TYRE & INDUSTRIES LTD.,"BSE, NSE",JKTYRE,JKTYRE,JK TYRE & INDUSTRIES LTD. investor relations
INE573B01016,PRIMA PLASTICS LTD.,BSE,PRIMAPLA,,PRIMA PLASTICS LTD. investor relations
INE573K01025,RUSHIL DECOR LTD.,"BSE, NSE",RUSHIL,RUSHIL,RUSHIL DECOR LTD. investor relations
INE573R01012,SEYA INDUSTRIES LTD.,"BSE, NSE",SEYAIND,SEYAIND,SEYA INDUSTRIES LTD. investor relations
INE574A01016,JAGATJIT INDUSTRIES LTD.,BSE,JAGAJITIND,,JAGATJIT INDUSTRIES LTD. investor relations
INE574D01010,GENOMIC VALLEY BIOTECH LIMITED,BSE,GVBL,,GENOMIC VALLEY BIOTECH LIMITED investor relations
INE574G01013,SHRI VASUPRADA PLANTATIONS LIM,BSE,VASUPRADA,,SHRI VASUPRADA PLANTATIONS LIM investor relations
INE574R01028,Superior Finlease Limited,BSE,SUPERIOR,,Superior Finlease Limited investor relations
INE575C01027,INTERNATIONAL CONVEYORS LTD.,"BSE, NSE",INTLCONV,INTLCONV,INTERNATIONAL CONVEYORS LTD. investor relations
INE575D01041,DANUBE INDUSTRIES LIMITED,BSE,DANUBE,,DANUBE INDUSTRIES LIMITED investor relations
INE575I01016,RATHI BARS LTD.,BSE,RATHIBAR,,RATHI BARS LTD. investor relations
INE575P01011,Star Health and Allied Insuran,"BSE, NSE",STARHEALTH,STARHEALTH,Star Health and Allied Insuran investor relations
INE576B01019,Athena Global Technologies Lim,BSE,ATHENAGLO,,Athena Global Technologies Lim investor relations
INE576D01015,UNJHA FORMULATIONS LTD.,BSE,UNJHAFOR,,UNJHA FORMULATIONS LTD. investor relations
INE576I01022,J.KUMAR INFRAPROJECTS LTD.,"BSE, NSE",JKIL,JKIL,J.KUMAR INFRAPROJECTS LTD. investor relations
INE576N01014,RADIX INDUSTRIES (INDIA) LIMIT,BSE,RADIXIND,,RADIX INDUSTRIES (INDIA) LIMIT investor relations
INE576O01020,Laxmi Organic Industries Limit,"BSE, NSE",LXCHEM,LXCHEM,Laxmi Organic Industries Limit investor relations
INE577A01027,MUNJAL SHOWA LTD.,"BSE, NSE",MUNJALSHOW,MUNJALSHOW,MUNJAL SHOWA LTD. investor relations
INE577D01013,JYOTI RESINS & ADHESIVES LTD.,BSE,JYOTIRES,,JYOTI RESINS & ADHESIVES LTD. investor relations
INE577L01016,STEL HOLDINGS LIMITED,"BSE, NSE",STEL,STEL,STEL HOLDINGS LIMITED investor relations
INE578A01017,HEIDELBERGCEMENT INDIA LTD.,"BSE, NSE",HEIDELBERG,HEIDELBERG,HEIDELBERGCEMENT INDIA LTD. investor relations
INE578B01015,ACCEDERE LIMITED,BSE,ACCEDERE,,ACCEDERE LIMITED investor relations
INE578C01021,TPI INDIA LTD.,BSE,TPINDIA,,TPI INDIA LTD. investor relations
INE578L01014,Adhbhut Infrastructure Ltd.,BSE,ADHBHUTIN,,Adhbhut Infrastructure Ltd. investor relations
INE578R01011,GRAMEVA LIMITED,BSE,GRAMEVA,,GRAMEVA LIMITED investor relations
INE579B01039,ELPRO INTERNATIONAL LTD.,BSE,ELPROINTL,,ELPRO INTERNATIONAL LTD. investor relations
INE579C01029,VIMTA LABS LTD.,"BSE, NSE",VIMTALABS,VIMTALABS,VIMTA LABS LTD. investor relations
INE579D01019,SITA ENTERPRISES LTD.,BSE,SITAENT,,SITA ENTERPRISES LTD. investor relations
INE579N01018,SAMSRITA LABS LIMITED,BSE,SAMSRITA,,SAMSRITA LABS LIMITED investor relations
INE580C01019,Starlog Enterprises Limited,BSE,STARLOG,,Starlog Enterprises Limited investor relations
INE580D01017,GLANCE FINANCE LTD.,BSE,GLANCE,,GLANCE FINANCE LTD. investor relations
INE580H01026,KMF BUILDERS & DEVELOPERS LTD.,BSE,KMFBLDR,,KMF BUILDERS & DEVELOPERS LTD. investor relations
INE581L01018,JSL INDUSTRIES LTD.,BSE,JSLINDL,,JSL INDUSTRIES LTD. investor relations
INE581M01016,VINAYAK POLYCON INTERNATIONAL,BSE,VINAYAKPOL,,VINAYAK POLYCON INTERNATIONAL investor relations
INE581X01021,GLOBE ENTERPRISES (INDIA) LIMITED,NSE,,GLOBE,GLOBE ENTERPRISES (INDIA) LIMITED investor relations
INE582C01015,JAGSONPAL SERVICES LIMITED,BSE,JAGSONSER,,JAGSONPAL SERVICES LIMITED investor relations
INE582D01013,Rishiroop Limited,BSE,RISHIROOP,,Rishiroop Limited investor relations
INE583B01015,SANDESH LTD.,"BSE, NSE",SANDESH,SANDESH,SANDESH LTD. investor relations
INE583C01021,DECCAN CEMENTS LTD.,"BSE, NSE",DECCANCE,DECCANCE,DECCAN CEMENTS LTD. investor relations
INE583D01011,UGRO CAPITAL LIMITED,"BSE, NSE",UGROCAP,UGROCAP,UGRO CAPITAL LIMITED investor relations
INE583L01014,AGS TRANSACT TECHNOLOGIES LIMI,"BSE, NSE",AGSTRA,AGSTRA,AGS TRANSACT TECHNOLOGIES LIMI investor relations
INE583R01029,Pritika Auto Industries Limite,"BSE, NSE",PRITIKAUTO,PRITIKAUTO,Pritika Auto Industries Limite investor relations
INE583V01021,Radhika Jeweltech Limited,"BSE, NSE",RADHIKAJWE,RADHIKAJWE,Radhika Jeweltech Limited investor relations
INE584A01023,NMDC LTD.,"BSE, NSE",NMDC,NMDC,NMDC LTD. investor relations
INE584B01013,SAINIK FINANCE & INDUSTRIES LT,BSE,SAINIK,,SAINIK FINANCE & INDUSTRIES LT investor relations
INE584C01011,J.J.FINANCE CORPORATION LTD.,BSE,JJFINCOR,,J.J.FINANCE CORPORATION LTD. investor relations
INE584D01019,SUNCITY SYNTHETICS LTD.,BSE,SUNCITYSY,,SUNCITY SYNTHETICS LTD. investor relations
INE584F01014,MANGALAM DRUGS & ORGANICS LTD.,"BSE, NSE",MANGALAM,MANGALAM,MANGALAM DRUGS & ORGANICS LTD. investor relations
INE584G01012,SOLID STONE COMPANY LTD.,BSE,SOLIDSTON,,SOLID STONE COMPANY LTD. investor relations
INE585A01020,Naperol Investments Limited,BSE,NAPEROL,,Naperol Investments Limited investor relations
INE585B01010,MARUTI SUZUKI INDIA LTD.,"BSE, NSE",MARUTI,MARUTI,MARUTI SUZUKI INDIA LTD. investor relations
INE586B01026,TAJGVK HOTELS & RESORTS LTD.,"BSE, NSE",TAJGVK,TAJGVK,TAJGVK HOTELS & RESORTS LTD. investor relations
INE586D01014,ADHATA GLOBAL LIMITED,BSE,ADHHATA,,ADHATA GLOBAL LIMITED investor relations
INE586E01020,The Indian Wood Products Co. L,BSE,IWP,,The Indian Wood Products Co. L investor relations
INE586G01017,GP PETROLEUMS LTD,"BSE, NSE",GULFPETRO,GULFPETRO,GP PETROLEUMS LTD investor relations
INE586V01016,TCI Express Limited,"BSE, NSE",TCIEXP,TCIEXP,TCI Express Limited investor relations
INE586X01012,G-TEC JAINX EDUCATION LIMITED,NSE,,GTECJAINX,G-TEC JAINX EDUCATION LIMITED investor relations
INE587G01015,Kaya Limited,"BSE, NSE",KAYA,KAYA,Kaya Limited investor relations
INE587J01027,CROISSANCE LIMITED,BSE,CROISSANCE,,CROISSANCE LIMITED investor relations
INE588G01021,MILKFOOD LTD.,BSE,MLKFOOD,,MILKFOOD LTD. investor relations
INE589A01014,NLC India Limited,"BSE, NSE",NLCINDIA,NLCINDIA,NLC India Limited investor relations
INE589D01018,D&H INDIA LTD,BSE,DHINDIA,,D&H INDIA LTD investor relations
INE589J01015,SANRHEA TECHNICAL TEXTILES LTD,BSE,SANTETX,,SANRHEA TECHNICAL TEXTILES LTD investor relations
INE590B01010,GARNET INTERNATIONAL LTD.,BSE,GARNETINT,,GARNET INTERNATIONAL LTD. investor relations
INE590D01016,DHP INDIA LTD.,BSE,DHPIND,,DHP INDIA LTD. investor relations
INE590L01019,VASWANI INDUSTRIES LTD.,"BSE, NSE",VASWANI,VASWANI,VASWANI INDUSTRIES LTD. investor relations
INE591A01010,OIL COUNTRY TUBULAR LTD.,"BSE, NSE",OILCOUNTUB,OILCOUNTUB,OIL COUNTRY TUBULAR LTD. investor relations
INE591D01014,DIAMINES & CHEMICALS LTD.,"BSE, NSE",DIAMINESQ,DIAMINESQ,DIAMINES & CHEMICALS LTD. investor relations
INE591G01025,COFORGE LIMITED,"BSE, NSE",COFORGE,COFORGE,COFORGE LIMITED investor relations
INE592A01026,ORIENT PAPER & INDUSTRIES LTD.,"BSE, NSE",ORIENTPPR,ORIENTPPR,ORIENT PAPER & INDUSTRIES LTD. investor relations
INE592B01024,T T LTD.,"BSE, NSE",TTL,TTL,T T LTD. investor relations
INE593B01030,KHYATI MULTIMEDIA-ENTERTAINMEN,BSE,KHYATI,,KHYATI MULTIMEDIA-ENTERTAINMEN investor relations
INE593O01017,JAUSS POLYMERS LTD.,BSE,JAUSPOL,,JAUSS POLYMERS LTD. investor relations
INE593W01028,Focus Lighting and Fixtures Limited,NSE,,FOCUS,Focus Lighting and Fixtures Limited investor relations
INE594B01012,BSL LTD.,"BSE, NSE",BSL,BSL,BSL LTD. investor relations
INE594D01018,ELANGO INDUSTRIES LTD.,BSE,ELANGO,,ELANGO INDUSTRIES LTD. investor relations
INE594H01019,Thyrocare Technologies Limited,"BSE, NSE",THYROCARE,THYROCARE,Thyrocare Technologies Limited investor relations
INE594R01018,Kuber Udyog Limited,BSE,KUBERJI,,Kuber Udyog Limited investor relations
INE594V01028,TEXEL INDUSTRIES LTD.,BSE,TEXELIN,,TEXEL INDUSTRIES LTD. investor relations
INE594W01042,STARLINEPS ENTERPRISES LIMITED,BSE,STARLENT,,STARLINEPS ENTERPRISES LIMITED investor relations
INE595D01015,GOLDEN CARPETS LTD.,BSE,GOLCA,,GOLDEN CARPETS LTD. investor relations
INE595G01018,SWARNA SECURITIES LTD.,BSE,SWRNASE,,SWARNA SECURITIES LTD. investor relations
INE595R01023,EAST WEST FREIGHT CARRIERS LTD,BSE,EASTWEST,,EAST WEST FREIGHT CARRIERS LTD investor relations
INE596B01017,MUKESH BABU FINANCIAL SERVICES,BSE,MUKESHB,,MUKESH BABU FINANCIAL SERVICES investor relations
INE596F01018,PTC Industries Ltd.,"BSE, NSE",PTCIL,PTCIL,PTC Industries Ltd. investor relations
INE596H01014,HANDSON GLOBAL MANAGEMENT (HGM,"BSE, NSE",HGM,HGM,HANDSON GLOBAL MANAGEMENT (HGM investor relations
INE596I01020,Computer Age Management Servic,"BSE, NSE",CAMS,CAMS,Computer Age Management Servic investor relations
INE597C01021,HINDUSTAN BIO SCIENCES LTD.,BSE,HINDBIO,,HINDUSTAN BIO SCIENCES LTD. investor relations
INE597I01028,SHARDA MOTOR INDUSTRIES LTD,"BSE, NSE",SHARDAMOTR,SHARDAMOTR,SHARDA MOTOR INDUSTRIES LTD investor relations
INE597J01018,Shalby Limited,"BSE, NSE",SHALBY,SHALBY,Shalby Limited investor relations
INE597L01014,LOVABLE LINGERIE LTD.,"BSE, NSE",LOVABLE,LOVABLE,LOVABLE LINGERIE LTD. investor relations
INE598C01011,Hisar Metal Industries Limited,NSE,,HISARMETAL,Hisar Metal Industries Limited investor relations
INE598D01035,ALGOQUANT FINTECH LIMITED,"BSE, NSE",ALGOQUANT,ALGOQUANT,ALGOQUANT FINTECH LIMITED investor relations
INE599F01020,MORGANITE CRUCIBLE (INDIA) LTD,BSE,MORGANITE,,MORGANITE CRUCIBLE (INDIA) LTD investor relations
INE599M01018,JUST DIAL LTD.,"BSE, NSE",JUSTDIAL,JUSTDIAL,JUST DIAL LTD. investor relations
INE600A01035,Pil Italica Lifestyle Limited,"BSE, NSE",PILITA,PILITA,Pil Italica Lifestyle Limited investor relations
INE600B01033,FILMCITY MEDIA LTD.,BSE,FILME,,FILMCITY MEDIA LTD. investor relations
INE600F01018,PFL INFOTECH LTD.,BSE,PFLINFOTC,,PFL INFOTECH LTD. investor relations
INE600K01018,Galaxy Surfactants Limited,"BSE, NSE",GALAXYSURF,GALAXYSURF,Galaxy Surfactants Limited investor relations
INE600L01024,Dr. Lal Pathlabs Limited,"BSE, NSE",LALPATHLAB,LALPATHLAB,Dr. Lal Pathlabs Limited investor relations
INE600Y01019,Dynamic Cables Limited,"BSE, NSE",DYCL,DYCL,Dynamic Cables Limited investor relations
INE601A01017,TEAM24 CONSUMER PRODUCTS LIMIT,BSE,TEAM24,,TEAM24 CONSUMER PRODUCTS LIMIT investor relations
INE601B01023,AJANTA SOYA LTD.,BSE,AJANTSOY,,AJANTA SOYA LTD. investor relations
INE601C01013,ENVAIR ELECTRODYNE LTD.,BSE,ENVAIREL,,ENVAIR ELECTRODYNE LTD. investor relations
INE601F01016,EPSOM PROPERTIES LTD.,BSE,EPSOMPRO,,EPSOM PROPERTIES LTD. investor relations
INE601N01010,Retro Green Revolution Limited,BSE,RGRL,,Retro Green Revolution Limited investor relations
INE602A01031,PCBL Chemical Limited,"BSE, NSE",PCBL,PCBL,PCBL Chemical Limited investor relations
INE602D01027,SANBLUE CORPORATION LTD.,BSE,SANBLUE,,SANBLUE CORPORATION LTD. investor relations
INE602G01020,KITEX GARMENTS LTD.,"BSE, NSE",KITEX,KITEX,KITEX GARMENTS LTD. investor relations
INE602H01010,UNIROYAL MARINE EXPORTS LTD.,BSE,UNRYLMA,,UNIROYAL MARINE EXPORTS LTD. investor relations
INE602W01027,Senco Gold Limited,"BSE, NSE",SENCO,SENCO,Senco Gold Limited investor relations
INE603A01013,PRAKASH INDUSTRIES LTD.,"BSE, NSE",PRAKASH,PRAKASH,PRAKASH INDUSTRIES LTD. investor relations
INE603D01017,VEGA JEWELLERS LIMITED,BSE,VEGA,,VEGA JEWELLERS LIMITED investor relations
INE603F01012,NARENDRA PROPERTIES LTD.,BSE,NARPROP,,NARENDRA PROPERTIES LTD. investor relations
INE603J01030,P.I.INDUSTRIES LTD.,"BSE, NSE",PIIND,PIIND,P.I.INDUSTRIES LTD. investor relations
INE604F01010,PASARI SPINNING MILLS LTD.,BSE,PASARI,,PASARI SPINNING MILLS LTD. investor relations
INE605D01012,NEELAMALAI AGRO INDUSTRIES LTD,BSE,NEAGI,,NEELAMALAI AGRO INDUSTRIES LTD investor relations
INE606A01024,AMJ LAND HOLDINGS LIMITED,"BSE, NSE",AMJLAND,AMJLAND,AMJ LAND HOLDINGS LIMITED investor relations
INE606C01012,NALIN LEASE FINANCE LTD.,BSE,NLFL,,NALIN LEASE FINANCE LTD. investor relations
INE606K01049,Srestha Finvest Limited,BSE,SRESTHA,,Srestha Finvest Limited investor relations
INE606N01019,Excelsoft Technologies Limited,"BSE, NSE",EXCELSOFT,EXCELSOFT,Excelsoft Technologies Limited investor relations
INE607A01022,Primo Chemicals Limited,"BSE, NSE",PRIMO,PRIMO,Primo Chemicals Limited investor relations
INE607B01012,COMPUTER POINT LTD.,BSE,COMPUPN,,COMPUTER POINT LTD. investor relations
INE607D01018,ORIENT BELL LIMITED,"BSE, NSE",ORIENTBELL,ORIENTBELL,ORIENT BELL LIMITED investor relations
INE607G01011,SAMYAK INTERNATIONAL LTD.,BSE,SAMYAKINT,,SAMYAK INTERNATIONAL LTD. investor relations
INE607V01028,Viram Suvarn Limited,BSE,VSL,,Viram Suvarn Limited investor relations
INE607V20010,Viram Suvarn Limited,BSE,VSL-RE,,Viram Suvarn Limited investor relations
INE608A01012,PUNJAB & SIND BANK,"BSE, NSE",PSB,PSB,PUNJAB & SIND BANK investor relations
INE608B01010,CRANEX LTD.,BSE,CRANEX,,CRANEX LTD. investor relations
INE608C01026,NOVA IRON & STEEL LTD.,BSE,NOVIS,,NOVA IRON & STEEL LTD. investor relations
INE609A01010,PUNJAB COMMUNICATIONS LTD.,BSE,PUNJCOMMU,,PUNJAB COMMUNICATIONS LTD. investor relations
INE609C01024,Orient Press Limited,NSE,,ORIENTLTD,Orient Press Limited investor relations
INE609D01014,RAMSONS PROJECTS LTD.,BSE,RAMSONS,,RAMSONS PROJECTS LTD. investor relations
INE610B01024,GUJARAT RAFFIA INDUSTRIES LTD.,"BSE, NSE",GUJRAFFIA,GUJRAFFIA,GUJARAT RAFFIA INDUSTRIES LTD. investor relations
INE610C01014,Rajdarshan Industries Limited,NSE,,ARENTERP,Rajdarshan Industries Limited investor relations
INE610E01010,Kalyani Commercials Limited,NSE,,KALYANI,Kalyani Commercials Limited investor relations
INE611A01016,RSWM LTD.,"BSE, NSE",RSWM,RSWM,RSWM LTD. investor relations
INE611C01020,IMEC SERVICES LIMITED,BSE,IMEC,,IMEC SERVICES LIMITED investor relations
INE611L01021,INDIAN TERRAIN FASHIONS LTD.,"BSE, NSE",INDTERRAIN,INDTERRAIN,INDIAN TERRAIN FASHIONS LTD. investor relations
INE612J01015,REPCO HOME FINANCE LTD.,"BSE, NSE",REPCOHOME,REPCOHOME,REPCO HOME FINANCE LTD. investor relations
INE613A01020,RALLIS INDIA LTD.,"BSE, NSE",RALLIS,RALLIS,RALLIS INDIA LTD. investor relations
INE613B01010,ICDS LTD.,"BSE, NSE",ICDSLTD,ICDSLTD,ICDS LTD. investor relations
INE613C01026,MAGELLANIC CLOUD LIMITED,"BSE, NSE",MCLOUD,MCLOUD,MAGELLANIC CLOUD LIMITED investor relations
INE614A01028,RAMCO INDUSTRIES LTD.,"BSE, NSE",RAMCOIND,RAMCOIND,RAMCO INDUSTRIES LTD. investor relations
INE614B01018,KARNATAKA BANK LTD.,"BSE, NSE",KTKBANK,KTKBANK,KARNATAKA BANK LTD. investor relations
INE614F01019,MFS INTERCORP LTD.,BSE,MFSINTRCRP,,MFS INTERCORP LTD. investor relations
INE614G01033,RELIANCE POWER LTD.,"BSE, NSE",RPOWER,RPOWER,RELIANCE POWER LTD. investor relations
INE615A01025,The Ravalgaon Sugar Farm Limit,BSE,RAVALSUGAR,,The Ravalgaon Sugar Farm Limit investor relations
INE615H01020,TITAGARH RAIL SYSTEMS LIMITED,"BSE, NSE",TITAGARH,TITAGARH,TITAGARH RAIL SYSTEMS LIMITED investor relations
INE615I01010,GLOBUS SPIRITS LTD.,"BSE, NSE",GLOBUSSPR,GLOBUSSPR,GLOBUS SPIRITS LTD. investor relations
INE615P01015,Quess Corp Limited,"BSE, NSE",QUESS,QUESS,Quess Corp Limited investor relations
INE615R01029,TruCap Finance Limited,"BSE, NSE",TRU,TRU,TruCap Finance Limited investor relations
INE616F01022,RSD Finance Limited,BSE,RSDFIN,,RSD Finance Limited investor relations
INE616N01034,INOX India Limited,"BSE, NSE",INOXINDIA,INOXINDIA,INOX India Limited investor relations
INE616Z01012,YASHO INDUSTRIES LIMITED,"BSE, NSE",YASHO,YASHO,YASHO INDUSTRIES LIMITED investor relations
INE617A01013,Semac Construction Limited,"BSE, NSE",SEMAC,SEMAC,Semac Construction Limited investor relations
INE617B01011,MODERN DAIRIES LTD.,BSE,MODAIRY,,MODERN DAIRIES LTD. investor relations
INE617C01027,FOUNDRY FUEL PRODUCTS LTD.,BSE,FFPL,,FOUNDRY FUEL PRODUCTS LTD. investor relations
INE618A01011,ROYAL CUSHION VINYL PRODUCTS L,BSE,ROYALCU,,ROYAL CUSHION VINYL PRODUCTS L investor relations
INE618D01015,SUDAL INDUSTRIES LTD.,BSE,SUDAI,,SUDAL INDUSTRIES LTD. investor relations
INE618F01010,SPARKLE GOLD ROCK LIMITED,BSE,SPARKLEGR,,SPARKLE GOLD ROCK LIMITED investor relations
INE618L01018,5paisa Capital Limited,"BSE, NSE",5PAISA,5PAISA,5paisa Capital Limited investor relations
INE618N01022,BALAXI PHARMACEUTICALS LIMITED,NSE,,BALAXI,BALAXI PHARMACEUTICALS LIMITED investor relations
INE618R01015,SG FINSERVE LIMITED,"BSE, NSE",SGFIN,SGFIN,SG FINSERVE LIMITED investor relations
INE619A01035,Patanjali Foods Limited,"BSE, NSE",PATANJALI,PATANJALI,Patanjali Foods Limited investor relations
INE619B01017,Newgen Software Technologies L,"BSE, NSE",NEWGEN,NEWGEN,Newgen Software Technologies L investor relations
INE619I01012,A2Z INFRA ENGINEERING LIMITED,"BSE, NSE",A2ZINFRA,A2ZINFRA,A2Z INFRA ENGINEERING LIMITED investor relations
INE620D01011,INDUSTRIAL & PRUDENTIAL INVEST,BSE,INDPRUD,,INDUSTRIAL & PRUDENTIAL INVEST investor relations
INE621B01021,Prithvi Exchange (India) Limit,BSE,PRITHVIEXCH,,Prithvi Exchange (India) Limit investor relations
INE621C01011,GUJARAT HOTELS LTD.,BSE,GUJHOTE,,GUJARAT HOTELS LTD. investor relations
INE621H01010,RELIGARE ENTERPRISES LTD.,"BSE, NSE",RELIGARE,RELIGARE,RELIGARE ENTERPRISES LTD. investor relations
INE621I01042,COLORCHIPS NEW MEDIA LIMITED,BSE,COLORCHIPS,,COLORCHIPS NEW MEDIA LIMITED investor relations
INE621L01012,TEXMACO RAIL & ENGINEERING LTD,"BSE, NSE",TEXRAIL,TEXRAIL,TEXMACO RAIL & ENGINEERING LTD investor relations
INE622E01023,GAYATRI SUGARS LTD.,BSE,GAYATRI,,GAYATRI SUGARS LTD. investor relations
INE622H01018,INDO FARM EQUIPMENT LIMITED,"BSE, NSE",INDOFARM,INDOFARM,INDO FARM EQUIPMENT LIMITED investor relations
INE622Q01019,Mobavenue AI Tech Limited,BSE,MOBAVENUE,,Mobavenue AI Tech Limited investor relations
INE622W01025,ACME Solar Holdings Limited,"BSE, NSE",ACMESOLAR,ACMESOLAR,ACME Solar Holdings Limited investor relations
INE623A01011,SAKTHI SUGARS LTD.,"BSE, NSE",SAKHTISUG,SAKHTISUG,SAKTHI SUGARS LTD. investor relations
INE623B01027,Future Enterprises Limited,"BSE, NSE",FEL,FEL,Future Enterprises Limited investor relations
INE623D01015,STEP TWO CORPORATION LTD.,BSE,STEP2COR,,STEP TWO CORPORATION LTD. investor relations
INE624M01014,LYKIS LIMITED,BSE,LYKISLTD,,LYKIS LIMITED investor relations
INE624Z01016,SOLARA ACTIVE PHARMA SCIENCES,"BSE, NSE",SOLARA,SOLARA,SOLARA ACTIVE PHARMA SCIENCES investor relations
INE625B01014,RANA SUGARS LTD.,"BSE, NSE",RANASUG,RANASUG,RANA SUGARS LTD. investor relations
INE625D01028,STANDARD CAPITAL MARKETS LTD.,BSE,STANCAP,,STANDARD CAPITAL MARKETS LTD. investor relations
INE625G01013,WELSPUN ENTERPRISES LIMTED,"BSE, NSE",WELENT,WELENT,WELSPUN ENTERPRISES LIMTED investor relations
INE625X01018,Silver Touch Technologies Limi,"BSE, NSE",SILVERTUC,SILVERTUC,Silver Touch Technologies Limi investor relations
INE626A01014,SAURASHTRA CEMENT LTD.,"BSE, NSE",SAURASHCEM,SAURASHCEM,SAURASHTRA CEMENT LTD. investor relations
INE626Z01029,HARDWYN INDIA LIMITED,"BSE, NSE",HARDWYN,HARDWYN,HARDWYN INDIA LIMITED investor relations
INE627D01016,ADARSH PLANT PROTECT LTD.,BSE,ADARSHPL,,ADARSH PLANT PROTECT LTD. investor relations
INE627F01011,CENLUB INDUSTRIES LTD.,BSE,CENLUB,,CENLUB INDUSTRIES LTD. investor relations
INE627H01017,CAMBRIDGE TECHNOLOGY ENTERPRIS,"BSE, NSE",CTE,CTE,CAMBRIDGE TECHNOLOGY ENTERPRIS investor relations
INE628A01036,UPL LIMITED,"BSE, NSE",UPL,UPL,UPL LIMITED investor relations
INE628B01034,OROSIL SMITHS INDIA LTD.,BSE,OROSMITHS,,OROSIL SMITHS INDIA LTD. investor relations
INE628D01014,THRIVE FUTURE HABITATS LIMITED,BSE,THRIVE,,THRIVE FUTURE HABITATS LIMITED investor relations
INE628F01019,INDERGIRI FINANCE LTD.,BSE,INDERGR,,INDERGIRI FINANCE LTD. investor relations
INE629B01032,STEELCO GUJARAT LTD.,BSE,STEELCO,,STEELCO GUJARAT LTD. investor relations
INE629C01014,RLF LTD.,BSE,RLF,,RLF LTD. investor relations
INE629D01020,BANSWARA SYNTEX LTD.,"BSE, NSE",BANSWRAS,BANSWRAS,BANSWARA SYNTEX LTD. investor relations
INE629F01025,KALLAM TEXTILES LTD,BSE,KALLAM,,KALLAM TEXTILES LTD investor relations
INE630A01024,SESHASAYEE PAPER & BOARDS LTD.,"BSE, NSE",SESHAPAPER,SESHAPAPER,SESHASAYEE PAPER & BOARDS LTD. investor relations
INE630D01010,BRIGHT BROTHERS LTD.,BSE,BRIGHTBR,,BRIGHT BROTHERS LTD. investor relations
INE630U01014,PADMANABH ALLOYS & POLYMERS LT,BSE,PADALPO,,PADMANABH ALLOYS & POLYMERS LT investor relations
INE630Y01024,MEDICO REMEDIES LIMITED,"BSE, NSE",MEDICO,MEDICO,MEDICO REMEDIES LIMITED investor relations
INE631A01022,SHANTHI GEARS LTD.,"BSE, NSE",SHANTIGEAR,SHANTIGEAR,SHANTHI GEARS LTD. investor relations
INE631D01026,G. G. Dandekar Properties Limi,BSE,GGDPROP,,G. G. Dandekar Properties Limi investor relations
INE631E01024,SPICE LOUNGE FOOD WORKS LIMITE,BSE,SPICELOUNG,,SPICE LOUNGE FOOD WORKS LIMITE investor relations
INE631R01026,Madhav Infra Projects Limited,BSE,MADHAVIPL,,Madhav Infra Projects Limited investor relations
INE632C01026,Vidhi Specialty Food Ingredien,"BSE, NSE",VIDHIING,VIDHIING,Vidhi Specialty Food Ingredien investor relations
INE632W01016,GlobalSpace Technologies Limit,BSE,GSTL,,GlobalSpace Technologies Limit investor relations
INE632X01030,Shrenik Limited,NSE,,SHRENIK,Shrenik Limited investor relations
INE633B01018,POLYPLEX CORPORATION LTD.,"BSE, NSE",POLYPLEX,POLYPLEX,POLYPLEX CORPORATION LTD. investor relations
INE634A01018,HONDA INDIA POWER PRODUCTS LIM,"BSE, NSE",HONDAPOWER,HONDAPOWER,HONDA INDIA POWER PRODUCTS LIM investor relations
INE634B01016,EMMESSAR BIOTECH & NUTRITION L,BSE,EMMESSA,,EMMESSAR BIOTECH & NUTRITION L investor relations
INE634I01029,KNR CONSTRUCTIONS LTD.,"BSE, NSE",KNRCON,KNRCON,KNR CONSTRUCTIONS LTD. investor relations
INE634S01028,Mankind Pharma Limited,"BSE, NSE",MANKIND,MANKIND,Mankind Pharma Limited investor relations
INE635A01023,SHYAM TELECOM LTD.,"BSE, NSE",SHYAMTEL,SHYAMTEL,SHYAM TELECOM LTD. investor relations
INE635D01027,INANI MARBLES & INDUSTRIES LTD,BSE,INANI,,INANI MARBLES & INDUSTRIES LTD investor relations
INE635Q01029,GULF OIL LUBRICANTS INDIA LTD,"BSE, NSE",GULFOILLUB,GULFOILLUB,GULF OIL LUBRICANTS INDIA LTD investor relations
INE636A01039,MAWANA SUGARS LTD.,"BSE, NSE",MAWANASUG,MAWANASUG,MAWANA SUGARS LTD. investor relations
INE636B01011,Acme Resources Limited,BSE,ACME,,Acme Resources Limited investor relations
INE636D01041,JOSTS ENGINEERING CO.LTD.,BSE,JOSTS,,JOSTS ENGINEERING CO.LTD. investor relations
INE636P01011,GUJARAT PETROSYNTHESE LTD.,BSE,GUJPETR,,GUJARAT PETROSYNTHESE LTD. investor relations
INE637C01025,POKARNA LTD.,"BSE, NSE",POKARNA,POKARNA,POKARNA LTD. investor relations
INE637H01024,SHIVAM AUTOTECH LTD.,"BSE, NSE",SHIVAMAUTO,SHIVAMAUTO,SHIVAM AUTOTECH LTD. investor relations
INE638A01035,SINGER INDIA LTD.,BSE,SINGER,,SINGER INDIA LTD. investor relations
INE638B01025,HB PORTFOLIO LTD.,BSE,HBPOR,,HB PORTFOLIO LTD. investor relations
INE638D01021,KUNSTSTOFFE INDUSTRIES LTD.,BSE,KUNSTOFF,,KUNSTSTOFFE INDUSTRIES LTD. investor relations
INE638N01012,ECO HOTELS AND RESORTS LIMITED,BSE,ECOHOTELS,,ECO HOTELS AND RESORTS LIMITED investor relations
INE639B01015,TANFAC INDUSTRIES LTD.,BSE,TANFACIND,,TANFAC INDUSTRIES LTD. investor relations
INE639C01013,RAJ PACKAGING INDUSTRIES LTD.,BSE,RAJPACK,,RAJ PACKAGING INDUSTRIES LTD. investor relations
INE639K01016,SATCHMO HOLDINGS LIMITED,BSE,SATCH,,SATCHMO HOLDINGS LIMITED investor relations
INE640A01023,SKF INDIA LTD.,"BSE, NSE",SKFINDIA,SKFINDIA,SKF INDIA LTD. investor relations
INE640B01021,HB ESTATE DEVELOPERS LTD.,BSE,HBESD,,HB ESTATE DEVELOPERS LTD. investor relations
INE640C01011,SHAH ALLOYS LTD.,"BSE, NSE",SHAHALLOYS,SHAHALLOYS,SHAH ALLOYS LTD. investor relations
INE641A01013,NEXOME CAPITAL MARKETS LIMITED,BSE,NEXOME,,NEXOME CAPITAL MARKETS LIMITED investor relations
INE641B01011,SHIKHAR CONSULTANTS LTD.,BSE,SHIKHAR,,SHIKHAR CONSULTANTS LTD. investor relations
INE641C01019,Kavveri Defence &amp; Wireless,"BSE, NSE",KAVDEFENCE,KAVDEFENCE,Kavveri Defence &amp; Wireless investor relations
INE641H01018,GOPAL IRON & STEELS CO.(GUJARA,BSE,GOPAIST,,GOPAL IRON & STEELS CO.(GUJARA investor relations
INE641R01017,Quint Digital Limited,BSE,QUINT,,Quint Digital Limited investor relations
INE642C01025,RUBFILA INTERNATIONAL LTD.,"BSE, NSE",RUBFILA,RUBFILA,RUBFILA INTERNATIONAL LTD. investor relations
INE642I01014,GOKAK TEXTILES LTD.,BSE,GOKAKTEX,,GOKAK TEXTILES LTD. investor relations
INE642P01019,DALMIA INDUSTRIAL DEVELOPMENT,BSE,DIDL,,DALMIA INDUSTRIAL DEVELOPMENT investor relations
INE642Y01029,Hindcon Chemicals Limited,NSE,,HINDCON,Hindcon Chemicals Limited investor relations
INE642Z01026,AKI India Limited,"BSE, NSE",AKI,AKI,AKI India Limited investor relations
INE643A01035,JTEKT India Ltd,"BSE, NSE",JTEKTINDIA,JTEKTINDIA,JTEKT India Ltd investor relations
INE643C01015,NATIONAL FITTINGS LIMITED,BSE,NATFIT,,NATIONAL FITTINGS LIMITED investor relations
INE643K01018,ARIHANT SUPERSTRUCTURES LIMITE,"BSE, NSE",ARIHANTSUP,ARIHANTSUP,ARIHANT SUPERSTRUCTURES LIMITE investor relations
INE643N01012,DECIPHER LABS LIMITED,BSE,DECIPHER,,DECIPHER LABS LIMITED investor relations
INE644Y01017,Shiva Mills Limited,"BSE, NSE",SHIVAMILLS,SHIVAMILLS,Shiva Mills Limited investor relations
INE645C01010,KABSONS INDUSTRIES LTD.,BSE,KABSON,,KABSONS INDUSTRIES LTD. investor relations
INE645H01027,SUTLEJ TEXTILES & INDUSTRIES L,"BSE, NSE",SUTLEJTEX,SUTLEJTEX,SUTLEJ TEXTILES & INDUSTRIES L investor relations
INE645S01024,Rolex Rings Limited,"BSE, NSE",ROLEXRINGS,ROLEXRINGS,Rolex Rings Limited investor relations
INE645W01026,AIRAN LIMITED,"BSE, NSE",AIRAN,AIRAN,AIRAN LIMITED investor relations
INE646B01010,MEDICAMEN BIOTECH LTD.,"BSE, NSE",MEDICAMEQ,MEDICAMEQ,MEDICAMEN BIOTECH LTD. investor relations
INE646C01018,The Grob Tea Company Limited,NSE,,GROBTEA,The Grob Tea Company Limited investor relations
INE646H01017,Capital Small Finance Bank Ltd,"BSE, NSE",CAPITALSFB,CAPITALSFB,Capital Small Finance Bank Ltd investor relations
INE646L01027,InterGlobe Aviation Limited,"BSE, NSE",INDIGO,INDIGO,InterGlobe Aviation Limited investor relations
INE646X01014,Astron Paper & Board Mill Limi,"BSE, NSE",ASTRON,ASTRON,Astron Paper & Board Mill Limi investor relations
INE647A01010,SRF LTD.,"BSE, NSE",SRF,SRF,SRF LTD. investor relations
INE647O01011,Aditya Birla Fashion and Retai,"BSE, NSE",ABFRL,ABFRL,Aditya Birla Fashion and Retai investor relations
INE647W01014,SHARPLINE BROADCAST LIMITED,BSE,SHARPLINE,,SHARPLINE BROADCAST LIMITED investor relations
INE647Z01025,VIVID MERCANTILE LIMITED,BSE,VIVIDM,,VIVID MERCANTILE LIMITED investor relations
INE648E01010,PAN ELECTRONICS INDIA LTD.,BSE,PANELEC,,PAN ELECTRONICS INDIA LTD. investor relations
INE648Z01023,Accuracy Shipping Limited,"BSE, NSE",ACCURACY,ACCURACY,Accuracy Shipping Limited investor relations
INE649C01012,ROSE MERC.LTD.,BSE,ROSEMER,,ROSE MERC.LTD. investor relations
INE649R01010,INTERNATIONAL DATA MANAGEMENT,BSE,IDM,,INTERNATIONAL DATA MANAGEMENT investor relations
INE650C01036,DILIGENT INDUSTRIES LTD.,BSE,DILIGENT,,DILIGENT INDUSTRIES LTD. investor relations
INE650G01029,MENON PISTONS LTD.,BSE,MENNPIS,,MENON PISTONS LTD. investor relations
INE650K01021,SECUREKLOUD TECHNOLOGIES LIMIT,"BSE, NSE",SECURKLOUD,SECURKLOUD,SECUREKLOUD TECHNOLOGIES LIMIT investor relations
INE650L01011,BROOKS LABORATORIES LTD.,"BSE, NSE",BROOKS,BROOKS,BROOKS LABORATORIES LTD. investor relations
INE651C01018,LAKSHMI PRECISION SCREWS LTD.,"BSE, NSE",LAKPRE,LAKPRE,LAKSHMI PRECISION SCREWS LTD. investor relations
INE651D01016,RAS RESORTS & APART HOTELS LTD,BSE,RASRESOR,,RAS RESORTS & APART HOTELS LTD investor relations
INE652D01014,RICH UNIVERSE NETWORK LTD.,BSE,RICHUNV,,RICH UNIVERSE NETWORK LTD. investor relations
INE652F01027,COUNTRY CLUB HOSPITALITY AND H,"BSE, NSE",CCHHL,CCHHL,COUNTRY CLUB HOSPITALITY AND H investor relations
INE652V01016,Ganesh Consumer Products Limit,"BSE, NSE",GANESHCP,GANESHCP,Ganesh Consumer Products Limit investor relations
INE652Z01017,Avro India Limited,"BSE, NSE",AVROIND,AVROIND,Avro India Limited investor relations
INE653C01022,NICCO PARKS & RESORTS LTD.,BSE,NICCOPAR,,NICCO PARKS & RESORTS LTD. investor relations
INE653D01012,SAM INDUSTRIES LTD.,BSE,SAMINDUS,,SAM INDUSTRIES LTD. investor relations
INE653R01012,Symbiox Investment & Trading C,BSE,SYMBIOX,,Symbiox Investment & Trading C investor relations
INE653S01028,GARMENT MANTRA LIFESTYLE LIMIT,BSE,GARMNTMNTR,,GARMENT MANTRA LIFESTYLE LIMIT investor relations
INE654B01014,BALURGHAT TECHNOLOGIES LTD.,BSE,BALTE,,BALURGHAT TECHNOLOGIES LTD. investor relations
INE654D01010,SANCHAY FINVEST LTD.,BSE,SANCF,,SANCHAY FINVEST LTD. investor relations
INE654H01011,NATIONAL GENERAL INDUSTRIES LT,BSE,NATGENI,,NATIONAL GENERAL INDUSTRIES LT investor relations
INE655A01013,STATE TRADING CORPORATION OF I,"BSE, NSE",STCINDIA,STCINDIA,STATE TRADING CORPORATION OF I investor relations
INE655B01011,BANARAS BEADS LTD.,"BSE, NSE",BANARBEADS,BANARBEADS,BANARAS BEADS LTD. investor relations
INE655D01025,SHALIMAR WIRES INDUSTRIES LTD.,BSE,SHALIWIR,,SHALIMAR WIRES INDUSTRIES LTD. investor relations
INE655P01029,PANAFIC INDUSTRIALS LTD,BSE,PANAFIC,,PANAFIC INDUSTRIALS LTD investor relations
INE655V01019,RMC SWITCHGEARS LIMITED,BSE,RMC,,RMC SWITCHGEARS LIMITED investor relations
INE656B01027,PRADHIN LIMITED,BSE,PRADHIN,,PRADHIN LIMITED investor relations
INE657B01025,BLUE CHIP INDIA LTD.,"BSE, NSE",BLUECHIP,BLUECHIP,BLUE CHIP INDIA LTD. investor relations
INE657D01021,SIMMONDS MARSHALL LTD.,BSE,SIMMOND,,SIMMONDS MARSHALL LTD. investor relations
INE658D01011,SIMPLEX CASTINGS LTD.,BSE,SIMPLEXCAS,,SIMPLEX CASTINGS LTD. investor relations
INE658G01014,S.A.L.STEEL LTD.,"BSE, NSE",SALSTEEL,SALSTEEL,S.A.L.STEEL LTD. investor relations
INE658T01017,Wealth First Portfolio Manager,"BSE, NSE",WEALTH,WEALTH,Wealth First Portfolio Manager investor relations
INE659A01023,SUDARSHAN CHEMICAL INDUSTRIES,"BSE, NSE",SUDARSCHEM,SUDARSCHEM,SUDARSHAN CHEMICAL INDUSTRIES investor relations
INE659F01014,GUJARAT INJECT (KERALA) LTD.,BSE,GUJINJEC,,GUJARAT INJECT (KERALA) LTD. investor relations
INE660A01013,SUNDARAM FINANCE LTD.,"BSE, NSE",SUNDARMFIN,SUNDARMFIN,SUNDARAM FINANCE LTD. investor relations
INE660B01011,CATVISION  LIMITED,BSE,CATVISION,,CATVISION  LIMITED investor relations
INE660C01027,CENTRUM CAPITAL LTD.,"BSE, NSE",CENTRUM,CENTRUM,CENTRUM CAPITAL LTD. investor relations
INE661D01015,VISION CORPORATION LTD.,BSE,VISIONCO,,VISION CORPORATION LTD. investor relations
INE661I01014,BGR ENERGY SYSTEMS LTD.,"BSE, NSE",BGRENERGY,BGRENERGY,BGR ENERGY SYSTEMS LTD. investor relations
INE661M01016,INTER GLOBE FINANCE LTD.,BSE,INTRGLB,,INTER GLOBE FINANCE LTD. investor relations
INE661Q01017,Vani Commercials Limited,BSE,VANICOM,,Vani Commercials Limited investor relations
INE662A01027,SUPER SPINNING MILLS LTD.,"BSE, NSE",SUPERSPIN,SUPERSPIN,SUPER SPINNING MILLS LTD. investor relations
INE663A01033,SUPREME PETROCHEM LTD.,"BSE, NSE",SPLPETRO,SPLPETRO,SUPREME PETROCHEM LTD. investor relations
INE663B01015,CONTROL PRINT LTD.,"BSE, NSE",CONTROLPR,CONTROLPR,CONTROL PRINT LTD. investor relations
INE663F01032,INFO EDGE (INDIA) LTD.,"BSE, NSE",NAUKRI,NAUKRI,INFO EDGE (INDIA) LTD. investor relations
INE663P01015,A.F. ENTERPRISES LTD,BSE,AFEL,,A.F. ENTERPRISES LTD investor relations
INE664D01019,BENARES HOTELS LTD.,BSE,BENARAS,,BENARES HOTELS LTD. investor relations
INE665A01038,Swan Corp Limited,"BSE, NSE",SWANCORP,SWANCORP,Swan Corp Limited investor relations
INE665D01016,BENGAL TEA & FABRICS LTD.,BSE,BENGALT,,BENGAL TEA & FABRICS LTD. investor relations
INE665J01013,V-MART RETAIL LTD.,"BSE, NSE",VMART,VMART,V-MART RETAIL LTD. investor relations
INE665L01035,Varroc Engineering Limited,"BSE, NSE",VARROC,VARROC,Varroc Engineering Limited investor relations
INE666D01022,BOROSIL RENEWABLES LIMITED,"BSE, NSE",BORORENEW,BORORENEW,BOROSIL RENEWABLES LIMITED investor relations
INE666E01020,ANDHRA CEMENTS LTD.,"BSE, NSE",ACL,ACL,ANDHRA CEMENTS LTD. investor relations
INE666Q01016,EIKO LIFESCIENCES LIMITED,BSE,EIKO,,EIKO LIFESCIENCES LIMITED investor relations
INE666Y01010,Dolfin Rubbers Limited,BSE,DOLFIN,,Dolfin Rubbers Limited investor relations
INE667G01023,SAKSOFT LTD.,"BSE, NSE",SAKSOFT,SAKSOFT,SAKSOFT LTD. investor relations
INE668A01016,Tamilnad Mercantile Bank Limit,"BSE, NSE",TMB,TMB,Tamilnad Mercantile Bank Limit investor relations
INE668D01028,DONEAR INDUSTRIES LTD.,"BSE, NSE",DONEAR,DONEAR,DONEAR INDUSTRIES LTD. investor relations
INE668F01031,JYOTHY LABS LIMITED,"BSE, NSE",JYOTHYLAB,JYOTHYLAB,JYOTHY LABS LIMITED investor relations
INE668G01021,ELDECO HOUSING & INDUSTRIES LT,"BSE, NSE",ELDEHSG,ELDEHSG,ELDECO HOUSING & INDUSTRIES LT investor relations
INE668L01013,EMERGENT INDUSTRIAL SOLUTIONS,BSE,EMERGENT,,EMERGENT INDUSTRIAL SOLUTIONS investor relations
INE668Y01016,TRUSTWAVE SECURITIES LIMITED,BSE,TRUSTWAVE,,TRUSTWAVE SECURITIES LIMITED investor relations
INE669A01022,INFOMEDIA PRESS LTD.,"BSE, NSE",INFOMEDIA,INFOMEDIA,INFOMEDIA PRESS LTD. investor relations
INE669C01036,TECH MAHINDRA LTD.,"BSE, NSE",TECHM,TECHM,TECH MAHINDRA LTD. investor relations
INE669E01016,VODAFONE IDEA  LIMITED,"BSE, NSE",IDEA,IDEA,VODAFONE IDEA  LIMITED investor relations
INE669R01026,ELITECON INTERNATIONAL LIMITED,BSE,ELITECON,,ELITECON INTERNATIONAL LIMITED investor relations
INE669X01032,Geekay Wires Limited,NSE,,GEEKAYWIRE,Geekay Wires Limited investor relations
INE669Y01022,SHARIKA ENTERPRISES LIMITED,BSE,SHARIKA,,SHARIKA ENTERPRISES LIMITED investor relations
INE670A01012,TATA ELXSI LTD.,"BSE, NSE",TATAELXSI,TATAELXSI,TATA ELXSI LTD. investor relations
INE670C01026,IIRM HOLDINGS INDIA LIMITED,BSE,IIRM,,IIRM HOLDINGS INDIA LIMITED investor relations
INE670K01029,Lodha Developers Limited,"BSE, NSE",LODHA,LODHA,Lodha Developers Limited investor relations
INE670O01013,ONE GLOBAL SERVICE PROVIDER LI,BSE,ONEGLOBAL,,ONE GLOBAL SERVICE PROVIDER LI investor relations
INE670X01014,Lasa Supergenerics Limited,"BSE, NSE",LASA,LASA,Lasa Supergenerics Limited investor relations
INE671A01010,HONEYWELL AUTOMATION INDIA LTD,"BSE, NSE",HONAUT,HONAUT,HONEYWELL AUTOMATION INDIA LTD investor relations
INE671C01016,SUNIL HEALTHCARE LTD,BSE,SUNLOC,,SUNIL HEALTHCARE LTD investor relations
INE671D01014,HASTI FINANCE LTD.,BSE,HASTIFIN,,HASTI FINANCE LTD. investor relations
INE671H01015,SOBHA,"BSE, NSE",SOBHA,SOBHA,SOBHA investor relations
INE671K01027,SUNRAKSHAKK INDUSTRIES INDIA L,BSE,SUNRAKSHAK,,SUNRAKSHAKK INDUSTRIES INDIA L investor relations
INE671T01028,Darshan Orna Limited,BSE,DARSHANORNA,,Darshan Orna Limited investor relations
INE672A01026,TATA INVESTMENT CORPORATION LT,"BSE, NSE",TATAINVEST,TATAINVEST,TATA INVESTMENT CORPORATION LT investor relations
INE672B01032,MUNJAL AUTO INDUSTRIES LTD.,"BSE, NSE",MUNJALAU,MUNJALAU,MUNJAL AUTO INDUSTRIES LTD. investor relations
INE672K01025,TRUE GREEN BIO ENERGY LIMITED,BSE,TRUEGREEN,,TRUE GREEN BIO ENERGY LIMITED investor relations
INE673C01020,AMERISE BIOSCIENCES LIMITED,BSE,AMERISE,,AMERISE BIOSCIENCES LIMITED investor relations
INE673E01018,SMT ENGINEERING LIMITED,BSE,SMTEL,,SMT ENGINEERING LIMITED investor relations
INE673M01029,SULABH ENGINEERS & SERVICES LT,BSE,SULABEN,,SULABH ENGINEERS & SERVICES LT investor relations
INE673O01025,TBO TEK LIMITED,"BSE, NSE",TBOTEK,TBOTEK,TBO TEK LIMITED investor relations
INE674K01013,Aditya Birla Capital Ltd,"BSE, NSE",ABCAPITAL,ABCAPITAL,Aditya Birla Capital Ltd investor relations
INE674M01019,KINETIC TRUST LTD.,BSE,KINETRU,,KINETIC TRUST LTD. investor relations
INE675C01017,CIGNITI TECHNOLOGIES LTD.,"BSE, NSE",CIGNITITEC,CIGNITITEC,CIGNITI TECHNOLOGIES LTD. investor relations
INE676A01027,BLACK BOX LIMITED,"BSE, NSE",BBOX,BBOX,BLACK BOX LIMITED investor relations
INE676G01024,MKP Mobility Limited,BSE,MKPMOB,,MKP Mobility Limited investor relations
INE677D01037,MASTER TRUST LTD.,"BSE, NSE",MASTERTR,MASTERTR,MASTER TRUST LTD. investor relations
INE678B01021,IB INFOTECH ENTERPRISES LTD.,BSE,IBINFO,,IB INFOTECH ENTERPRISES LTD. investor relations
INE678F01014,MULTIBASE INDIA LTD.,BSE,MULTIBASE,,MULTIBASE INDIA LTD. investor relations
INE679A01013,CSB Bank Limited,"BSE, NSE",CSBBANK,CSBBANK,CSB Bank Limited investor relations
INE679C01027,SOURCE NATURAL FOODS & HERBAL,BSE,SOURCENTRL,,SOURCE NATURAL FOODS & HERBAL investor relations
INE679E01015,AGRIBIO SPIRITS LIMITED,BSE,AGRIBIO,,AGRIBIO SPIRITS LIMITED investor relations
INE679T01013,MILGREY FINANCE & INVESTMENT L,BSE,ZMILGFIN,,MILGREY FINANCE & INVESTMENT L investor relations
INE679V01027,Aditya Vision Limited,"BSE, NSE",AVL,AVL,Aditya Vision Limited investor relations
INE680A01011,DHANLAXMI BANK LIMITED,"BSE, NSE",DHANBANK,DHANBANK,DHANLAXMI BANK LIMITED investor relations
INE680B01019,MARGO FINANCE LIMITED,BSE,MARGOFIN,,MARGO FINANCE LIMITED investor relations
INE680Z01018,AVG Logistics Limited,"BSE, NSE",AVG,AVG,AVG Logistics Limited investor relations
INE681B01017,INDRAPRASTHA MEDICAL CORP.LTD.,"BSE, NSE",INDRAMEDCO,INDRAMEDCO,INDRAPRASTHA MEDICAL CORP.LTD. investor relations
INE681C01015,KEYNOTE FINANCIAL SERVICES LIM,"BSE, NSE",KEYFINSERV,KEYFINSERV,KEYNOTE FINANCIAL SERVICES LIM investor relations
INE681D01039,ORIENT TRADELINK LTD.,BSE,ORIENTTR,,ORIENT TRADELINK LTD. investor relations
INE681F01018,HARYANA LEATHER CHEMICALS LTD.,BSE,HARLETH,,HARYANA LEATHER CHEMICALS LTD. investor relations
INE681K01026,MIZZEN VENTURES LIMITED,BSE,MIZVEN,,MIZZEN VENTURES LIMITED investor relations
INE681Q01015,Delta Industrial Resources Lim,BSE,DELTA,,Delta Industrial Resources Lim investor relations
INE682B01023,Integrated Capital Services Lt,BSE,ICSL,,Integrated Capital Services Lt investor relations
INE682D01011,RASANDIK ENGINEERING INDUSTRIE,BSE,RASANDIK,,RASANDIK ENGINEERING INDUSTRIE investor relations
INE682M01012,Jupiter Life Line Hospitals Li,"BSE, NSE",JLHL,JLHL,Jupiter Life Line Hospitals Li investor relations
INE683A01023,SOUTH INDIAN BANK LTD.,"BSE, NSE",SOUTHBANK,SOUTHBANK,SOUTH INDIAN BANK LTD. investor relations
INE683C01011,MAITHAN ALLOYS LTD.,"BSE, NSE",MAITHANALL,MAITHANALL,MAITHAN ALLOYS LTD. investor relations
INE683E01017,CORAL LABORATORIES LTD.,BSE,CORALAB,,CORAL LABORATORIES LTD. investor relations
INE684B01029,IST LTD.,BSE,ISTLTD,,IST LTD. investor relations
INE684D01025,RGF Capital Markets Limited,BSE,RGF,,RGF Capital Markets Limited investor relations
INE684F01012,FIRSTSOURCE SOLUTIONS LTD.,"BSE, NSE",FSL,FSL,FIRSTSOURCE SOLUTIONS LTD. investor relations
INE685A01028,TORRENT PHARMACEUTICALS LTD.,"BSE, NSE",TORNTPHARM,TORNTPHARM,TORRENT PHARMACEUTICALS LTD. investor relations
INE685D01022,VAMA INDUSTRIES LTD.,BSE,VAMA,,VAMA INDUSTRIES LTD. investor relations
INE685Z01033,Rajnish Wellness Limited,BSE,RAJNISH,,Rajnish Wellness Limited investor relations
INE686A01026,Cemindia Projects Limited,"BSE, NSE",CEMPRO,CEMPRO,Cemindia Projects Limited investor relations
INE686C01014,PRIYA LTD.,BSE,PRIYALT,,PRIYA LTD. investor relations
INE686F01025,UNITED BREWERIES LTD.,"BSE, NSE",UBL,UBL,UNITED BREWERIES LTD. investor relations
INE686Y01026,Fine Organic Industries Limite,"BSE, NSE",FINEORG,FINEORG,Fine Organic Industries Limite investor relations
INE687A01016,TRANSPEK INDUSTRY LTD.,BSE,TRANSPEK,,TRANSPEK INDUSTRY LTD. investor relations
INE687C01012,REXNORD ELECTRONICS & CONTROLS,BSE,REXNORD,,REXNORD ELECTRONICS & CONTROLS investor relations
INE687W01010,KHANDELWAL EXTRACTION LTD.,BSE,ZKHANDEN,,KHANDELWAL EXTRACTION LTD. investor relations
INE688A01022,TRANSPORT CORPORATION OF INDIA,"BSE, NSE",TCI,TCI,TRANSPORT CORPORATION OF INDIA investor relations
INE688D01026,RESPONSIVE INDUSTRIES LTD.,"BSE, NSE",RESPONIND,RESPONIND,RESPONSIVE INDUSTRIES LTD. investor relations
INE688E01024,Hercules Investments Limited,BSE,HERCULES,,Hercules Investments Limited investor relations
INE688J01023,EXCEL REALTY N INFRA LTD.,"BSE, NSE",EXCEL,EXCEL,EXCEL REALTY N INFRA LTD. investor relations
INE688Y01022,Dangee Dums Limited,NSE,,DANGEE,Dangee Dums Limited investor relations
INE689J01013,LORDS ISHWAR HOTELS LIMITED,BSE,LORDSHOTL,,LORDS ISHWAR HOTELS LIMITED investor relations
INE689M01025,Polo Queen Industrial and Fint,BSE,PQIF,,Polo Queen Industrial and Fint investor relations
INE689O01013,Mercantile Ventures Limited,BSE,MERCANTILE,,Mercantile Ventures Limited investor relations
INE689V01018,SBEC SYSTEMS (INDIA) LTD.,BSE,SBECSYS,,SBEC SYSTEMS (INDIA) LTD. investor relations
INE689W01016,Prince Pipes and Fittings Limi,"BSE, NSE",PRINCEPIPE,PRINCEPIPE,Prince Pipes and Fittings Limi investor relations
INE690A01028,TTK PRESTIGE LTD.,"BSE, NSE",TTKPRESTIG,TTKPRESTIG,TTK PRESTIGE LTD. investor relations
INE690J01011,INNOVASSYNTH INVESTMENTS LTD.,BSE,INOVSYNTH,,INNOVASSYNTH INVESTMENTS LTD. investor relations
INE690O01011,JK AGRI GENETICS LTD,BSE,JKAGRI,,JK AGRI GENETICS LTD investor relations
INE691A01018,UCO BANK,"BSE, NSE",UCOBANK,UCOBANK,UCO BANK investor relations
INE691C01022,SWASTIKA INVESTMART LTD.,BSE,SWASTIKA,,SWASTIKA INVESTMART LTD. investor relations
INE691D01012,SUDITI INDUSTRIES LTD.,BSE,SUDTIND-B,,SUDITI INDUSTRIES LTD. investor relations
INE691G01015,IMPEX FERRO TECH LTD.,"BSE, NSE",IMPEXFERRO,IMPEXFERRO,IMPEX FERRO TECH LTD. investor relations
INE691K01017,BOMBAY CYCLE & MOTOR AGENCY LT,BSE,BOMBCYC,,BOMBAY CYCLE & MOTOR AGENCY LT investor relations
INE691Z01023,Ganga Forging Limited,NSE,,GANGAFORGE,Ganga Forging Limited investor relations
INE692A01016,UNION BANK OF INDIA,"BSE, NSE",UNIONBANK,UNIONBANK,UNION BANK OF INDIA investor relations
INE692B01014,Murudeshwar Ceramics Limited,NSE,,MURUDCERA,Murudeshwar Ceramics Limited investor relations
INE692C01020,TANEJA AEROSPACE & AVIATION LT,BSE,TANAA,,TANEJA AEROSPACE & AVIATION LT investor relations
INE692G01013,XCHANGING SOLUTIONS LTD.,"BSE, NSE",XCHANGING,XCHANGING,XCHANGING SOLUTIONS LTD. investor relations
INE692Z01013,Affordable Robotic & Automatio,"BSE, NSE",AFFORDABLE,AFFORDABLE,Affordable Robotic & Automatio investor relations
INE693D01018,VADILAL ENTERPRISES LTD.,BSE,VADILENT,,VADILAL ENTERPRISES LTD. investor relations
INE693E01016,JAYSHREE CHEMICALS LTD.,BSE,JAYCH,,JAYSHREE CHEMICALS LTD. investor relations
INE694A01020,UNITECH LTD.,"BSE, NSE",UNITECH,UNITECH,UNITECH LTD. investor relations
INE694D01016,VADILAL INDUSTRIES LTD.,"BSE, NSE",VADILALIND,VADILALIND,VADILAL INDUSTRIES LTD. investor relations
INE694E01014,KANPUR PLASTIPACK LTD.,"BSE, NSE",KANPRPLA,KANPRPLA,KANPUR PLASTIPACK LTD. investor relations
INE694N01015,Heranba Industries Limited,"BSE, NSE",HERANBA,HERANBA,Heranba Industries Limited investor relations
INE694W01024,Ashnisha Industries Limited,BSE,ASHNI,,Ashnisha Industries Limited investor relations
INE694X01030,G G Engineering Limited,BSE,GGENG,,G G Engineering Limited investor relations
INE695B01025,COUNTRY CONDOS LTD.,"BSE, NSE",COUNCODOS,COUNCODOS,COUNTRY CONDOS LTD. investor relations
INE695D01021,WALCHAND PEOPLEFIRST LTD.,BSE,WALCHPF,,WALCHAND PEOPLEFIRST LTD. investor relations
INE696F01016,Juniper Hotels Limited,"BSE, NSE",JUNIPER,JUNIPER,Juniper Hotels Limited investor relations
INE696K01024,PRAKASH STEELAGE LTD.,"BSE, NSE",PRAKASHSTL,PRAKASHSTL,PRAKASH STEELAGE LTD. investor relations
INE696V01013,Nandani Creation Limited,NSE,,JAIPURKURT,Nandani Creation Limited investor relations
INE697C01011,USHAKIRAN FINANCE LTD.,BSE,USHAKIRA,,USHAKIRAN FINANCE LTD. investor relations
INE697V01011,Pansari Developers Limited,NSE,,PANSARI,Pansari Developers Limited investor relations
INE698B01011,PANKAJ POLYMERS LTD.,BSE,PANKAJPO,,PANKAJ POLYMERS LTD. investor relations
INE699B01027,SAMBHAAV MEDIA LTD.,"BSE, NSE",SAMBHAAV,SAMBHAAV,SAMBHAAV MEDIA LTD. investor relations
INE699D01015,JUMBO BAG LTD.,BSE,JUMBO,,JUMBO BAG LTD. investor relations
INE699H01024,AWL AGRI BUSINESS LIMITED,"BSE, NSE",AWL,AWL,AWL AGRI BUSINESS LIMITED investor relations
INE700A01033,JUBILANT PHARMOVA LIMITED,"BSE, NSE",JUBLPHARMA,JUBLPHARMA,JUBILANT PHARMOVA LIMITED investor relations
INE700F01024,CONFIDENCE FUTURISTIC ENERGETE,BSE,CFEL,,CONFIDENCE FUTURISTIC ENERGETE investor relations
INE700V01021,Shashijit Infraprojects Limite,BSE,SHASHIJIT,,Shashijit Infraprojects Limite investor relations
INE701A01023,Vardhman Holdings Limited,NSE,,VHL,Vardhman Holdings Limited investor relations
INE701G01012,A.K.CAPITAL SERVICES LTD.,BSE,AKCAPIT,,A.K.CAPITAL SERVICES LTD. investor relations
INE702C01027,APL APOLLO TUBES LTD.,"BSE, NSE",APLAPOLLO,APLAPOLLO,APL APOLLO TUBES LTD. investor relations
INE702E01015,PENTOKEY ORGANY (INDIA) LTD.,BSE,PNTKYOR,,PENTOKEY ORGANY (INDIA) LTD. investor relations
INE702H01018,JAGJANANI TEXTILES LTD.,BSE,JAGJANANI,,JAGJANANI TEXTILES LTD. investor relations
INE703B01027,RATNAMANI METALS & TUBES LTD.,"BSE, NSE",RATNAMANI,RATNAMANI,RATNAMANI METALS & TUBES LTD. investor relations
INE703D01023,BIOGEN PHARMACHEM INDUSTRIES L,BSE,BIOGEN,,BIOGEN PHARMACHEM INDUSTRIES L investor relations
INE703H01016,HUBTOWN LTD.,"BSE, NSE",HUBTOWN,HUBTOWN,HUBTOWN LTD. investor relations
INE704B01017,RACL Geartech Limited,"BSE, NSE",RACLGEAR,RACLGEAR,RACL Geartech Limited investor relations
INE704G01024,BAJAJ STEEL INDUSTRIES LTD.,BSE,BAJAJST,,BAJAJ STEEL INDUSTRIES LTD. investor relations
INE704H01022,CINELINE INDIA LIMITED,"BSE, NSE",CINELINE,CINELINE,CINELINE INDIA LIMITED investor relations
INE704P01025,Cochin Shipyard Limited,"BSE, NSE",COCHINSHIP,COCHINSHIP,Cochin Shipyard Limited investor relations
INE705C01020,SHIVA TEXYARN LTD.,"BSE, NSE",SHIVATEX,SHIVATEX,SHIVA TEXYARN LTD. investor relations
INE705G01021,HIM TEKNOFORGE LIMITED,BSE,HIMTEK,,HIM TEKNOFORGE LIMITED investor relations
INE705X01026,GOYAL ALUMINIUMS LIMITED,"BSE, NSE",GOYALALUM,GOYALALUM,GOYAL ALUMINIUMS LIMITED investor relations
INE706A01022,VIKAS WSP LTD.,BSE,VIKASWSP,,VIKAS WSP LTD. investor relations
INE706B01012,SAMKRG PISTONS & RINGS LTD.,BSE,SAMKRG,,SAMKRG PISTONS & RINGS LTD. investor relations
INE706C01028,AUTO PINS (INDIA) LTD.,BSE,AUTOPINS,,AUTO PINS (INDIA) LTD. investor relations
INE706F01021,Sylph Industries Limited,BSE,SYLPH,,Sylph Industries Limited investor relations
INE707A01012,VINDHYA TELELINKS LTD.,"BSE, NSE",VINDHYATEL,VINDHYATEL,VINDHYA TELELINKS LTD. investor relations
INE707B01010,SEASONS TEXTILES LTD.,BSE,SEASONST,,SEASONS TEXTILES LTD. investor relations
INE707C01018,CAPITAL TRUST LTD.,"BSE, NSE",CAPTRUST,CAPTRUST,CAPITAL TRUST LTD. investor relations
INE709A01018,VLS FINANCE LTD.,"BSE, NSE",VLSFINANCE,VLSFINANCE,VLS FINANCE LTD. investor relations
INE709B01016,SKP SECURITIES LTD.,BSE,SKPSEC,,SKP SECURITIES LTD. investor relations
INE709D01012,ASHIANA AGRO INDUSTRIES LTD.,BSE,ASHAI,,ASHIANA AGRO INDUSTRIES LTD. investor relations
INE710A01016,VST INDUSTRIES LTD.,"BSE, NSE",VSTIND,VSTIND,VST INDUSTRIES LTD. investor relations
INE710D01028,B.N.RATHI SECURITIES LTD.,BSE,BNRSEC,,B.N.RATHI SECURITIES LTD. investor relations
INE711A01022,WALCHANDNAGAR INDUSTRIES LTD.,"BSE, NSE",WALCHANNAG,WALCHANNAG,WALCHANDNAGAR INDUSTRIES LTD. investor relations
INE711C01028,JASCH INDUSTRIES LTD.,BSE,JASCH,,JASCH INDUSTRIES LTD. investor relations
INE711D01018,BACIL PHARMA LTD.,BSE,BACPHAR,,BACIL PHARMA LTD. investor relations
INE711V01010,Oceanic Foods Limited,BSE,OCEANIC,,Oceanic Foods Limited investor relations
INE712A01012,WARREN TEA LTD.,BSE,WARRENTEA,,WARREN TEA LTD. investor relations
INE712B01010,SUPERHOUSE LTD.,"BSE, NSE",SUPERHOUSE,SUPERHOUSE,SUPERHOUSE LTD. investor relations
INE712K01011,Shree Pushkar Chemicals & Fert,"BSE, NSE",SHREEPUSHK,SHREEPUSHK,Shree Pushkar Chemicals & Fert investor relations
INE713B01026,SURYALAKSHMI COTTON MILLS LTD.,"BSE, NSE",SURYALAXMI,SURYALAXMI,SURYALAKSHMI COTTON MILLS LTD. investor relations
INE713C01016,SURAJ LTD.,"BSE, NSE",SURAJLTD,SURAJLTD,SURAJ LTD. investor relations
INE713D01055,CANDOUR TECHTEX LIMITED,BSE,CANDOUR,,CANDOUR TECHTEX LIMITED investor relations
INE713T01028,Apollo Micro Systems Limited,"BSE, NSE",APOLLO,APOLLO,Apollo Micro Systems Limited investor relations
INE714B01016,ANDHRA PETROCHEMICALS LTD.,BSE,ANDHRAPET,,ANDHRA PETROCHEMICALS LTD. investor relations
INE714D01020,CONART ENGINEERS LTD.,BSE,CONART,,CONART ENGINEERS LTD. investor relations
INE714Q01014,CHPL Industries Ltd.,BSE,CHPLIND,,CHPL Industries Ltd. investor relations
INE714U01024,IFL ENTERPRISES LIMITED,BSE,IFL,,IFL ENTERPRISES LIMITED investor relations
INE715A01015,WHEELS INDIA LTD.,"BSE, NSE",WHEELS,WHEELS,WHEELS INDIA LTD. investor relations
INE715B01021,ANDHRA SUGARS LTD.,"BSE, NSE",ANDHRSUGAR,ANDHRSUGAR,ANDHRA SUGARS LTD. investor relations
INE715D01019,CORAL NEWSPRINTS LTD.,BSE,CORNE,,CORAL NEWSPRINTS LTD. investor relations
INE715Q01029,LEADING LEASING FINANCE AND IN,BSE,LLFICL,,LEADING LEASING FINANCE AND IN investor relations
INE715T01031,Dhatre Udyog Limited,BSE,DHATRE,,Dhatre Udyog Limited investor relations
INE715Y01031,Shradha Infraprojects Limited,NSE,,SHRADHA,Shradha Infraprojects Limited investor relations
INE716A01013,WHIRLPOOL OF INDIA LTD.,"BSE, NSE",WHIRLPOOL,WHIRLPOOL,WHIRLPOOL OF INDIA LTD. investor relations
INE716B01029,TIPS MUSIC LIMITED,"BSE, NSE",TIPSMUSIC,TIPSMUSIC,TIPS MUSIC LIMITED investor relations
INE716D01033,CRESSANDA RAILWAY SOLUTIONS LI,BSE,CRSL,,CRESSANDA RAILWAY SOLUTIONS LI investor relations
INE716F01012,INDOKEM LTD.,BSE,INDOKEM,,INDOKEM LTD. investor relations
INE716K01020,SQUARE FOUR PROJECTS INDIA LIM,BSE,SFPIL,,SQUARE FOUR PROJECTS INDIA LIM investor relations
INE716M01034,SWADESHI INDUSTRIES LEASING CO,BSE,SWADEIN,,SWADESHI INDUSTRIES LEASING CO investor relations
INE717A01029,KENNAMETAL INDIA LTD.,BSE,KENNAMET,,KENNAMETAL INDIA LTD. investor relations
INE717C01025,MANGALAM INDUSTRIAL FINANCE LT,BSE,MANGIND,,MANGALAM INDUSTRIAL FINANCE LT investor relations
INE717D01023,CUBICAL FINANCIAL SERVICES LTD,BSE,CUBIFIN,,CUBICAL FINANCIAL SERVICES LTD investor relations
INE717E01013,TALBROS ENGINEERING LIMITED,BSE,TALBROSENG,,TALBROS ENGINEERING LIMITED investor relations
INE717F01028,VARIMAN GLOBAL ENTERPRISES LIM,BSE,VARIMAN,,VARIMAN GLOBAL ENTERPRISES LIM investor relations
INE717W01049,Gandhar Oil Refinery (India) L,"BSE, NSE",GANDHAR,GANDHAR,Gandhar Oil Refinery (India) L investor relations
INE718B01017,USG TECH SOLUTIONS LTD.,BSE,USGTECH,,USG TECH SOLUTIONS LTD. investor relations
INE718F01018,CSL Finance Limited,"BSE, NSE",CSLFINANCE,CSLFINANCE,CSL Finance Limited investor relations
INE718H01014,AUTOLINE INDUSTRIES LTD.,"BSE, NSE",AUTOIND,AUTOIND,AUTOLINE INDUSTRIES LTD. investor relations
INE718I01012,JSW CEMENT LIMITED,"BSE, NSE",JSWCEMENT,JSWCEMENT,JSW CEMENT LIMITED investor relations
INE718M01022,LAKSHMI ENGINEERING AND WAREHO,BSE,LAKSHMIEW,,LAKSHMI ENGINEERING AND WAREHO investor relations
INE718P01017,JAMES WARREN TEA LTD,BSE,JAMESWARREN,,JAMES WARREN TEA LTD investor relations
INE719F01016,Shiv Aum Steels Limited,NSE,,SHIVAUM,Shiv Aum Steels Limited investor relations
INE720A01015,Kothari Petrochemicals Limited,NSE,,KOTHARIPET,Kothari Petrochemicals Limited investor relations
INE721A01047,Shriram Finance Limited,"BSE, NSE",SHRIRAMFIN,SHRIRAMFIN,Shriram Finance Limited investor relations
INE721C01019,Garbi Finvest Limited,BSE,GARBIFIN,,Garbi Finvest Limited investor relations
INE721Z01010,Aaron Industries Limited,NSE,,AARON,Aaron Industries Limited investor relations
INE722B01019,PRAVEG LIMITED,BSE,PRAVEG,,PRAVEG LIMITED investor relations
INE722D01015,HARDCASTLE & WAUD MFG.CO.LTD.,BSE,HARDCAS,,HARDCASTLE & WAUD MFG.CO.LTD. investor relations
INE722H01024,RENAISSANCE GLOBAL LIMITED,"BSE, NSE",RGL,RGL,RENAISSANCE GLOBAL LIMITED investor relations
INE722J01012,RAVI KUMAR DISTILLERIES LTD.,"BSE, NSE",RKDL,RKDL,RAVI KUMAR DISTILLERIES LTD. investor relations
INE722N01014,JATTASHANKAR INDUSTIES LTD.,BSE,JATTAINDUS,,JATTASHANKAR INDUSTIES LTD. investor relations
INE723D01021,RUDRA ECOVATION LIMITED,BSE,RUDRAECO,,RUDRA ECOVATION LIMITED investor relations
INE723K01018,ASHUTOSH PAPER MILLS LTD.,BSE,ASHUTPM,,ASHUTOSH PAPER MILLS LTD. investor relations
INE723N01012,PRIMA INDUSTRIES LTD.,BSE,PRIMAIN,,PRIMA INDUSTRIES LTD. investor relations
INE724A01017,LKP FINANCE LIMITED,BSE,LKPFIN,,LKP FINANCE LIMITED investor relations
INE724D01011,HINDUSTAN HARDY LIMITED,BSE,HINDHARD,,HINDUSTAN HARDY LIMITED investor relations
INE724G01014,SAL AUTOMOTIVE LIMITED,BSE,SALAUTO,,SAL AUTOMOTIVE LIMITED investor relations
INE725A01030,NAVA LIMITED,"BSE, NSE",NAVA,NAVA,NAVA LIMITED investor relations
INE725E01024,ORISSA MINERALS DEVELOPMENT CO,"BSE, NSE",ORISSAMINE,ORISSAMINE,ORISSA MINERALS DEVELOPMENT CO investor relations
INE725G01011,ICRA LTD.,"BSE, NSE",ICRA,ICRA,ICRA LTD. investor relations
INE725L01011,KARMA ENERGY LTD.,"BSE, NSE",KARMAENG,KARMAENG,KARMA ENERGY LTD. investor relations
INE725P01012,WAAREE TECHNOLOGIES LIMITED,BSE,WAAREE,,WAAREE TECHNOLOGIES LIMITED investor relations
INE726D01016,JINDAL HOTELS LTD.,BSE,JINDHOT,,JINDAL HOTELS LTD. investor relations
INE726E01014,U.P.HOTELS LTD.,BSE,UPHOT,,U.P.HOTELS LTD. investor relations
INE726G01019,ICICI Prudential Life Insuranc,"BSE, NSE",ICICIPRULI,ICICIPRULI,ICICI Prudential Life Insuranc investor relations
INE726L01019,DELPHI WORLD MONEY LIMITED,"BSE, NSE",DELPHIFX,DELPHIFX,DELPHI WORLD MONEY LIMITED investor relations
INE726V01018,Pricol Limited,"BSE, NSE",PRICOLLTD,PRICOLLTD,Pricol Limited investor relations
INE726X01014,SPA Capital Services Limited,BSE,SPACAPS,,SPA Capital Services Limited investor relations
INE727B01026,GENESYS INTERNATIONAL CORPORAT,"BSE, NSE",GENESYS,GENESYS,GENESYS INTERNATIONAL CORPORAT investor relations
INE727C01024,CREDENT GLOBAL FINANCE LIMITED,BSE,CGFL,,CREDENT GLOBAL FINANCE LIMITED investor relations
INE727S01012,Bharat Road Network Limited,"BSE, NSE",BRNL,BRNL,Bharat Road Network Limited investor relations
INE728B01032,SMITHS & FOUNDERS (INDIA) LIMI,BSE,SMFIL,,SMITHS & FOUNDERS (INDIA) LIMI investor relations
INE728Q01014,Shivansh Finserv Limited,BSE,SHIVA,,Shivansh Finserv Limited investor relations
INE728Z01015,SoftTech Engineers Limited,"BSE, NSE",SOFTTECH,SOFTTECH,SoftTech Engineers Limited investor relations
INE729C01020,PURSHOTTAM INVESTOFIN LTD,BSE,PURSHOTTAM,,PURSHOTTAM INVESTOFIN LTD investor relations
INE729D01010,KILITCH DRUGS (INDIA) LTD.,"BSE, NSE",KILITCH,KILITCH,KILITCH DRUGS (INDIA) LTD. investor relations
INE730A01022,ORICON ENTERPRISES LTD.,"BSE, NSE",ORICONENT,ORICONENT,ORICON ENTERPRISES LTD. investor relations
INE730E01016,PRISM MEDICO AND PHARMACY LTD.,BSE,PRISMMEDI,,PRISM MEDICO AND PHARMACY LTD. investor relations
INE731A01020,ARCHIES LTD.,"BSE, NSE",ARCHIES,ARCHIES,ARCHIES LTD. investor relations
INE731B01010,H.S.INDIA LTD.,BSE,HOTLSILV,,H.S.INDIA LTD. investor relations
INE731C01018,KHAITAN (INDIA) LTD.,"BSE, NSE",KHAITANLTD,KHAITANLTD,KHAITAN (INDIA) LTD. investor relations
INE731D01024,KPT INDUSTRIES LIMITED,BSE,KPT,,KPT INDUSTRIES LIMITED investor relations
INE731F01037,WELSPUN SPECIALTY SOLUTIONS LI,BSE,WELSPLSOL,,WELSPUN SPECIALTY SOLUTIONS LI investor relations
INE731G01027,KHOOBSURAT LTD,BSE,KHOOBSURAT,,KHOOBSURAT LTD investor relations
INE731H01025,ACTION CONSTRUCTION EQUIPMENT,"BSE, NSE",ACE,ACE,ACTION CONSTRUCTION EQUIPMENT investor relations
INE731U01028,DIGJAM LIMITED,"BSE, NSE",DIGJAMLMTD,DIGJAMLMTD,DIGJAM LIMITED investor relations
INE732A01036,KIRLOSKAR BROTHERS LTD.,"BSE, NSE",KIRLOSBROS,KIRLOSBROS,KIRLOSKAR BROTHERS LTD. investor relations
INE732C01016,NCL INDUSTRIES LTD.,"BSE, NSE",NCLIND,NCLIND,NCL INDUSTRIES LTD. investor relations
INE732I01013,ANGEL ONE LIMITED,"BSE, NSE",ANGELONE,ANGELONE,ANGEL ONE LIMITED investor relations
INE732K01027,PRO FIN CAPITAL SERVICES LTD.,BSE,PROFINC,,PRO FIN CAPITAL SERVICES LTD. investor relations
INE732S01012,Sakar Healthcare Limited,NSE,,SAKAR,Sakar Healthcare Limited investor relations
INE733A01018,STAR PAPER MILLS LTD.,"BSE, NSE",STARPAPER,STARPAPER,STAR PAPER MILLS LTD. investor relations
INE733E01010,NTPC LTD.,"BSE, NSE",NTPC,NTPC,NTPC LTD. investor relations
INE734D01010,LAKE SHORE REALTY LIMITED,BSE,LAKESHORE,,LAKE SHORE REALTY LIMITED investor relations
INE734I01027,FINKURVE FINANCIAL SERVICES LT,"BSE, NSE",FINKURVE,FINKURVE,FINKURVE FINANCIAL SERVICES LT investor relations
INE734N01019,SNOWMAN LOGISTICS LTD,"BSE, NSE",SNOWMAN,SNOWMAN,SNOWMAN LOGISTICS LTD investor relations
INE735C01027,AMRAWORLD AGRICO LTD.,BSE,AMRAAGRI,,AMRAWORLD AGRICO LTD. investor relations
INE735M01018,Sampann Utpadan India Limited,"BSE, NSE",SAMPANN,SAMPANN,Sampann Utpadan India Limited investor relations
INE735W01017,UTKARSH SMALL FINANCE BANK LIM,"BSE, NSE",UTKARSHBNK,UTKARSHBNK,UTKARSH SMALL FINANCE BANK LIM investor relations
INE736A01011,Central Depository Services (India) Limited,NSE,,CDSL,Central Depository Services (India) Limited investor relations
INE736H01024,G.S.AUTO INTERNATIONAL LTD.,BSE,GSAUTO,,G.S.AUTO INTERNATIONAL LTD. investor relations
INE737B01033,Adroit Infotech Limited,"BSE, NSE",ADROITINFO,ADROITINFO,Adroit Infotech Limited investor relations
INE737C01023,VIVID GLOBAL INDUSTRIES LTD.,BSE,VIVIDIND,,VIVID GLOBAL INDUSTRIES LTD. investor relations
INE737D01021,MODISON LIMITED,"BSE, NSE",MODISONLTD,MODISONLTD,MODISON LIMITED investor relations
INE737E01011,SOMA PAPERS & INDUSTRIES LTD.,BSE,SOMAPPR,,SOMA PAPERS & INDUSTRIES LTD. investor relations
INE737H01014,FIEM INDUSTRIES LTD.,"BSE, NSE",FIEMIND,FIEMIND,FIEM INDUSTRIES LTD. investor relations
INE737W01013,Akash Infra-Projects Limited,NSE,,AKASH,Akash Infra-Projects Limited investor relations
INE738D01029,MRUGESH TRADING LTD.,BSE,MRUTR,,MRUGESH TRADING LTD. investor relations
INE738I01010,ECLERX SERVICES LTD.,"BSE, NSE",ECLERX,ECLERX,ECLERX SERVICES LTD. investor relations
INE738P01015,Helpage Finlease Ltd.,BSE,HELPAGE,,Helpage Finlease Ltd. investor relations
INE738V01013,Art Nirman Limited,NSE,,ARTNIRMAN,Art Nirman Limited investor relations
INE739E01017,CERA SANITARYWARE LTD.,"BSE, NSE",CERA,CERA,CERA SANITARYWARE LTD. investor relations
INE740D01017,N.R.AGARWAL INDUSTRIES LTD.,"BSE, NSE",NRAIL,NRAIL,N.R.AGARWAL INDUSTRIES LTD. investor relations
INE740V01019,Agro Phos India Limited,NSE,,AGROPHOS,Agro Phos India Limited investor relations
INE740X01023,LORENZINI APPARELS LIMITED,"BSE, NSE",LAL,LAL,LORENZINI APPARELS LIMITED investor relations
INE741A01011,MYSORE PETRO CHEMICALS LTD.,BSE,MYSORPETRO,,MYSORE PETRO CHEMICALS LTD. investor relations
INE741B01027,GLITTEK GRANITES LTD.,BSE,GLITTEKG,,GLITTEK GRANITES LTD. investor relations
INE741K01010,CreditAccess Grameen Ltd.,"BSE, NSE",CREDITACC,CREDITACC,CreditAccess Grameen Ltd. investor relations
INE741L01018,Ducon Infratechnologies Ltd,"BSE, NSE",DUCON,DUCON,Ducon Infratechnologies Ltd investor relations
INE742B01025,GUFIC BIOSCIENCES LTD.,"BSE, NSE",GUFICBIO,GUFICBIO,GUFIC BIOSCIENCES LTD. investor relations
INE742C01031,JINDAL DRILLING & INDUSTRIES L,"BSE, NSE",JINDRILL,JINDRILL,JINDAL DRILLING & INDUSTRIES L investor relations
INE742F01042,ADANI PORTS AND SPECIAL ECONOM,"BSE, NSE",ADANIPORTS,ADANIPORTS,ADANI PORTS AND SPECIAL ECONOM investor relations
INE743D01011,Padmanabh Industries Ltd,BSE,PADMAIND,,Padmanabh Industries Ltd investor relations
INE743M01012,RHI MAGNESITA INDIA LIMITED,"BSE, NSE",RHIM,RHIM,RHI MAGNESITA INDIA LIMITED investor relations
INE744C01029,NORRIS MEDICINES LTD.,BSE,NORRIS,,NORRIS MEDICINES LTD. investor relations
INE744D01019,PANJON LTD.,BSE,PANJON,,PANJON LTD. investor relations
INE745B01028,KHAITAN CHEMICALS & FERTILIZER,"BSE, NSE",KHAICHEM,KHAICHEM,KHAITAN CHEMICALS & FERTILIZER investor relations
INE745G01043,MULTI COMMODITY EXCHANGE OF IN,"BSE, NSE",MCX,MCX,MULTI COMMODITY EXCHANGE OF IN investor relations
INE745P01010,AMARNATH SECURITIES LTD,BSE,AMARSEC,,AMARNATH SECURITIES LTD investor relations
INE745R01024,REGIS INDUSTRIES LIMITED,BSE,REGIS,,REGIS INDUSTRIES LIMITED investor relations
INE746D01014,PIONEER INVESTCORP LTD.,BSE,PIONRINV,,PIONEER INVESTCORP LTD. investor relations
INE746V01016,DRA CONSULTANTS LIMITED,BSE,DRA,,DRA CONSULTANTS LIMITED investor relations
INE747B01016,NEXT MEDIAWORKS LTD.,"BSE, NSE",NEXTMEDIA,NEXTMEDIA,NEXT MEDIAWORKS LTD. investor relations
INE747K01017,TARAPUR TRANSFORMERS LTD,"BSE, NSE",TARAPUR,TARAPUR,TARAPUR TRANSFORMERS LTD investor relations
INE748C01038,3I INFOTECH LTD.,"BSE, NSE",3IINFOLTD,3IINFOLTD,3I INFOTECH LTD. investor relations
INE748D01010,PRIME CAPITAL MARKET LTD.,BSE,PRIMECAPM,,PRIME CAPITAL MARKET LTD. investor relations
INE748T01016,Simbhaoli Sugars Ltd,"BSE, NSE",SIMBHALS,SIMBHALS,Simbhaoli Sugars Ltd investor relations
INE748Z01013,Sumit Woods Limited,NSE,,SUMIT,Sumit Woods Limited investor relations
INE749A01030,JINDAL STEEL LIMITED,"BSE, NSE",JINDALSTEL,JINDALSTEL,JINDAL STEEL LIMITED investor relations
INE749B01020,ORTIN GLOBAL LIMITED,"BSE, NSE",ORTINGLOBE,ORTINGLOBE,ORTIN GLOBAL LIMITED investor relations
INE750A01020,ORIENTAL HOTELS LTD.,"BSE, NSE",ORIENTHOT,ORIENTHOT,ORIENTAL HOTELS LTD. investor relations
INE750B01010,PARKER AGROCHEM EXPORTS LTD.,BSE,PARKERAC,,PARKER AGROCHEM EXPORTS LTD. investor relations
INE750C01026,MARKSANS PHARMA LTD.,"BSE, NSE",MARKSANS,MARKSANS,MARKSANS PHARMA LTD. investor relations
INE750D01016,RELIANCE CHEMOTEX INDUSTRIES L,"BSE, NSE",RELCHEMQ,RELCHEMQ,RELIANCE CHEMOTEX INDUSTRIES L investor relations
INE750M01017,Hexa Tradex Limited,NSE,,HEXATRADEX,Hexa Tradex Limited investor relations
INE750R01016,AARNAV FASHIONS LIMITED,BSE,AARNAV,,AARNAV FASHIONS LIMITED investor relations
INE751B01018,PIX TRANSMISSIONS LTD.,"BSE, NSE",PIXTRANS,PIXTRANS,PIX TRANSMISSIONS LTD. investor relations
INE751D01014,SANDU PHARMACEUTICALS LTD.,BSE,SANDUPHQ,,SANDU PHARMACEUTICALS LTD. investor relations
INE751R01014,Rajputana Investment and Finan,BSE,RAJPUTANA,,Rajputana Investment and Finan investor relations
INE752B01024,POLYCHEM LTD.,BSE,POLYCHEM,,POLYCHEM LTD. investor relations
INE752E01010,POWER GRID CORPORATION OF INDI,"BSE, NSE",POWERGRID,POWERGRID,POWER GRID CORPORATION OF INDI investor relations
INE752G01015,MSP STEEL & POWER LTD.,"BSE, NSE",MSPL,MSPL,MSP STEEL & POWER LTD. investor relations
INE752H01013,CARE Ratings Limited,"BSE, NSE",CARERATING,CARERATING,CARE Ratings Limited investor relations
INE753B01014,RAGHUNATH INTERNATIONAL LTD.,BSE,RAGHUNAT,,RAGHUNATH INTERNATIONAL LTD. investor relations
INE753K01015,EMMBI INDUSTRIES LTD,"BSE, NSE",EMMBI,EMMBI,EMMBI INDUSTRIES LTD investor relations
INE753U01022,DIVGI TORQTRANSFER SYSTEMS LIM,"BSE, NSE",DIVGIITTS,DIVGIITTS,DIVGI TORQTRANSFER SYSTEMS LIM investor relations
INE753W01010,Sanginita Chemicals Limited,NSE,,SANGINITA,Sanginita Chemicals Limited investor relations
INE754A01055,SUBEX LTD.,"BSE, NSE",SUBEXLTD,SUBEXLTD,SUBEX LTD. investor relations
INE754B01012,RAGHUNATH TOBACCO CO.LTD.,BSE,RAGHUTOB,,RAGHUNATH TOBACCO CO.LTD. investor relations
INE754C01010,SOM DATT FINANCE CORPORATION L,BSE,SODFC,,SOM DATT FINANCE CORPORATION L investor relations
INE754D01018,SOBHAGYA MERCHANTILE LTD.,BSE,SOBME,,SOBHAGYA MERCHANTILE LTD. investor relations
INE754X01016,Aarvi Encon Limited,NSE,,AARVI,Aarvi Encon Limited investor relations
INE755D01015,STOVEC INDUSTRIES LTD.,BSE,STOVACQ,,STOVEC INDUSTRIES LTD. investor relations
INE755J01012,GALLOPS ENTERPRISE LTD.,BSE,GALLOPENT,,GALLOPS ENTERPRISE LTD. investor relations
INE755Q01025,VISHAL FABRICS LTD,BSE,VISHAL,,VISHAL FABRICS LTD investor relations
INE756C01015,Naga Dhunseri Group Limited,NSE,,NDGL,Naga Dhunseri Group Limited investor relations
INE756I01012,HDB FINANCIAL SERVICES LIMITED,"BSE, NSE",HDBFS,HDBFS,HDB FINANCIAL SERVICES LIMITED investor relations
INE756R01013,Megri Soft Limited,BSE,MEGRISOFT,,Megri Soft Limited investor relations
INE757A01017,Cosmo First Limited,"BSE, NSE",COSMOFIRST,COSMOFIRST,Cosmo First Limited investor relations
INE757B01015,TRANSWORLD SHIPPING LINES LIMI,"BSE, NSE",TRANSWORLD,TRANSWORLD,TRANSWORLD SHIPPING LINES LIMI investor relations
INE757C01021,ADDI INDUSTRIES LTD.,BSE,ADDIND,,ADDI INDUSTRIES LTD. investor relations
INE757D01011,TEESTA AGRO INDUSTRIES LTD.,BSE,TEEAI,,TEESTA AGRO INDUSTRIES LTD. investor relations
INE757T01025,Artemis Electricals and Projec,BSE,AEPL,,Artemis Electricals and Projec investor relations
INE758A01072,AVANCE TECHNOLOGIES LTD.,BSE,AVANCE,,AVANCE TECHNOLOGIES LTD. investor relations
INE758C01029,AHLUWALIA CONTRACTS (INDIA) LT,"BSE, NSE",AHLUCONT,AHLUCONT,AHLUWALIA CONTRACTS (INDIA) LT investor relations
INE758D01027,DHENU BUILDCON INFRA LTD.,BSE,DHENUBUILD,,DHENU BUILDCON INFRA LTD. investor relations
INE758E01017,Jio Financial Services Limited,"BSE, NSE",JIOFIN,JIOFIN,Jio Financial Services Limited investor relations
INE758T01015,Eternal Limited,"BSE, NSE",ETERNAL,ETERNAL,Eternal Limited investor relations
INE759A01021,MASTEK LTD.,"BSE, NSE",MASTEK,MASTEK,MASTEK LTD. investor relations
INE759C01027,AJCON GLOBAL SERVICES LTD.,BSE,AJCON,,AJCON GLOBAL SERVICES LTD. investor relations
INE759F01012,AUSTIN ENGINEERING CO.LTD.,BSE,AUSTENG,,AUSTIN ENGINEERING CO.LTD. investor relations
INE759I01024,PERFECTPAC LTD.,BSE,PERFEPA,,PERFECTPAC LTD. investor relations
INE759V01019,Heads UP Ventures Limited,"BSE, NSE",HEADSUP,HEADSUP,Heads UP Ventures Limited investor relations
INE760A01029,KOKUYO CAMLIN LTD.,"BSE, NSE",KOKUYOCMLN,KOKUYOCMLN,KOKUYO CAMLIN LTD. investor relations
INE760B01019,VALIANT COMMUNICATIONS LTD.,BSE,VALIANT,,VALIANT COMMUNICATIONS LTD. investor relations
INE760F01028,INDO AMINES LTD.,"BSE, NSE",INDOAMIN,INDOAMIN,INDO AMINES LTD. investor relations
INE760J01012,CEETA INDUSTRIES LTD.,BSE,CEETAIN,,CEETA INDUSTRIES LTD. investor relations
INE760L01018,TRIBHOVANDAS BHIMJI ZAVERI LTD,"BSE, NSE",TBZ,TBZ,TRIBHOVANDAS BHIMJI ZAVERI LTD investor relations
INE760W01023,Rajshree Polypack Limited,NSE,,RPPL,Rajshree Polypack Limited investor relations
INE760Y01011,Ashoka Metcast Limited,"BSE, NSE",ASHOKAMET,ASHOKAMET,Ashoka Metcast Limited investor relations
INE761D01021,Wardwizard Foods and Beverages,BSE,WARDWIZFBL,,Wardwizard Foods and Beverages investor relations
INE761G01016,BLACK ROSE INDUSTRIES LTD.,BSE,BLACKROSE,,BLACK ROSE INDUSTRIES LTD. investor relations
INE761H01022,PAGE INDUSTRIES LTD.,"BSE, NSE",PAGEIND,PAGEIND,PAGE INDUSTRIES LTD. investor relations
INE761Q01015,Vibrant Global Capital Limited,BSE,VGCL,,Vibrant Global Capital Limited investor relations
INE761R01013,Typhoon Financial Services Lim,BSE,TFSL,,Typhoon Financial Services Lim investor relations
INE761Y01019,Zodiac Energy Limited,"BSE, NSE",ZODIAC,ZODIAC,Zodiac Energy Limited investor relations
INE762C01021,AMRAPALI INDUSTRIES LTD.,BSE,AMRAPLIN,,AMRAPALI INDUSTRIES LTD. investor relations
INE762D01011,VISHVPRABHA VENTURES LIMITED,BSE,VISVEN,,VISHVPRABHA VENTURES LIMITED investor relations
INE763B01013,RAMA VISION LTD.,BSE,RAMAVISION,,RAMA VISION LTD. investor relations
INE763D01019,VOLTAIRE LEASING & FINANCE LTD,BSE,VOLLF,,VOLTAIRE LEASING & FINANCE LTD investor relations
INE763I01026,TRANSFORMERS AND RECTIFIERS (I,"BSE, NSE",TARIL,TARIL,TRANSFORMERS AND RECTIFIERS (I investor relations
INE763M01028,MERCURY EV-TECH LIMITED,BSE,MERCURYEV,,MERCURY EV-TECH LIMITED investor relations
INE764B01029,SUMERU INDUSTRIES LTD.,BSE,SUMERUIND,,SUMERU INDUSTRIES LTD. investor relations
INE764D01017,V.S.T.TILLERS TRACTORS LTD.,"BSE, NSE",VSTTILLERS,VSTTILLERS,V.S.T.TILLERS TRACTORS LTD. investor relations
INE764L01010,Sadbhav Infrastructure Project,"BSE, NSE",SADBHIN,SADBHIN,Sadbhav Infrastructure Project investor relations
INE765B01018,SKY INDUSTRIES LTD.,BSE,SKYIND,,SKY INDUSTRIES LTD. investor relations
INE765D01022,WPIL LTD.,BSE,WPIL,,WPIL LTD. investor relations
INE765G01017,ICICI Lombard General Insuranc,"BSE, NSE",ICICIGI,ICICIGI,ICICI Lombard General Insuranc investor relations
INE765L01017,BETEX INDIA LTD.,BSE,BETXIND,,BETEX INDIA LTD. investor relations
INE766D01020,Smart Finsec Limited,BSE,SMARTFIN,,Smart Finsec Limited investor relations
INE766P01016,Mahindra Logistics Limited,"BSE, NSE",MAHLOG,MAHLOG,Mahindra Logistics Limited investor relations
INE767A01016,AARTI DRUGS LTD.,"BSE, NSE",AARTIDRUGS,AARTIDRUGS,AARTI DRUGS LTD. investor relations
INE767B01022,VIKAS PROPPANT & GRANITE LTD.,BSE,VIKASPROP,,VIKAS PROPPANT & GRANITE LTD. investor relations
INE767C01012,AXTEL INDUSTRIES LTD.,BSE,AXTEL,,AXTEL INDUSTRIES LTD. investor relations
INE767M01029,BANGANGA PAPER INDUSTRIES LIMI,BSE,BANGANGA,,BANGANGA PAPER INDUSTRIES LIMI investor relations
INE768C01028,ZYDUS WELLNESS LTD.,"BSE, NSE",ZYDUSWELL,ZYDUSWELL,ZYDUS WELLNESS LTD. investor relations
INE768E01024,AI CHAMPDANY INDUSTRIES LTD.,BSE,AICHAMP,,AI CHAMPDANY INDUSTRIES LTD. investor relations
INE769A01020,AARTI INDUSTRIES LTD.,"BSE, NSE",AARTIIND,AARTIIND,AARTI INDUSTRIES LTD. investor relations
INE769D01016,Regent Enterprises Limited,BSE,REGENTRP,,Regent Enterprises Limited investor relations
INE770A01010,PRADEEP METALS LTD.,BSE,PRADPME,,PRADEEP METALS LTD. investor relations
INE771A01026,MIRZA INTERNATIONAL LTD.,"BSE, NSE",MIRZAINT,MIRZAINT,MIRZA INTERNATIONAL LTD. investor relations
INE771E01010,ASSOCIATED CERAMICS LTD.,BSE,ASSOCER,,ASSOCIATED CERAMICS LTD. investor relations
INE771F01041,FISCHER MEDICAL VENTURES LIMIT,"BSE, NSE",FISCHER,FISCHER,FISCHER MEDICAL VENTURES LIMIT investor relations
INE772B01014,HARIA EXPORTS LTD.,BSE,HARIAEXPO,,HARIA EXPORTS LTD. investor relations
INE772T01024,Popular Vehicles and Services,"BSE, NSE",PVSL,PVSL,Popular Vehicles and Services investor relations
INE773D01018,TRANSGENE BIOTEK LTD.,BSE,TRABI,,TRANSGENE BIOTEK LTD. investor relations
INE773I01017,ALKALI METALS LTD.,"BSE, NSE",ALKALI,ALKALI,ALKALI METALS LTD. investor relations
INE773T01014,Relicab Cable Manufacturing Li,BSE,RELICAB,,Relicab Cable Manufacturing Li investor relations
INE773Y01014,Tasty Dairy Specialities Limit,BSE,TDSL,,Tasty Dairy Specialities Limit investor relations
INE774D01024,MAHINDRA & MAHINDRA FINANCIAL,"BSE, NSE",M&MFIN,M&MFIN,MAHINDRA & MAHINDRA FINANCIAL investor relations
INE775A01035,Samvardhana Motherson Internat,"BSE, NSE",MOTHERSON,MOTHERSON,Samvardhana Motherson Internat investor relations
INE776C01039,GMR Airports Limited,"BSE, NSE",GMRAIRPORT,GMRAIRPORT,GMR Airports Limited investor relations
INE776I01010,MEP Infrastructure Developers,"BSE, NSE",MEP,MEP,MEP Infrastructure Developers investor relations
INE776O01018,GITA RENEWABLE ENERGY LIMITED,BSE,GITARENEW,,GITA RENEWABLE ENERGY LIMITED investor relations
INE777A01023,NATH INDUSTRIES LIMITED,BSE,NATHIND,,NATH INDUSTRIES LIMITED investor relations
INE777C01011,GSB FINANCE LTD.,BSE,GSBFIN,,GSB FINANCE LTD. investor relations
INE777F01014,EXICOM TELE-SYSTEMS LIMITED,"BSE, NSE",EXICOM,EXICOM,EXICOM TELE-SYSTEMS LIMITED investor relations
INE777G01012,SHRIRAM ASSET MANAGEMENT CO.LT,BSE,SRAMSET,,SHRIRAM ASSET MANAGEMENT CO.LT investor relations
INE777K01022,R R KABEL LIMITED,"BSE, NSE",RRKABEL,RRKABEL,R R KABEL LIMITED investor relations
INE777O01016,CHENNAI FERROUS INDUSTRIES LIM,BSE,CHENFERRO,,CHENNAI FERROUS INDUSTRIES LIM investor relations
INE777X01017,AAYUSH ART AND BULLION LIMITED,BSE,AAYUSHBULL,,AAYUSH ART AND BULLION LIMITED investor relations
INE778B01029,ESTER INDUSTRIES LTD.,"BSE, NSE",ESTER,ESTER,ESTER INDUSTRIES LTD. investor relations
INE778E01031,CCL INTERNATIONAL LTD.,BSE,CCLINTER,,CCL INTERNATIONAL LTD. investor relations
INE778I01024,TELOGICA LIMITED,BSE,TELOGICA,,TELOGICA LIMITED investor relations
INE778K01012,EMAMI REALTY LIMITED,"BSE, NSE",EMAMIREAL,EMAMIREAL,EMAMI REALTY LIMITED investor relations
INE778N01016,TRILIANCE POLYMERS LIMITED,BSE,TRILIANCE,,TRILIANCE POLYMERS LIMITED investor relations
INE779Q01017,Mihika Industries Ltd.,BSE,MIHIKA,,Mihika Industries Ltd. investor relations
INE780C01023,JM FINANCIAL LTD.,"BSE, NSE",JMFINANCIL,JMFINANCIL,JM FINANCIAL LTD. investor relations
INE781A01025,INTENSE TECHNOLOGIES LTD.,"BSE, NSE",INTENTECH,INTENTECH,INTENSE TECHNOLOGIES LTD. investor relations
INE781B01015,NOIDA TOLL BRIDGE COMPANY LTD.,"BSE, NSE",NOIDATOLL,NOIDATOLL,NOIDA TOLL BRIDGE COMPANY LTD. investor relations
INE781S01027,Ventive Hospitality Limited,"BSE, NSE",VENTIVE,VENTIVE,Ventive Hospitality Limited investor relations
INE782A01015,BOSCH HOME COMFORT INDIA LIMIT,"BSE, NSE",BOSCH-HCIL,BOSCH-HCIL,BOSCH HOME COMFORT INDIA LIMIT investor relations
INE782D01027,ALFRED HERBERT (INDIA) LTD.,BSE,ALFREDHE,,ALFRED HERBERT (INDIA) LTD. investor relations
INE782E01017,HESTER BIOSCIENCES LTD.,"BSE, NSE",HESTERBIO,HESTERBIO,HESTER BIOSCIENCES LTD. investor relations
INE782L01012,Sanco Industries Limited,NSE,,SANCO,Sanco Industries Limited investor relations
INE782X01033,Servotech Renewable Power System Limited,NSE,,SERVOTECH,Servotech Renewable Power System Limited investor relations
INE783E01023,HIGH ENERGY BATTERIES (INDIA),BSE,HIGHENE,,HIGH ENERGY BATTERIES (INDIA) investor relations
INE783X01023,Chemfab Alkalis Ltd,"BSE, NSE",CHEMFAB,CHEMFAB,Chemfab Alkalis Ltd investor relations
INE784B01035,WINSOME YARNS LTD.,"BSE, NSE",WINSOME,WINSOME,WINSOME YARNS LTD. investor relations
INE784M01016,ASIA PACK LTD.,BSE,ASIAPAK,,ASIA PACK LTD. investor relations
INE784R01023,Arfin India Limited,"BSE, NSE",ARFIN,ARFIN,Arfin India Limited investor relations
INE784W01015,Manomay Tex India Limited,"BSE, NSE",MANOMAY,MANOMAY,Manomay Tex India Limited investor relations
INE785A01026,JAYANT AGRO-ORGANICS LTD.,"BSE, NSE",JAYAGROGN,JAYAGROGN,JAYANT AGRO-ORGANICS LTD. investor relations
INE785D01012,Elixir Capital Limited,BSE,ELIXIR,,Elixir Capital Limited investor relations
INE785M01021,PC JEWELLER LTD.,"BSE, NSE",PCJEWELLER,PCJEWELLER,PC JEWELLER LTD. investor relations
INE786A01032,JK LAKSHMI CEMENT LTD.,"BSE, NSE",JKLAKSHMI,JKLAKSHMI,JK LAKSHMI CEMENT LTD. investor relations
INE786E01018,IITL PROJECTS LIMITED,BSE,IITLPROJ,,IITL PROJECTS LIMITED investor relations
INE786F01031,UTTAM SUGAR MILLS LTD.,"BSE, NSE",UTTAMSUGAR,UTTAMSUGAR,UTTAM SUGAR MILLS LTD. investor relations
INE786J01033,RAJNISH RETAIL LIMITED,BSE,RRETAIL,,RAJNISH RETAIL LIMITED investor relations
INE786K01023,WAGEND INFRA VENTURE LIMITED,BSE,WAGEND,,WAGEND INFRA VENTURE LIMITED investor relations
INE786W01010,RKEC Projects Limited,NSE,,RKEC,RKEC Projects Limited investor relations
INE787D01026,BALKRISHNA INDUSTRIES LTD.,"BSE, NSE",BALKRISIND,BALKRISIND,BALKRISHNA INDUSTRIES LTD. investor relations
INE788D01016,BCC FUBA INDIA LTD.,BSE,BCCFUBA,,BCC FUBA INDIA LTD. investor relations
INE788H01017,HILTON METAL FORGING LTD.,"BSE, NSE",HILTON,HILTON,HILTON METAL FORGING LTD. investor relations
INE788J01021,Shivalik Rasayan Ltd.,"BSE, NSE",SHIVALIK,SHIVALIK,Shivalik Rasayan Ltd. investor relations
INE788M01017,COCHIN MALABAR ESTATES & INDUS,BSE,COCHMAL,,COCHIN MALABAR ESTATES & INDUS investor relations
INE789B01018,DAIKAFFIL CHEMICALS INDIA LTD.,BSE,DAIKAFFI,,DAIKAFFIL CHEMICALS INDIA LTD. investor relations
INE789E01012,JK PAPER LTD.,"BSE, NSE",JKPAPER,JKPAPER,JK PAPER LTD. investor relations
INE789R01022,Franklin Industries Limited,BSE,FRANKLININD,,Franklin Industries Limited investor relations
INE790B01024,KCP SUGAR & INDUSTRIES CORPORA,"BSE, NSE",KCPSUGIND,KCPSUGIND,KCP SUGAR & INDUSTRIES CORPORA investor relations
INE790C01014,PATSPIN INDIA LTD.,BSE,PATSPINLTD,,PATSPIN INDIA LTD. investor relations
INE790D01020,CHL LTD.,BSE,CHLLTD,,CHL LTD. investor relations
INE790G01031,SHILPA MEDICARE LTD.,"BSE, NSE",SHILPAMED,SHILPAMED,SHILPA MEDICARE LTD. investor relations
INE791A01024,BLB LTD.,"BSE, NSE",BLBLIMITED,BLBLIMITED,BLB LTD. investor relations
INE791B01014,LEE & NEE SOFTWARES (EXPORTS),BSE,LEENEE,,LEE & NEE SOFTWARES (EXPORTS) investor relations
INE791E01018,KANISHK STEEL INDUSTRIES LTD.,BSE,KANSHST,,KANISHK STEEL INDUSTRIES LTD. investor relations
INE791H01011,IRONWOOD EDUCATION LIMITED,BSE,IRONWOOD,,IRONWOOD EDUCATION LIMITED investor relations
INE791I01019,BRIGADE ENTERPRISES LTD.,"BSE, NSE",BRIGADE,BRIGADE,BRIGADE ENTERPRISES LTD. investor relations
INE792B01012,AMBICA AGARBATHIES & AROMA IND,"BSE, NSE",AMBICAAGAR,AMBICAAGAR,AMBICA AGARBATHIES & AROMA IND investor relations
INE792G01011,NAM SECURITIES LTD,BSE,NAM,,NAM SECURITIES LTD investor relations
INE792H01019,GLOBAL VECTRA HELICORP LTD.,"BSE, NSE",GLOBALVECT,GLOBALVECT,GLOBAL VECTRA HELICORP LTD. investor relations
INE792I01017,CORDS CABLE INDUSTRIES LTD.,"BSE, NSE",CORDSCABLE,CORDSCABLE,CORDS CABLE INDUSTRIES LTD. investor relations
INE792J01015,GORANI INDUSTRIES LTD.,BSE,GORANIN,,GORANI INDUSTRIES LTD. investor relations
INE792Z01011,Sirca Paints India Limited,"BSE, NSE",SIRCA,SIRCA,Sirca Paints India Limited investor relations
INE793A01012,ACCELYA SOLUTIONS INDIA LIMITE,"BSE, NSE",ACCELYA,ACCELYA,ACCELYA SOLUTIONS INDIA LIMITE investor relations
INE793G01035,PMC FINCORP LIMITED,BSE,PMCFIN,,PMC FINCORP LIMITED investor relations
INE793Z01027,Jonjua Overseas Limited,BSE,JONJUA,,Jonjua Overseas Limited investor relations
INE794A01010,NEULAND LABORATORIES LTD.,"BSE, NSE",NEULANDLAB,NEULANDLAB,NEULAND LABORATORIES LTD. investor relations
INE794B01026,BALAJI TELEFILMS LTD.,"BSE, NSE",BALAJITELE,BALAJITELE,BALAJI TELEFILMS LTD. investor relations
INE794C01016,SHAKTI PRESS LTD.,BSE,SHAKTIPR,,SHAKTI PRESS LTD. investor relations
INE794W01014,Modern Threads (India) Limited,NSE,,MODTHREAD,Modern Threads (India) Limited investor relations
INE795A01017,PANASONIC ENERGY INDIA COMPANY,BSE,PANAENERG,,PANASONIC ENERGY INDIA COMPANY investor relations
INE795D01011,PURETROP FRUITS LIMITED,BSE,PURETROP,,PURETROP FRUITS LIMITED investor relations
INE795G01014,HDFC LIFE INSURANCE COMPANY LI,"BSE, NSE",HDFCLIFE,HDFCLIFE,HDFC LIFE INSURANCE COMPANY LI investor relations
INE796C01011,SHREE RAJASTHAN SYNTEX LTD.,BSE,SHRAJSYNQ,,SHREE RAJASTHAN SYNTEX LTD. investor relations
INE796G01012,JINDAL PHOTO LTD.,"BSE, NSE",JINDALPHOT,JINDALPHOT,JINDAL PHOTO LTD. investor relations
INE796W01019,Yug Decor Limited,BSE,YUG,,Yug Decor Limited investor relations
INE797C01019,SIDDHESWARI GARMENTS LTD.,BSE,SIDDHEGA,,SIDDHESWARI GARMENTS LTD. investor relations
INE797D01017,GARNET CONSTRUCTION LTD.,BSE,GARNET,,GARNET CONSTRUCTION LTD. investor relations
INE797F01020,JUBILANT FOODWORKS LTD,"BSE, NSE",JUBLFOOD,JUBLFOOD,JUBILANT FOODWORKS LTD investor relations
INE797H01018,TGB BANQUETS AND HOTELS LTD.,"BSE, NSE",TGBHOTELS,TGBHOTELS,TGB BANQUETS AND HOTELS LTD. investor relations
INE797Z01028,Space Incubatrics Technologies,BSE,SPACEINCUBA,,Space Incubatrics Technologies investor relations
INE798D01015,GOLKUNDA DIAMONDS & JEWELLERY,BSE,GOLKUNDIA,,GOLKUNDA DIAMONDS & JEWELLERY investor relations
INE798E01013,MANIPAL FINANCE CORPORATION LT,BSE,MNPLFIN,,MANIPAL FINANCE CORPORATION LT investor relations
INE798F01010,PANCHMAHAL STEEL LTD.,BSE,PANCHMAHQ,,PANCHMAHAL STEEL LTD. investor relations
INE798K01010,KRITI NUTRIENTS LTD,"BSE, NSE",KRITINUT,KRITINUT,KRITI NUTRIENTS LTD investor relations
INE799B01017,HINDUSTHAN URBAN INFRASTRUCTUR,BSE,HUIL,,HINDUSTHAN URBAN INFRASTRUCTUR investor relations
INE799C01031,SANMIT INFRA LIMITED,BSE,SANINFRA,,SANMIT INFRA LIMITED investor relations
INE799E01011,MAYUR LEATHER PRODUCTS LTD.,BSE,MAYUR,,MAYUR LEATHER PRODUCTS LTD. investor relations
INE799N01012,Waa Solar Limited,BSE,WAA,,Waa Solar Limited investor relations
INE800A01015,Birla Cable Limited,"BSE, NSE",BIRLACABLE,BIRLACABLE,Birla Cable Limited investor relations
INE800H01010,OMAXE LTD.,"BSE, NSE",OMAXE,OMAXE,OMAXE LTD. investor relations
INE801L01010,Airo Lam limited,NSE,,AIROLAM,Airo Lam limited investor relations
INE801V01019,Laxmi Cotspin Limited,NSE,,LAXMICOT,Laxmi Cotspin Limited investor relations
INE802A01037,BAMPSL SECURITIES LTD.,BSE,BAMPSL,,BAMPSL SECURITIES LTD. investor relations
INE802B01027,LINC LIMITED,"BSE, NSE",LINC,LINC,LINC LIMITED investor relations
INE802C01033,STEEL STRIPS WHEELS LTD.,"BSE, NSE",SSWL,SSWL,STEEL STRIPS WHEELS LTD. investor relations
INE802D01023,INDAG RUBBER LTD.,BSE,INDAG,,INDAG RUBBER LTD. investor relations
INE802W01023,Bohra Industries Limited,NSE,,BOHRAIND,Bohra Industries Limited investor relations
INE803D01021,INDO BORAX & CHEMICALS LTD.,"BSE, NSE",INDOBORAX,INDOBORAX,INDO BORAX & CHEMICALS LTD. investor relations
INE803H01014,RUCHIRA PAPERS LTD.,"BSE, NSE",RUCHIRA,RUCHIRA,RUCHIRA PAPERS LTD. investor relations
INE803L01016,GALAXY AGRICO EXPORTS LTD.,BSE,GALAGEX,,GALAXY AGRICO EXPORTS LTD. investor relations
INE803L20016,Galaxy Agrico Exports Ltd.,BSE,GALAGEX-RE,,Galaxy Agrico Exports Ltd. investor relations
INE804A01025,SWASTI VINAYAKA SYNTHETICS LTD,BSE,SWASTIVI,,SWASTI VINAYAKA SYNTHETICS LTD investor relations
INE804B01023,MEGA CORPORATION LTD.,BSE,MEGACOR,,MEGA CORPORATION LTD. investor relations
INE804H01012,TRANSWARRANTY FINANCE LTD.,"BSE, NSE",TFL,TFL,TRANSWARRANTY FINANCE LTD. investor relations
INE804L01022,Medplus Health Services Limite,"BSE, NSE",MEDPLUS,MEDPLUS,Medplus Health Services Limite investor relations
INE804Q01013,Globe Commercials Limited,BSE,GLCL,,Globe Commercials Limited investor relations
INE805A01014,AION-TECH SOLUTIONS LIMITED,"BSE, NSE",GOLDTECH,GOLDTECH,AION-TECH SOLUTIONS LIMITED investor relations
INE805C01028,K.C.P.LTD.,"BSE, NSE",KCP,KCP,K.C.P.LTD. investor relations
INE805D01034,SUNTECK REALTY LTD.,"BSE, NSE",SUNTECK,SUNTECK,SUNTECK REALTY LTD. investor relations
INE805Q01028,Adcon Capital Services Limited,BSE,ADCON,,Adcon Capital Services Limited investor relations
INE806A01020,Vikas EcoTech Limited,"BSE, NSE",VIKASECO,VIKASECO,Vikas EcoTech Limited investor relations
INE806C01018,TIL LTD.,"BSE, NSE",TIL,TIL,TIL LTD. investor relations
INE806D01016,ISHITA DRUGS & INDUSTRIES LTD.,BSE,ISHITADR,,ISHITA DRUGS & INDUSTRIES LTD. investor relations
INE806T01020,Sapphire Foods India Limited,"BSE, NSE",SAPPHIRE,SAPPHIRE,Sapphire Foods India Limited investor relations
INE807A01010,CHALLANI CAPITAL LIMITED,BSE,CHALLANI,,CHALLANI CAPITAL LIMITED investor relations
INE807D01030,EPUJA SPIRITECH LIMITED,BSE,EPUJA,,EPUJA SPIRITECH LIMITED investor relations
INE807F01027,VIYASH SCIENTIFIC LIMITED,"BSE, NSE",VIYASH,VIYASH,VIYASH SCIENTIFIC LIMITED investor relations
INE807H01023,MARBLE CITY INDIA LIMITED,BSE,MARBLE,,MARBLE CITY INDIA LIMITED investor relations
INE807K01035,S Chand And Company Limited,"BSE, NSE",SCHAND,SCHAND,S Chand And Company Limited investor relations
INE807M01031,TITAN INTECH LIMITED,BSE,TITANIN,,TITAN INTECH LIMITED investor relations
INE808A01018,VALSON INDUSTRIES LTD.,BSE,VALSONQ,,VALSON INDUSTRIES LTD. investor relations
INE809A01032,RAMA PHOSPHATES LTD.,"BSE, NSE",RAMAPHO,RAMAPHO,RAMA PHOSPHATES LTD. investor relations
INE809B01014,POLYMECHPLAST MACHINES LTD.,BSE,POLYCHMP,,POLYMECHPLAST MACHINES LTD. investor relations
INE809E01018,POONA DAL & OIL INDUSTRIES LTD,BSE,POONADAL,,POONA DAL & OIL INDUSTRIES LTD investor relations
INE809I01019,ONMOBILE,"BSE, NSE",ONMOBILE,ONMOBILE,ONMOBILE investor relations
INE809Q01020,GHV INFRA PROJECTS LIMITED,BSE,GHVINFRA,,GHV INFRA PROJECTS LIMITED investor relations
INE810C01044,VENTURA TEXTILES LTD.,BSE,VENTURA,,VENTURA TEXTILES LTD. investor relations
INE810G01011,Shyam Metalics and Energy Limi,"BSE, NSE",SHYAMMETL,SHYAMMETL,Shyam Metalics and Energy Limi investor relations
INE810M01019,ASIAN PETROPRODUCTS & EXPORTS,BSE,ASINPET,,ASIAN PETROPRODUCTS & EXPORTS investor relations
INE811A01020,KIRLOSKAR PNEUMATIC CO.LTD.,"BSE, NSE",KIRLPNU,KIRLPNU,KIRLOSKAR PNEUMATIC CO.LTD. investor relations
INE811B01010,T & I GLOBAL LTD.,BSE,TIGLOB,,T & I GLOBAL LTD. investor relations
INE811D01024,MONOTYPE INDIA LTD.,BSE,MONOT,,MONOTYPE INDIA LTD. investor relations
INE811H01017,RIBA TEXTILES LTD.,BSE,RIBATEX,,RIBA TEXTILES LTD. investor relations
INE811K01011,PRESTIGE ESTATES PROJECTS LTD.,"BSE, NSE",PRESTIGE,PRESTIGE,PRESTIGE ESTATES PROJECTS LTD. investor relations
INE812B01026,ZENITH HEALTH CARE LTD.,BSE,ZENITHHE,,ZENITH HEALTH CARE LTD. investor relations
INE812G01025,SMS PHARMACEUTICALS LTD.,"BSE, NSE",SMSPHARMA,SMSPHARMA,SMS PHARMACEUTICALS LTD. investor relations
INE812K01027,NYSSA CORPORATION LIMITED,BSE,NYSSACORP,,NYSSA CORPORATION LIMITED investor relations
INE812Q01016,TIRUPATI INNOVAR LIMITED,BSE,TIRUPATIIN,,TIRUPATI INNOVAR LIMITED investor relations
INE812S01012,OVOBEL FOODS LTD.,BSE,OVOBELE,,OVOBEL FOODS LTD. investor relations
INE813A01018,MAHINDRA LIFESPACE DEVELOPERS,"BSE, NSE",MAHLIFE,MAHLIFE,MAHINDRA LIFESPACE DEVELOPERS investor relations
INE813B01016,PHOTOQUIP INDIA LTD.,BSE,PHOTOQUP,,PHOTOQUIP INDIA LTD. investor relations
INE813G01023,KAYCEE INDUSTRIES LTD.,BSE,KAYCEEI,,KAYCEE INDUSTRIES LTD. investor relations
INE813H01021,TORRENT POWER LTD.,"BSE, NSE",TORNTPOWER,TORNTPOWER,TORRENT POWER LTD. investor relations
INE813V01022,Madhav Copper Limited,NSE,,MCL,Madhav Copper Limited investor relations
INE814D01010,OMNITEX INDUSTRIES (INDIA) LTD,BSE,OMNITEX,,OMNITEX INDUSTRIES (INDIA) LTD investor relations
INE814H01029,ADANI POWER LTD.,"BSE, NSE",ADANIPOWER,ADANIPOWER,ADANI POWER LTD. investor relations
INE814L01013,PERFECT-OCTAVE MEDIA PROJECTS,BSE,OCTAVE,,PERFECT-OCTAVE MEDIA PROJECTS investor relations
INE816B01035,FILATEX INDIA LTD.,"BSE, NSE",FILATEX,FILATEX,FILATEX INDIA LTD. investor relations
INE817B01025,KERALA AYURVEDA LTD.,BSE,KERALAYUR,,KERALA AYURVEDA LTD. investor relations
INE818A01017,Antelopus Selan Energy Limited,"BSE, NSE",ANTELOPUS,ANTELOPUS,Antelopus Selan Energy Limited investor relations
INE818B01023,PASUPATI ACRYLON LTD.,"BSE, NSE",PASUPTAC,PASUPTAC,PASUPATI ACRYLON LTD. investor relations
INE818D01011,Promact Plastics Limited,BSE,PROMACT,,Promact Plastics Limited investor relations
INE818H01020,LT FOODS LTD.,"BSE, NSE",LTFOODS,LTFOODS,LT FOODS LTD. investor relations
INE818R01011,ISHAAN INFRASTRUCTURE AND SHEL,BSE,IISL,,ISHAAN INFRASTRUCTURE AND SHEL investor relations
INE818W01011,ESAF Small Finance Bank Ltd,"BSE, NSE",ESAFSFB,ESAFSFB,ESAF Small Finance Bank Ltd investor relations
INE819A01049,COMFORT INTECH LTD.,BSE,COMFINTE,,COMFORT INTECH LTD. investor relations
INE819C01011,BIHAR SPONGE IRON LTD.,BSE,BIHSPONG,,BIHAR SPONGE IRON LTD. investor relations
INE819G01012,TRADEWELL HOLDINGS LIMITED,BSE,TRADEWELL,,TRADEWELL HOLDINGS LIMITED investor relations
INE819K01014,Aastamangalam Finance Limited,BSE,AASTAFIN,,Aastamangalam Finance Limited investor relations
INE819L01012,Elgi Rubber Company Limited,NSE,,ELGIRUBCO,Elgi Rubber Company Limited investor relations
INE819S01025,Zeal Aqua Limited,BSE,ZEAL,,Zeal Aqua Limited investor relations
INE819V01029,Aditya Infotech Limited,"BSE, NSE",CPPLUS,CPPLUS,Aditya Infotech Limited investor relations
INE820M01018,Kairosoft AI Solutions Limited,BSE,VOLKAI,,Kairosoft AI Solutions Limited investor relations
INE820Y01021,Ajooni Biotech Limited,NSE,,AJOONI,Ajooni Biotech Limited investor relations
INE821D01031,RANDER CORPORATION LTD.,BSE,RANDER,,RANDER CORPORATION LTD. investor relations
INE821I01022,IRB INFRASTRUCTURE DEVELOPERS,"BSE, NSE",IRB,IRB,IRB INFRASTRUCTURE DEVELOPERS investor relations
INE822B01017,ASIAN TEA & EXPORTS LTD.,BSE,ASIANTNE,,ASIAN TEA & EXPORTS LTD. investor relations
INE822C01015,TCPL PACKAGING LTD.,"BSE, NSE",TCPLPACK,TCPLPACK,TCPL PACKAGING LTD. investor relations
INE822D01021,RASI ELECTRODES LTD.,BSE,RASIELEC,,RASI ELECTRODES LTD. investor relations
INE822E01011,SUPREME HOLDINGS & HOSPITALITY,"BSE, NSE",SUPREME,SUPREME,SUPREME HOLDINGS & HOSPITALITY investor relations
INE822G01016,ELECTROTHERM (INDIA) LTD.,"BSE, NSE",ELECTHERM,ELECTHERM,ELECTROTHERM (INDIA) LTD. investor relations
INE822Q01015,Survottam Finvest Ltd.,BSE,SARVOTTAM,,Survottam Finvest Ltd. investor relations
INE823A01017,KOTHARI PRODUCTS LTD.,"BSE, NSE",KOTHARIPRO,KOTHARIPRO,KOTHARI PRODUCTS LTD. investor relations
INE823B01015,COMPETENT AUTOMOBILES CO.LTD.,BSE,COMPEAU,,COMPETENT AUTOMOBILES CO.LTD. investor relations
INE823D01011,YASH INNOVENTURES LIMITED,BSE,YASHINNO,,YASH INNOVENTURES LIMITED investor relations
INE823G01014,J.K.CEMENT LTD.,"BSE, NSE",JKCEMENT,JKCEMENT,J.K.CEMENT LTD. investor relations
INE824G01012,JSW HOLDINGS LIMITED,"BSE, NSE",JSWHL,JSWHL,JSW HOLDINGS LIMITED investor relations
INE824Q01011,Manaksia Steels Limited,"BSE, NSE",MANAKSTEEL,MANAKSTEEL,Manaksia Steels Limited investor relations
INE825A01020,VARDHMAN TEXTILES LTD.,"BSE, NSE",VTL,VTL,VARDHMAN TEXTILES LTD. investor relations
INE825B01010,J.A. Finance Limited,BSE,JAFINANCE,,J.A. Finance Limited investor relations
INE825C01018,N.G.INDUSTRIES LTD.,BSE,NGIND,,N.G.INDUSTRIES LTD. investor relations
INE825D01016,Shahi Shipping Limited,BSE,SHAHISHIP,,Shahi Shipping Limited investor relations
INE825V01034,Vedant Fashions Limited,"BSE, NSE",MANYAVAR,MANYAVAR,Vedant Fashions Limited investor relations
INE826B01018,INDIAN TONERS & DEVELOPERS LTD,BSE,INDTONER,,INDIAN TONERS & DEVELOPERS LTD investor relations
INE826C01016,GUJARAT APOLLO INDUSTRIES LTD.,"BSE, NSE",GUJAPOLLO,GUJAPOLLO,GUJARAT APOLLO INDUSTRIES LTD. investor relations
INE827D01020,Sri Chakra Cement Limited,BSE,SRICC,,Sri Chakra Cement Limited investor relations
INE828A01016,BHARTIYA INTERNATIONAL LTD.,"BSE, NSE",BIL,BIL,BHARTIYA INTERNATIONAL LTD. investor relations
INE828G01013,FACOR ALLOYS LTD.,BSE,FACORALL,,FACOR ALLOYS LTD. investor relations
INE828I01019,MEDIAONE GLOBAL ENTERTAINMENT,BSE,MEDIAONE,,MEDIAONE GLOBAL ENTERTAINMENT investor relations
INE828O01033,MITCON Consultancy & Engineering Services Limited,NSE,,MITCON,MITCON Consultancy & Engineering Services Limited investor relations
INE829A01014,BIOFIL CHEMICALS & PHARMACEUTI,"BSE, NSE",BIOFILCHEM,BIOFILCHEM,BIOFIL CHEMICALS & PHARMACEUTI investor relations
INE829P01020,Amba Enterprises Ltd.,BSE,AEL,,Amba Enterprises Ltd. investor relations
INE829S01016,Mangalam Seeds Limited,BSE,MSL,,Mangalam Seeds Limited investor relations
INE830A01012,CIL SECURITIES LTD.,BSE,CILSEC,,CIL SECURITIES LTD. investor relations
INE830C01026,EMAMI PAPER MILLS LTD.,"BSE, NSE",EMAMIPAP,EMAMIPAP,EMAMI PAPER MILLS LTD. investor relations
INE830Q01018,Manaksia Coated Metals & Indus,"BSE, NSE",MANAKCOAT,MANAKCOAT,Manaksia Coated Metals & Indus investor relations
INE830S01014,DARJEELING INDUSTRIIES LIMITED,BSE,DARJEELING,,DARJEELING INDUSTRIIES LIMITED investor relations
INE831A01028,MIRC ELECTRONICS LTD.,"BSE, NSE",MIRCELECTR,MIRCELECTR,MIRC ELECTRONICS LTD. investor relations
INE831C01016,ASHISH POLYPLAST LTD.,BSE,ASHISHPO,,ASHISH POLYPLAST LTD. investor relations
INE832A01018,MODI RUBBER LTD.,"BSE, NSE",MODIRUBBER,MODIRUBBER,MODI RUBBER LTD. investor relations
INE832D01020,HINDOOSTAN MILLS LTD.,BSE,HINDMILL,,HINDOOSTAN MILLS LTD. investor relations
INE833A01016,ADC INDIA COMMUNICATIONS LIMIT,BSE,ADCINDIA,,ADC INDIA COMMUNICATIONS LIMIT investor relations
INE833Q01012,Mittal Sections Limited,BSE,MITTALSTL,,Mittal Sections Limited investor relations
INE834B01012,PCS TECHNOLOGY LTD.,BSE,PCS,,PCS TECHNOLOGY LTD. investor relations
INE834D01018,Vipul Organics Limited,BSE,VIPULORG,,Vipul Organics Limited investor relations
INE834I01025,Khadim India Limited,"BSE, NSE",KHADIM,KHADIM,Khadim India Limited investor relations
INE834M01019,RATTANINDIA ENTERPRISES LIMITE,"BSE, NSE",RTNINDIA,RTNINDIA,RATTANINDIA ENTERPRISES LIMITE investor relations
INE835A01029,VARDHMAN POLYTEX LTD.,"BSE, NSE",VARDMNPOLY,VARDMNPOLY,VARDHMAN POLYTEX LTD. investor relations
INE835B01035,MOLD-TEK TECHNOLOGIES LTD.,"BSE, NSE",MOLDTECH,MOLDTECH,MOLD-TEK TECHNOLOGIES LTD. investor relations
INE835D01023,HIND RECTIFIERS LTD.,"BSE, NSE",HIRECT,HIRECT,HIND RECTIFIERS LTD. investor relations
INE835G01018,Alldigi Tech Limited,"BSE, NSE",ALLDIGI,ALLDIGI,Alldigi Tech Limited investor relations
INE835U01027,NEW LIGHT INDUSTRIES LIMITED,BSE,NEWLIGHT,,NEW LIGHT INDUSTRIES LIMITED investor relations
INE836A01035,BIRLASOFT LIMITED,"BSE, NSE",BSOFT,BSOFT,BIRLASOFT LIMITED investor relations
INE836B01017,SATIN CREDITCARE NETWORK LIMIT,"BSE, NSE",SATIN,SATIN,SATIN CREDITCARE NETWORK LIMIT investor relations
INE836C01015,FRUITION VENTURE LTD,BSE,FRUTION,,FRUITION VENTURE LTD investor relations
INE836F01026,DISH TV INDIA LTD.,"BSE, NSE",DISHTV,DISHTV,DISH TV INDIA LTD. investor relations
INE837B01031,WINSOME TEXTILE INDUSTRIES LTD,BSE,WINSOMTX,,WINSOME TEXTILE INDUSTRIES LTD investor relations
INE837C01013,QGO FINANCE LIMITED,BSE,QGO,,QGO FINANCE LIMITED investor relations
INE837H01020,Advanced Enzyme Technologies L,"BSE, NSE",ADVENZYMES,ADVENZYMES,Advanced Enzyme Technologies L investor relations
INE838B01021,BHARAT RASAYAN LTD.,"BSE, NSE",BHARATRAS,BHARATRAS,BHARAT RASAYAN LTD. investor relations
INE838C01011,SSPDL LTD.,BSE,SSPDL,,SSPDL LTD. investor relations
INE838E01017,PONNI SUGARS (ERODE) LTD.,"BSE, NSE",PONNIERODE,PONNIERODE,PONNI SUGARS (ERODE) LTD. investor relations
INE838Z01012,Palm Jewels Limited,BSE,PALMJEWELS,,Palm Jewels Limited investor relations
INE839A01021,BITS LTD.,BSE,BITS,,BITS LTD. investor relations
INE839E01023,ODYSSEY CORPORATION LTD.,BSE,ODYCORP,,ODYSSEY CORPORATION LTD. investor relations
INE839G01010,Jocil Limited,NSE,,JOCIL,Jocil Limited investor relations
INE839M01018,SCHNEIDER ELECTRIC INFRASTRUCT,"BSE, NSE",SCHNEIDER,SCHNEIDER,SCHNEIDER ELECTRIC INFRASTRUCT investor relations
INE840D01015,ALPINE HOUSING DEVELOPMENT COR,BSE,ALPINEHOU,,ALPINE HOUSING DEVELOPMENT COR investor relations
INE840M01016,ZUARI AGRO CHEMICALS LTD.,"BSE, NSE",ZUARI,ZUARI,ZUARI AGRO CHEMICALS LTD. investor relations
INE840Y01029,One Point One Solutions Limited,NSE,,ONEPOINT,One Point One Solutions Limited investor relations
INE841B01017,INDBANK MERCHANT BANKING SERVI,"BSE, NSE",INDBANK,INDBANK,INDBANK MERCHANT BANKING SERVI investor relations
INE841D01013,AMAL LTD.,BSE,AMAL,,AMAL LTD. investor relations
INE841L01016,DEE DEVELOPMENT ENGINEERS LIMI,"BSE, NSE",DEEDEV,DEEDEV,DEE DEVELOPMENT ENGINEERS LIMI investor relations
INE841Y01019,Jhandewalas Foods Limited,BSE,JFL,,Jhandewalas Foods Limited investor relations
INE842B01015,FORTIS MALAR HOSPITALS LIMITED,BSE,FORTISMLR,,FORTIS MALAR HOSPITALS LIMITED investor relations
INE842C01021,Minda Corporation Limited,"BSE, NSE",MINDACORP,MINDACORP,Minda Corporation Limited investor relations
INE842D01029,BHARAT AGRI FERT & REALTY LTD.,BSE,BHARATAGRI,,BHARAT AGRI FERT & REALTY LTD. investor relations
INE843B01013,MAHA RASHTRA APEX CORPORATION,"BSE, NSE",MAHAPEXLTD,MAHAPEXLTD,MAHA RASHTRA APEX CORPORATION investor relations
INE843D01027,DCM SHRIRAM INDUSTRIES LTD.,"BSE, NSE",DCMSRIND,DCMSRIND,DCM SHRIRAM INDUSTRIES LTD. investor relations
INE843F01014,TRICOM FRUIT PRODUCTS LIMITED,BSE,TRICOMFRU,,TRICOM FRUIT PRODUCTS LIMITED investor relations
INE843L01012,SUPERIOR INDUSTRIAL ENTERPRISE,BSE,SIEL,,SUPERIOR INDUSTRIAL ENTERPRISE investor relations
INE843S01025,Suraj Estate Developers Limite,"BSE, NSE",SURAJEST,SURAJEST,Suraj Estate Developers Limite investor relations
INE844A01013,PEARL POLYMERS LTD.,"BSE, NSE",PEARLPOLY,PEARLPOLY,PEARL POLYMERS LTD. investor relations
INE844C01027,MPIL CORPORATION LTD.,BSE,MPILCORPL,,MPIL CORPORATION LTD. investor relations
INE844D01017,Mitshi India Limited,BSE,MITSHI,,Mitshi India Limited investor relations
INE844K01012,BEDMUTHA INDUSTRIES LTD.,"BSE, NSE",BEDMUTHA,BEDMUTHA,BEDMUTHA INDUSTRIES LTD. investor relations
INE844O01030,Gujarat Gas Limited,"BSE, NSE",GUJGASLTD,GUJGASLTD,Gujarat Gas Limited investor relations
INE845B01018,LIPPI SYSTEMS LTD.,BSE,LIPPISYS,,LIPPI SYSTEMS LTD. investor relations
INE845D01014,GANESHA ECOSPHERE LTD.,"BSE, NSE",GANECOS,GANECOS,GANESHA ECOSPHERE LTD. investor relations
INE846D01012,LORDS CHLORO ALKALI LTD.,"BSE, NSE",LORDSCHLO,LORDSCHLO,LORDS CHLORO ALKALI LTD. investor relations
INE847C01020,ROSSELL INDIA LTD.,"BSE, NSE",ROSSELLIND,ROSSELLIND,ROSSELL INDIA LTD. investor relations
INE847D01010,SHREE PACETRONIX LTD.,BSE,SHREEPAC,,SHREE PACETRONIX LTD. investor relations
INE848A01014,IZMO Limited,"BSE, NSE",IZMO,IZMO,IZMO Limited investor relations
INE848B01012,SPECTRA INDUSTRIES LTD.,BSE,SPECTRA,,SPECTRA INDUSTRIES LTD. investor relations
INE848D01018,V.B.DESAI FINANCIAL SERVICES L,BSE,VBDESAI,,V.B.DESAI FINANCIAL SERVICES L investor relations
INE848E01016,NHPC LTD.,"BSE, NSE",NHPC,NHPC,NHPC LTD. investor relations
INE848M01019,MAPRO INDUSTRIES LTD.,BSE,MAPROIN,,MAPRO INDUSTRIES LTD. investor relations
INE849A01020,TRENT LTD.,"BSE, NSE",TRENT,TRENT,TRENT LTD. investor relations
INE849B01010,ACE SOFTWARE EXPORTS LTD.,BSE,ACESOFT,,ACE SOFTWARE EXPORTS LTD. investor relations
INE849C01026,SHALIMAR PAINTS LTD.,"BSE, NSE",SHALPAINTS,SHALPAINTS,SHALIMAR PAINTS LTD. investor relations
INE849L01019,Ortel Communications Limited,"BSE, NSE",ORTEL,ORTEL,Ortel Communications Limited investor relations
INE850B01026,ABM KNOWLEDGEWARE LTD.,BSE,ABMKNO,,ABM KNOWLEDGEWARE LTD. investor relations
INE850D01014,Godrej Agrovet Limited,"BSE, NSE",GODREJAGRO,GODREJAGRO,Godrej Agrovet Limited investor relations
INE850E01012,Lakshmi Finance & Industrial Corporation Limited,NSE,,LFIC,Lakshmi Finance & Industrial Corporation Limited investor relations
INE850M01015,Northern Arc Capital Ltd.,"BSE, NSE",NORTHARC,NORTHARC,Northern Arc Capital Ltd. investor relations
INE850R01014,Corporate Merchant Bankers Lim,BSE,CMBL,,Corporate Merchant Bankers Lim investor relations
INE851I01011,Updater Services Limited,"BSE, NSE",UDS,UDS,Updater Services Limited investor relations
INE852O01025,Aptus Value Housing Finance In,"BSE, NSE",APTUS,APTUS,Aptus Value Housing Finance In investor relations
INE854B01010,JAYASWAL NECO INDUSTRIES LTD.,"BSE, NSE",JAYNECOIND,JAYNECOIND,JAYASWAL NECO INDUSTRIES LTD. investor relations
INE854D01024,UNITED SPIRITS LTD.,"BSE, NSE",UNITDSPR,UNITDSPR,UNITED SPIRITS LTD. investor relations
INE854S01022,Generic Engineering Constructi,"BSE, NSE",GENCON,GENCON,Generic Engineering Constructi investor relations
INE855A01019,W.H.BRADY & CO.LTD.,BSE,WHBRADY,,W.H.BRADY & CO.LTD. investor relations
INE855B01025,RAIN INDUSTRIES LIMITED,"BSE, NSE",RAIN,RAIN,RAIN INDUSTRIES LIMITED investor relations
INE855C01023,WEBSOL ENERGY SYSTEM LTD.,"BSE, NSE",WEBELSOLAR,WEBELSOLAR,WEBSOL ENERGY SYSTEM LTD. investor relations
INE855F01042,BARTRONICS INDIA LTD.,"BSE, NSE",ASMS,ASMS,BARTRONICS INDIA LTD. investor relations
INE855R01021,Radiant Cash Management Servic,"BSE, NSE",RADIANTCMS,RADIANTCMS,Radiant Cash Management Servic investor relations
INE856A01017,BRADY & MORRIS ENGINEERING CO.,BSE,BRADYM,,BRADY & MORRIS ENGINEERING CO. investor relations
INE856B01023,SAVEN TECHNOLOGIES LTD.,BSE,7TEC,,SAVEN TECHNOLOGIES LTD. investor relations
INE856D01011,MADHUSUDAN SECURITIES LTD.,BSE,MADHUSE,,MADHUSUDAN SECURITIES LTD. investor relations
INE857P01021,SHIVAMSHREE BUSINESSES LIMITED,BSE,SBL,,SHIVAMSHREE BUSINESSES LIMITED investor relations
INE858B01029,ISGEC HEAVY ENGINEERING LTD.,"BSE, NSE",ISGEC,ISGEC,ISGEC HEAVY ENGINEERING LTD. investor relations
INE858F01012,NITCO LTD.,"BSE, NSE",NITCO,NITCO,NITCO LTD. investor relations
INE858L01010,Concord Drugs Limited,BSE,CONCORD,,Concord Drugs Limited investor relations
INE858Q01019,Medico Intercontinental Limite,BSE,MIL,,Medico Intercontinental Limite investor relations
INE859A01011,PNB GILTS LTD.,"BSE, NSE",PNBGILTS,PNBGILTS,PNB GILTS LTD. investor relations
INE859Q01017,Manaksia Aluminium Company Ltd,"BSE, NSE",MANAKALUCO,MANAKALUCO,Manaksia Aluminium Company Ltd investor relations
INE860A01027,HCL TECHNOLOGIES LTD.,"BSE, NSE",HCLTECH,HCLTECH,HCL TECHNOLOGIES LTD. investor relations
INE860D01013,SANJIVANI PARANTERAL LTD.,BSE,SANJIVIN,,SANJIVANI PARANTERAL LTD. investor relations
INE860E01011,OBJECTONE INFORMATION SYSTEMS,BSE,OONE,,OBJECTONE INFORMATION SYSTEMS investor relations
INE860T01019,Sab Events & Governance Now Me,"BSE, NSE",SABEVENTS,SABEVENTS,Sab Events & Governance Now Me investor relations
INE861B01023,MOTOR & GENERAL FINANCE LTD.,"BSE, NSE",MOTOGENFIN,MOTOGENFIN,MOTOR & GENERAL FINANCE LTD. investor relations
INE861D01011,SHALIBHADRA FINANCE LTD.,BSE,SAHLIBHFI,,SHALIBHADRA FINANCE LTD. investor relations
INE861E01019,Shyama Computronics and Servic,BSE,SHYAMACOMP,,Shyama Computronics and Servic investor relations
INE861H01020,Nitin Castings Limited,BSE,NITINCAST,,Nitin Castings Limited investor relations
INE861N01036,GENPHARMASEC LIMITED,BSE,GENPHARMA,,GENPHARMASEC LIMITED investor relations
INE862B01013,INDIAN ACRYLICS LTD.,BSE,INDIANACRY,,INDIAN ACRYLICS LTD. investor relations
INE862C01029,MUKAT PIPES LTD.,BSE,MUKATPIP,,MUKAT PIPES LTD. investor relations
INE862Y01015,Banka BioLoo Limited,NSE,,BANKA,Banka BioLoo Limited investor relations
INE863B01029,PREMIER EXPLOSIVES LTD.,"BSE, NSE",PREMEXPLN,PREMEXPLN,PREMIER EXPLOSIVES LTD. investor relations
INE863C01019,HITTCO TOOLS LTD.,BSE,HITTCO,,HITTCO TOOLS LTD. investor relations
INE863D01017,RANJIT SECURITIES LTD.,BSE,RANJITSE,,RANJIT SECURITIES LTD. investor relations
INE863I01016,BANG OVERSEAS LTD.,"BSE, NSE",BANG,BANG,BANG OVERSEAS LTD. investor relations
INE863T01013,JITF INFRALOGISTICS LIMITED,"BSE, NSE",JITFINFRA,JITFINFRA,JITF INFRALOGISTICS LIMITED investor relations
INE864D01015,RISHABH DIGHA STEEL & ALLIED P,BSE,RISHDIGA,,RISHABH DIGHA STEEL & ALLIED P investor relations
INE864E01021,Akar Auto Industries Limited,BSE,AAIL,,Akar Auto Industries Limited investor relations
INE864I01014,MTAR Technologies Limited,"BSE, NSE",MTARTECH,MTARTECH,MTAR Technologies Limited investor relations
INE864J01012,TAMBOLI INDUSTRIES LIMITED,BSE,TAMBOLIIN,,TAMBOLI INDUSTRIES LIMITED investor relations
INE864K01010,IRIS RegTech Solutions Limited,"BSE, NSE",IRIS,IRIS,IRIS RegTech Solutions Limited investor relations
INE864T01011,TIAAN CONSUMER LIMITED,BSE,TIAANC,,TIAAN CONSUMER LIMITED investor relations
INE864X01013,D.P. WIRES LIMITED,"BSE, NSE",DPWIRES,DPWIRES,D.P. WIRES LIMITED investor relations
INE865B01016,CHOKSI ASIA LIMITED,BSE,CHOKSI,,CHOKSI ASIA LIMITED investor relations
INE865C01022,ADITYA BIRLA MONEY LTD.,"BSE, NSE",BIRLAMONEY,BIRLAMONEY,ADITYA BIRLA MONEY LTD. investor relations
INE865D01012,JHAVERI CREDITS & CAPITAL LTD.,BSE,JHACC,,JHAVERI CREDITS & CAPITAL LTD. investor relations
INE865T01018,Pudumjee Paper Products Limite,"BSE, NSE",PDMJEPAPER,PDMJEPAPER,Pudumjee Paper Products Limite investor relations
INE866A01016,ECOBOARD INDUSTRIES LTD.,BSE,ECOBOAR,,ECOBOARD INDUSTRIES LTD. investor relations
INE866D01010,MARIS SPINNERS LTD.,BSE,MARIS,,MARIS SPINNERS LTD. investor relations
INE866K01023,INDOSOLAR LTD.,"BSE, NSE",WAAREEINDO,WAAREEINDO,INDOSOLAR LTD. investor relations
INE866R01028,Matrimony.com Limited,"BSE, NSE",MATRIMONY,MATRIMONY,Matrimony.com Limited investor relations
INE867A01022,MANUGRAPH INDIA LTD.,"BSE, NSE",MANUGRAPH,MANUGRAPH,MANUGRAPH INDIA LTD. investor relations
INE867C01010,ASM TECHNOLOGIES LTD.,BSE,ASMTEC,,ASM TECHNOLOGIES LTD. investor relations
INE867D01018,INDSIL HYDRO POWER AND MANGANE,BSE,INDSILHYD,,INDSIL HYDRO POWER AND MANGANE investor relations
INE868B01028,NCC LIMITED,"BSE, NSE",NCC,NCC,NCC LIMITED investor relations
INE868C01018,AHMEDABAD STEELCRAFT LTD.,BSE,AHMDSTE,,AHMEDABAD STEELCRAFT LTD. investor relations
INE868G01019,GAJANAN SECURITIES SERVICES LT,BSE,GAJANANSEC,,GAJANAN SECURITIES SERVICES LT investor relations
INE868X01014,The Yamuna Syndicate Ltd,BSE,YSL,,The Yamuna Syndicate Ltd investor relations
INE869A01010,NARMADA GELATINES LTD.,BSE,SHAWGELTIN,,NARMADA GELATINES LTD. investor relations
INE869I01013,GTPL Hathway Limited,"BSE, NSE",GTPL,GTPL,GTPL Hathway Limited investor relations
INE869Y01010,Tembo Global Industries Limited,NSE,,TEMBO,Tembo Global Industries Limited investor relations
INE870B01024,OK PLAY INDIA LTD.,BSE,OKPLA,,OK PLAY INDIA LTD. investor relations
INE870D01012,NATIONAL FERTILIZERS LTD.,"BSE, NSE",NFL,NFL,NATIONAL FERTILIZERS LTD. investor relations
INE870H01013,NETWORK18 MEDIA & INVESTMENTS,"BSE, NSE",NETWORK18,NETWORK18,NETWORK18 MEDIA & INVESTMENTS investor relations
INE870J01019,SILVER OAK (INDIA) LTD.,BSE,SILVOAK,,SILVER OAK (INDIA) LTD. investor relations
INE871C01038,AVANTI FEEDS LTD.,"BSE, NSE",AVANTIFEED,AVANTIFEED,AVANTI FEEDS LTD. investor relations
INE871H01011,GSS INFOTECH LTD.,"BSE, NSE",GSS,GSS,GSS INFOTECH LTD. investor relations
INE871K01015,HINDUSTAN MEDIA VENTURES LTD.,"BSE, NSE",HMVL,HMVL,HINDUSTAN MEDIA VENTURES LTD. investor relations
INE871L01013,TV VISION LIMITED,"BSE, NSE",TVVISION,TVVISION,TV VISION LIMITED investor relations
INE871Z20013,DR LALCHANDANI LABS LIMITED,BSE,DLCL-RE,,DR LALCHANDANI LABS LIMITED investor relations
INE872E01016,DELTON CABLES LTD.,BSE,DLTNCBL,,DELTON CABLES LTD. investor relations
INE872H01027,LUMAX AUTO TECHNOLOGIES LTD.,"BSE, NSE",LUMAXTECH,LUMAXTECH,LUMAX AUTO TECHNOLOGIES LTD. investor relations
INE872J01023,Devyani International Limited,"BSE, NSE",DEVYANI,DEVYANI,Devyani International Limited investor relations
INE873D01024,INDOCO REMEDIES LTD.,"BSE, NSE",INDOCO,INDOCO,INDOCO REMEDIES LTD. investor relations
INE874A01010,MKVENTURES CAPITAL LIMITED,BSE,MKVENTURES,,MKVENTURES CAPITAL LIMITED investor relations
INE874F01027,RADAAN MEDIAWORKS (I) LTD.,"BSE, NSE",RADAAN,RADAAN,RADAAN MEDIAWORKS (I) LTD. investor relations
INE874I01013,RAMKY INFRASTRUCTURE LTD.,"BSE, NSE",RAMKY,RAMKY,RAMKY INFRASTRUCTURE LTD. investor relations
INE875B01015,NIMBUS PROJECTS LTD.,BSE,NIMBSPROJ,,NIMBUS PROJECTS LTD. investor relations
INE875G01048,NANDAN DENIM LIMITED,"BSE, NSE",NDL,NDL,NANDAN DENIM LIMITED investor relations
INE875N01036,BANDARAM PHARMA PACKTECH LIMIT,BSE,BANDARAM,,BANDARAM PHARMA PACKTECH LIMIT investor relations
INE875R01011,Balkrishna Paper Mills Ltd.,"BSE, NSE",BALKRISHNA,BALKRISHNA,Balkrishna Paper Mills Ltd. investor relations
INE876A01023,OASIS SECURITIES LTD.,BSE,OASISEC,,OASIS SECURITIES LTD. investor relations
INE876E01033,NIHAR INFO GLOBAL LTD.,BSE,NIHARINF,,NIHAR INFO GLOBAL LTD. investor relations
INE876N01018,ORIENT CEMENT LTD,"BSE, NSE",ORIENTCEM,ORIENTCEM,ORIENT CEMENT LTD investor relations
INE876S01017,Loyal Equipments Limited,BSE,LOYAL,,Loyal Equipments Limited investor relations
INE877E01015,GUJARAT INTRUX LTD.,BSE,GUJINTRX,,GUJARAT INTRUX LTD. investor relations
INE877F01012,PTC INDIA LTD.,"BSE, NSE",PTC,PTC,PTC INDIA LTD. investor relations
INE877I01016,ARCHIDPLY INDUSTRIES LTD.,"BSE, NSE",ARCHIDPLY,ARCHIDPLY,ARCHIDPLY INDUSTRIES LTD. investor relations
INE877V01027,SURAKSHA DIAGNOSTIC LIMITED,"BSE, NSE",SURAKSHA,SURAKSHA,SURAKSHA DIAGNOSTIC LIMITED investor relations
INE878A01011,GE Power India Ltd,"BSE, NSE",GVPIL,GVPIL,GE Power India Ltd investor relations
INE878B01027,KEI INDUSTRIES LTD.,"BSE, NSE",KEI,KEI,KEI INDUSTRIES LTD. investor relations
INE878E01021,SETCO AUTOMOTIVE LTD.,"BSE, NSE",SETCO,SETCO,SETCO AUTOMOTIVE LTD. investor relations
INE878H01024,INVENTURE GROWTH & SECURITIES,"BSE, NSE",INVENTURE,INVENTURE,INVENTURE GROWTH & SECURITIES investor relations
INE878I01022,BAFNA PHARMACEUTICALS LTD.,"BSE, NSE",BAFNAPH,BAFNAPH,BAFNA PHARMACEUTICALS LTD. investor relations
INE878K01010,BF INVESTMENT LTD.,"BSE, NSE",BFINVEST,BFINVEST,BF INVESTMENT LTD. investor relations
INE878P01019,Vistar Amar Limited,BSE,VISTARAMAR,,Vistar Amar Limited investor relations
INE879A01019,SHREE RAMA MULTI-TECH LTD.,"BSE, NSE",SHREERAMA,SHREERAMA,SHREE RAMA MULTI-TECH LTD. investor relations
INE879E01037,KANANI INDUSTRIES LTD.,"BSE, NSE",KANANIIND,KANANIIND,KANANI INDUSTRIES LTD. investor relations
INE879I01012,VALOR ESTATE LIMITED,"BSE, NSE",DBREALTY,DBREALTY,VALOR ESTATE LIMITED investor relations
INE879K01018,KMC SPECIALITY HOSPITALS (INDI,BSE,KMCSHIL,,KMC SPECIALITY HOSPITALS (INDI investor relations
INE880B01015,ANSAL HOUSING LIMITED,BSE,ANSALHSG,,ANSAL HOUSING LIMITED investor relations
INE880J01026,JSW Infrastructure Limited,"BSE, NSE",JSWINFRA,JSWINFRA,JSW Infrastructure Limited investor relations
INE880L01014,KIOCL Limited,"BSE, NSE",KIOCL,KIOCL,KIOCL Limited investor relations
INE880Y01017,Solex Energy Limited,NSE,,SOLEX,Solex Energy Limited investor relations
INE881A01015,KOBO BIOTECH LIMITED,BSE,KOBO,,KOBO BIOTECH LIMITED investor relations
INE881B01054,SUPERTEX INDUSTRIES LTD.,BSE,SUPERTEX,,SUPERTEX INDUSTRIES LTD. investor relations
INE881D01027,ORACLE FINANCIAL SERVICES SOFT,"BSE, NSE",OFSS,OFSS,ORACLE FINANCIAL SERVICES SOFT investor relations
INE881E01017,KELTECH ENERGIES LTD.,BSE,KELENRG,,KELTECH ENERGIES LTD. investor relations
INE882A01013,MARAL OVERSEAS LTD.,"BSE, NSE",MARALOVER,MARALOVER,MARAL OVERSEAS LTD. investor relations
INE882B01037,INTEGRATED INDUSTRIES LIMITED,BSE,IIL,,INTEGRATED INDUSTRIES LIMITED investor relations
INE882C01035,VEERHEALTH CARE LIMITED,BSE,VEERHEALTH,,VEERHEALTH CARE LIMITED investor relations
INE882D01017,SPICE ISLANDS INDUSTRIES LIMIT,BSE,SPICEISLIN,,SPICE ISLANDS INDUSTRIES LIMIT investor relations
INE883A01011,MRF LTD.,"BSE, NSE",MRF,MRF,MRF LTD. investor relations
INE883B01027,ALFAVISION OVERSEAS (INDIA) LT,BSE,ALFAVIO,,ALFAVISION OVERSEAS (INDIA) LT investor relations
INE883C01025,PACIFIC INDUSTRIES LTD.,BSE,PACIFICI,,PACIFIC INDUSTRIES LTD. investor relations
INE883D01023,KBS INDIA LIMITED,BSE,KBSINDIA,,KBS INDIA LIMITED investor relations
INE883F01010,Aadhar Housing Finance Limited,"BSE, NSE",AADHARHFC,AADHARHFC,Aadhar Housing Finance Limited investor relations
INE883N01014,Parag Milk Foods Limited,"BSE, NSE",PARAGMILK,PARAGMILK,Parag Milk Foods Limited investor relations
INE884A01027,VAIBHAV GLOBAL LTD,"BSE, NSE",VAIBHAVGBL,VAIBHAVGBL,VAIBHAV GLOBAL LTD investor relations
INE884B01025,KIRLOSKAR FERROUS INDUSTRIES L,BSE,KIRLFER,,KIRLOSKAR FERROUS INDUSTRIES L investor relations
INE885A01032,Amara Raja Energy & Mobility L,"BSE, NSE",ARE&M,ARE&M,Amara Raja Energy & Mobility L investor relations
INE885B01014,ARTEFACT PROJECTS LTD.,BSE,ARTEFACT,,ARTEFACT PROJECTS LTD. investor relations
INE885E01042,MAZDA LTD.,"BSE, NSE",MAZDA,MAZDA,MAZDA LTD. investor relations
INE885F01015,Mask Investments Limited,NSE,,MASKINVEST,Mask Investments Limited investor relations
INE885H01029,Sportking India Ltd.,"BSE, NSE",SPORTKING,SPORTKING,Sportking India Ltd. investor relations
INE886A01014,INDUSTRIAL INVESTMENT TRUST LT,"BSE, NSE",IITL,IITL,INDUSTRIAL INVESTMENT TRUST LT investor relations
INE886B01012,SUMEDHA FISCAL SERVICES LTD.,BSE,SUMEDHA,,SUMEDHA FISCAL SERVICES LTD. investor relations
INE886D01026,EFC (I) LIMITED,"BSE, NSE",EFCIL,EFCIL,EFC (I) LIMITED investor relations
INE887D01016,TCC CONCEPT LIMITED,BSE,TCC,,TCC CONCEPT LIMITED investor relations
INE887E01022,NGL FINE-CHEM LTD.,"BSE, NSE",NGLFINE,NGLFINE,NGL FINE-CHEM LTD. investor relations
INE887G01027,GOKALDAS EXPORTS LTD.,"BSE, NSE",GOKEX,GOKEX,GOKALDAS EXPORTS LTD. investor relations
INE888C01040,SADHANA NITROCHEM LTD.,"BSE, NSE",SADHNANIQ,SADHNANIQ,SADHANA NITROCHEM LTD. investor relations
INE889F01017,CHENNAI MEENAKSHI MULTISPECIAL,BSE,CMMHOSP,,CHENNAI MEENAKSHI MULTISPECIAL investor relations
INE890B01014,UPSURGE INVESTMENT & FINANCE L,BSE,UPSURGE,,UPSURGE INVESTMENT & FINANCE L investor relations
INE890C01046,SANWARIA CONSUMER LIMITED,"BSE, NSE",SANWARIA,SANWARIA,SANWARIA CONSUMER LIMITED investor relations
INE890G01047,UNITED VAN DER HORST LTD.,BSE,UVDRHOR,,UNITED VAN DER HORST LTD. investor relations
INE890N01027,JULIEN AGRO INFRATECH LIMITED,BSE,JULIEN,,JULIEN AGRO INFRATECH LIMITED investor relations
INE890S01026,GAMCO LIMITED,BSE,GAMCO,,GAMCO LIMITED investor relations
INE891B01012,DCM FINANCIAL SERVICES LTD.,"BSE, NSE",DCMFINSERV,DCMFINSERV,DCM FINANCIAL SERVICES LTD. investor relations
INE891D01026,Redington Limited,"BSE, NSE",REDINGTON,REDINGTON,Redington Limited investor relations
INE891G01011,LIME CHEMICALS LTD.,BSE,LIMECHM,,LIME CHEMICALS LTD. investor relations
INE891N01017,KAIZEN AGRO INFRABUILD LIMITED,BSE,KAIZENAGRO,,KAIZEN AGRO INFRABUILD LIMITED investor relations
INE892C01018,Scintilla Commercial & Credit,BSE,SCC,,Scintilla Commercial & Credit investor relations
INE892L01019,SHANTI GURU INDUSTRIES LIMITED,BSE,SHANTIGURU,,SHANTI GURU INDUSTRIES LIMITED investor relations
INE893A01036,BABA ARTS LTD.,BSE,BABA,,BABA ARTS LTD. investor relations
INE893C01032,BHARAT GLOBAL DEVELOPERS LIMIT,BSE,BGDL,,BHARAT GLOBAL DEVELOPERS LIMIT investor relations
INE893I01013,VASCON ENGINEERS LTD,"BSE, NSE",VASCONEQ,VASCONEQ,VASCON ENGINEERS LTD investor relations
INE893J01029,MOLD-TEK PACKAGING LIMITED,"BSE, NSE",MOLDTKPAC,MOLDTKPAC,MOLD-TEK PACKAGING LIMITED investor relations
INE894A01026,ASHIRWAD CAPITAL LTD.,BSE,ASHCAP,,ASHIRWAD CAPITAL LTD. investor relations
INE894E01028,Salem Erode Investments Ltd.,BSE,SALEM,,Salem Erode Investments Ltd. investor relations
INE894J01019,NEERAJ PAPER MARKETING LIMITED,BSE,NEERAJ,,NEERAJ PAPER MARKETING LIMITED investor relations
INE894V01022,BELRISE INDUSTRIES LIMITED,"BSE, NSE",BELRISE,BELRISE,BELRISE INDUSTRIES LIMITED investor relations
INE895A01023,SWASTI VINAYAKA ART AND HERITA,BSE,SVARTCORP,,SWASTI VINAYAKA ART AND HERITA investor relations
INE895B01021,RUPA & COMPANY LTD.,"BSE, NSE",RUPA,RUPA,RUPA & COMPANY LTD. investor relations
INE895E01017,SC Agrotech Limited,BSE,SCAGRO,,SC Agrotech Limited investor relations
INE895W01019,Panache Digilife Limited,NSE,,PANACHE,Panache Digilife Limited investor relations
INE896D01017,NATIONAL PLASTIC TECHNOLOGIES,BSE,NATPLASTI,,NATIONAL PLASTIC TECHNOLOGIES investor relations
INE896J01014,SANMITRA COMMERCIAL LTD.,BSE,ZSANMCOM,,SANMITRA COMMERCIAL LTD. investor relations
INE896L01010,IndoStar Capital Finance Limit,"BSE, NSE",INDOSTAR,INDOSTAR,IndoStar Capital Finance Limit investor relations
INE897A01011,SUPER BAKERS (INDIA) LTD.,BSE,SUPERBAK,,SUPER BAKERS (INDIA) LTD. investor relations
INE897N01014,Avi Polymers Ltd.,BSE,AVI,,Avi Polymers Ltd. investor relations
INE898E01011,MAGNUS STEEL AND INFRA LIMITED,BSE,MAGNUS,,MAGNUS STEEL AND INFRA LIMITED investor relations
INE898Q01015,Meghna Infracon Infrastructure,BSE,MIIL,,Meghna Infracon Infrastructure investor relations
INE898S01029,Aurum PropTech Limited,"BSE, NSE",AURUM,AURUM,Aurum PropTech Limited investor relations
INE899B01015,BRAWN BIOTECH LTD.,BSE,BRAWN,,BRAWN BIOTECH LTD. investor relations
INE899D01011,DHARANI FINANCE LTD.,BSE,DHARFIN,,DHARANI FINANCE LTD. investor relations
INE899L01030,UJAAS ENERGY LIMITED,"BSE, NSE",UEL,UEL,UJAAS ENERGY LIMITED investor relations
INE899M01020,COVIDH,BSE,COVIDH,,COVIDH investor relations
INE900A01013,Bharat Bhushan Finance & Commo,BSE,BHARAT,,Bharat Bhushan Finance & Commo investor relations
INE900B01029,KABRA EXTRUSIONTECHNIK LTD.,"BSE, NSE",KABRAEXTRU,KABRAEXTRU,KABRA EXTRUSIONTECHNIK LTD. investor relations
INE900C01027,AUTOMOTIVE STAMPINGS & ASSEMBL,"BSE, NSE",ASAL,ASAL,AUTOMOTIVE STAMPINGS & ASSEMBL investor relations
INE900E01015,ADVANCE LIFESTYLES LTD.,BSE,ADVLIFE,,ADVANCE LIFESTYLES LTD. investor relations
INE900L01010,Madhya Bharat Agro Products Limited,NSE,,MBAPL,Madhya Bharat Agro Products Limited investor relations
INE900O01014,ENCODE PACKAGING INDIA LIMITED,BSE,ENCODE,,ENCODE PACKAGING INDIA LIMITED investor relations
INE901C01017,THIRANI PROJECTS LTD,BSE,TPROJECT,,THIRANI PROJECTS LTD investor relations
INE901L01018,ALEMBIC PHARMACEUTICALS LTD.,"BSE, NSE",APLLTD,APLLTD,ALEMBIC PHARMACEUTICALS LTD. investor relations
INE902B01017,S&S POWER SWITCHGEAR LTD.,"BSE, NSE",S&SPOWER,S&SPOWER,S&S POWER SWITCHGEAR LTD. investor relations
INE902C01015,MORGAN VENTURES LTD.,BSE,MORGAN,,MORGAN VENTURES LTD. investor relations
INE902D01013,KIFS FINANCIAL SERVICES LTD.,BSE,KIFS,,KIFS FINANCIAL SERVICES LTD. investor relations
INE902G01016,KG PETROCHEM LTD.,BSE,KGPETRO,,KG PETROCHEM LTD. investor relations
INE903A01025,Jaykay Enterprises Limited,"BSE, NSE",JAYKAY,JAYKAY,Jaykay Enterprises Limited investor relations
INE903D01011,Monarch Networth Capital Limit,"BSE, NSE",MONARCH,MONARCH,Monarch Networth Capital Limit investor relations
INE903U01023,SIGNATUREGLOBAL (INDIA) LIMITE,"BSE, NSE",SIGNATURE,SIGNATURE,SIGNATUREGLOBAL (INDIA) LIMITE investor relations
INE904R01027,UR SUGAR INDUSTRIES LIMITED,BSE,URSUGAR,,UR SUGAR INDUSTRIES LIMITED investor relations
INE905B01010,WOMEN NETWORKS LTD.,BSE,WOMENNET,,WOMEN NETWORKS LTD. investor relations
INE905P01028,B.C. POWER CONTROLS LTD,BSE,BCP,,B.C. POWER CONTROLS LTD investor relations
INE905R01016,PURPLE AGROTECH INDUSTRIES LIM,BSE,PURPLE,,PURPLE AGROTECH INDUSTRIES LIM investor relations
INE906C01016,TARAI FOODS LTD.,BSE,TARAI,,TARAI FOODS LTD. investor relations
INE906D01014,CITADEL REALTY AND DEVELOPERS,BSE,CITADEL,,CITADEL REALTY AND DEVELOPERS investor relations
INE906L01025,EKAM LEASING & FINANCE CO.LTD.,BSE,EKAMLEA,,EKAM LEASING & FINANCE CO.LTD. investor relations
INE906O01029,TIGER LOGISTICS (INDIA) LTD,"BSE, NSE",TIGERLOGS,TIGERLOGS,TIGER LOGISTICS (INDIA) LTD investor relations
INE906Y01028,Galactico Corporate Services L,BSE,GALACTICO,,Galactico Corporate Services L investor relations
INE907A01026,KALYANI STEELS LTD.,"BSE, NSE",KSL,KSL,KALYANI STEELS LTD. investor relations
INE907E01010,DECO-MICA LTD.,BSE,DECOMIC,,DECO-MICA LTD. investor relations
INE908D01010,SHAKTI PUMPS (INDIA) LTD.,"BSE, NSE",SHAKTIPUMP,SHAKTIPUMP,SHAKTI PUMPS (INDIA) LTD. investor relations
INE908V01012,Libas Consumer Products Limited,NSE,,LIBAS,Libas Consumer Products Limited investor relations
INE909B01020,PASUPATI SPG.& WVG.MILLS LTD.,BSE,PASUSPG,,PASUPATI SPG.& WVG.MILLS LTD. investor relations
INE909D01026,SHARP INVESTMENTS LTD,BSE,SHARPINV,,SHARP INVESTMENTS LTD investor relations
INE910A01012,NIRLON LTD.,BSE,NIRLON,,NIRLON LTD. investor relations
INE910B01028,OTCO INTERNATIONAL LTD.,BSE,OTCO,,OTCO INTERNATIONAL LTD. investor relations
INE910C01018,TTK HEALTHCARE LTD.,"BSE, NSE",TTKHLTCARE,TTKHLTCARE,TTK HEALTHCARE LTD. investor relations
INE910D01024,BOMBAY TALKIES LIMITED,BSE,BOMTALKIES,,BOMBAY TALKIES LIMITED investor relations
INE910G01027,MUNOTH CAPITAL MARKET LTD.,BSE,MUNCAPM,,MUNOTH CAPITAL MARKET LTD. investor relations
INE910R01024,GTV Engineering Limited,BSE,GTV,,GTV Engineering Limited investor relations
INE911B01018,TCI FINANCE LTD.,"BSE, NSE",TCIFINANCE,TCIFINANCE,TCI FINANCE LTD. investor relations
INE911T01010,Kranti Industries Limited,BSE,KRANTI,,Kranti Industries Limited investor relations
INE911Z01025,A-1 LIMITED,BSE,A1L,,A-1 LIMITED investor relations
INE912B01032,GOYAL ASSOCIATES LTD.,BSE,GOYALASS,,GOYAL ASSOCIATES LTD. investor relations
INE912H01013,MBL Infrastructure Ltd,"BSE, NSE",MBLINFRA,MBLINFRA,MBL Infrastructure Ltd investor relations
INE912L01015,Onelife Capital Advisors Limited,NSE,,ONELIFECAP,Onelife Capital Advisors Limited investor relations
INE912T01018,RAGHAV PRODUCTIVITY ENHANCERS,"BSE, NSE",RPEL,RPEL,RAGHAV PRODUCTIVITY ENHANCERS investor relations
INE913H01037,Endurance Technologies Limited,"BSE, NSE",ENDURANCE,ENDURANCE,Endurance Technologies Limited investor relations
INE914B01012,SHREE METALLOYS LTD.,BSE,SHREMETAL,,SHREE METALLOYS LTD. investor relations
INE914E01040,ALANKIT,"BSE, NSE",ALANKIT,ALANKIT,ALANKIT investor relations
INE914G01029,Polyspin Exports Ltd.,BSE,POLYSPIN,,Polyspin Exports Ltd. investor relations
INE914M01019,Aster DM Healthcare Limited,"BSE, NSE",ASTERDM,ASTERDM,Aster DM Healthcare Limited investor relations
INE915B01019,IND-SWIFT LABORATORIES LTD.,"BSE, NSE",INDSWFTLAB,INDSWFTLAB,IND-SWIFT LABORATORIES LTD. investor relations
INE916G01016,GeeCee Ventures Limited,NSE,,GEECEE,GeeCee Ventures Limited investor relations
INE916P01025,TRIVENI ENTERPRISES LTD,BSE,TRIVENIENT,,TRIVENI ENTERPRISES LTD investor relations
INE916U01025,Sheela Foam Limited,"BSE, NSE",SFL,SFL,Sheela Foam Limited investor relations
INE916Y01027,Akme Fintrade (India) Limited,"BSE, NSE",AFIL,AFIL,Akme Fintrade (India) Limited investor relations
INE917H01012,SREE RAYALASEEMA HI-STRENGTH H,"BSE, NSE",SRHHYPOLTD,SRHHYPOLTD,SREE RAYALASEEMA HI-STRENGTH H investor relations
INE917I01010,BAJAJ AUTO LTD.,"BSE, NSE",BAJAJ-AUTO,BAJAJ-AUTO,BAJAJ AUTO LTD. investor relations
INE917M01012,Dilip Buildcon Limited,"BSE, NSE",DBL,DBL,Dilip Buildcon Limited investor relations
INE918C01029,Gilada Finance & Investments L,BSE,GILADAFINS,,Gilada Finance & Investments L investor relations
INE918I01026,BAJAJ FINSERV LTD.,"BSE, NSE",BAJAJFINSV,BAJAJFINSV,BAJAJ FINSERV LTD. investor relations
INE918N01018,VETO SWITCHGEARS AND CABLES LI,"BSE, NSE",VETO,VETO,VETO SWITCHGEARS AND CABLES LI investor relations
INE918Z01012,KAYNES TECHNOLOGY INDIA LIMITE,"BSE, NSE",KAYNES,KAYNES,KAYNES TECHNOLOGY INDIA LIMITE investor relations
INE919B01011,LAFFANS PETROCHEMICALS LTD.,BSE,LAFFANSQ,,LAFFANS PETROCHEMICALS LTD. investor relations
INE919C01019,JETKING INFOTRAIN LTD.,BSE,JETKINGQ,,JETKING INFOTRAIN LTD. investor relations
INE919H01018,INDIAN METALS & FERRO ALLOYS L,"BSE, NSE",IMFA,IMFA,INDIAN METALS & FERRO ALLOYS L investor relations
INE919I01024,Music Broadcast Limited,"BSE, NSE",RADIOCITY,RADIOCITY,Music Broadcast Limited investor relations
INE919T01013,JINDAL LEASEFIN LIMITED,BSE,JLL,,JINDAL LEASEFIN LIMITED investor relations
INE920A01037,DOLPHIN OFFSHORE ENTERPRISES (,"BSE, NSE",DOLPHIN,DOLPHIN,DOLPHIN OFFSHORE ENTERPRISES ( investor relations
INE920B01019,TCI INDUSTRIES LTD.,BSE,TCIIND,,TCI INDUSTRIES LTD. investor relations
INE920C01017,NTC INDUSTRIES LTD.,BSE,NTCIND,,NTC INDUSTRIES LTD. investor relations
INE921B01025,DB (INTERNATIONAL) STOCK BROKE,"BSE, NSE",DBSTOCKBRO,DBSTOCKBRO,DB (INTERNATIONAL) STOCK BROKE investor relations
INE921D01013,BAMBINO AGRO INDUSTRIES LTD.,BSE,BAMBINO,,BAMBINO AGRO INDUSTRIES LTD. investor relations
INE922A01025,BHANSALI ENGINEERING POLYMERS,"BSE, NSE",BEPL,BEPL,BHANSALI ENGINEERING POLYMERS investor relations
INE922B01023,PANACEA BIOTEC LTD.,"BSE, NSE",PANACEABIO,PANACEABIO,PANACEA BIOTEC LTD. investor relations
INE922K01024,India Shelter Finance Corporat,"BSE, NSE",INDIASHLTR,INDIASHLTR,India Shelter Finance Corporat investor relations
INE923A01015,SIL INVESTMENTS LTD.,"BSE, NSE",SILINV,SILINV,SIL INVESTMENTS LTD. investor relations
INE923C01011,COLINZ LABORATORIES LTD.,BSE,COLINZ,,COLINZ LABORATORIES LTD. investor relations
INE923K01014,VSF PROJECTS LTD.,BSE,VSFPROJ,,VSF PROJECTS LTD. investor relations
INE923Y01023,Kenvi Jewels Limited,BSE,KENVI,,Kenvi Jewels Limited investor relations
INE924B01011,AMCO INDIA LTD.,BSE,AMCOIND,,AMCO INDIA LTD. investor relations
INE924D01017,THE INVESTMENT TRUST OF INDIA,"BSE, NSE",THEINVEST,THEINVEST,THE INVESTMENT TRUST OF INDIA investor relations
INE924H01018,TARMAT LTD.,"BSE, NSE",TARMAT,TARMAT,TARMAT LTD. investor relations
INE924N01024,BLUEGOD ENTERTAINMENT LIMITED,BSE,BLUEGOD,,BLUEGOD ENTERTAINMENT LIMITED investor relations
INE925C01016,MADHAV MARBLES & GRANITES LTD.,"BSE, NSE",MADHAV,MADHAV,MADHAV MARBLES & GRANITES LTD. investor relations
INE925D01014,GARWARE MARINE INDUSTRIES LTD.,BSE,GARWAMAR,,GARWARE MARINE INDUSTRIES LTD. investor relations
INE925Q01024,ECS Biztech Limited,BSE,ECS,,ECS Biztech Limited investor relations
INE925R01014,CMS Info Systems Limited,"BSE, NSE",CMSINFO,CMSINFO,CMS Info Systems Limited investor relations
INE925Y01036,Auri Grow India Limited,NSE,,AURIGROW,Auri Grow India Limited investor relations
INE926B01016,GRAND OAK CANYONS DISTILLERY L,BSE,GRANDOAK,,GRAND OAK CANYONS DISTILLERY L investor relations
INE926C01022,NIKHIL ADHESIVES LTD.,BSE,NIKHILAD,,NIKHIL ADHESIVES LTD. investor relations
INE926K01017,ASIAN HOTELS (EAST) LTD.,"BSE, NSE",AHLEAST,AHLEAST,ASIAN HOTELS (EAST) LTD. investor relations
INE926R01012,UNIFINZ CAPITAL INDIA LIMITED,BSE,UCIL,,UNIFINZ CAPITAL INDIA LIMITED investor relations
INE926X01010,H.G. Infra Engineering Limited,"BSE, NSE",HGINFRA,HGINFRA,H.G. Infra Engineering Limited investor relations
INE927A01040,ROLLATAINERS LTD.,"BSE, NSE",ROLLT,ROLLT,ROLLATAINERS LTD. investor relations
INE927C01020,DIGISPICE TECHNOLOGIES LIMITED,"BSE, NSE",DIGISPICE,DIGISPICE,DIGISPICE TECHNOLOGIES LIMITED investor relations
INE927D01051,JBM AUTO LTD.,"BSE, NSE",JBMA,JBMA,JBM AUTO LTD. investor relations
INE927K01023,BARODA EXTRUSION LTD.,BSE,BAROEXT,,BARODA EXTRUSION LTD. investor relations
INE927M01029,GRANDMA TRADING & AGENCIES LTD,BSE,GRANDMA,,GRANDMA TRADING & AGENCIES LTD investor relations
INE927X01018,ELCID INVESTMENTS LTD.,BSE,ELCIDIN,,ELCID INVESTMENTS LTD. investor relations
INE928C01010,DAI-ICHI KARKARIA LTD.,BSE,DAICHI,,DAI-ICHI KARKARIA LTD. investor relations
INE928H01019,HARYANA CAPFIN LTD.,BSE,HARYNACAP,,HARYANA CAPFIN LTD. investor relations
INE929D01016,Rajasthan Cylinders & Containe,BSE,RCCL,,Rajasthan Cylinders & Containe investor relations
INE929K01011,UNITECH INTERNATIONAL LTD.,BSE,UNITINT,,UNITECH INTERNATIONAL LTD. investor relations
INE930A01010,HEMANG RESOURCES LIMITED,BSE,HEMANG,,HEMANG RESOURCES LIMITED investor relations
INE930H01031,K.P.R.MILL LIMITED,"BSE, NSE",KPRMILL,KPRMILL,K.P.R.MILL LIMITED investor relations
INE930P01018,Anupam Rasayan India Limited,"BSE, NSE",ANURAS,ANURAS,Anupam Rasayan India Limited investor relations
INE931B01016,HOWARD HOTELS LTD.,BSE,HOWARHO,,HOWARD HOTELS LTD. investor relations
INE931D01020,SAMTEX FASHIONS LTD.,BSE,SAMTEX,,SAMTEX FASHIONS LTD. investor relations
INE931S01010,Adani Energy Solutions Limited,"BSE, NSE",ADANIENSOL,ADANIENSOL,Adani Energy Solutions Limited investor relations
INE931X01010,Captain Technocast Limited,BSE,CTCL,,Captain Technocast Limited investor relations
INE932A01024,PENNAR INDUSTRIES LTD.,"BSE, NSE",PENIND,PENIND,PENNAR INDUSTRIES LTD. investor relations
INE932C01012,TOKYO PLAST INTERNATIONAL LTD.,"BSE, NSE",TOKYOPLAST,TOKYOPLAST,TOKYO PLAST INTERNATIONAL LTD. investor relations
INE932D01010,DUROPLY INDUSTRIES LIMITED,BSE,DUROPLY,,DUROPLY INDUSTRIES LIMITED investor relations
INE932F01015,EPIC ENERGY LTD.,BSE,EPIC,,EPIC ENERGY LTD. investor relations
INE932K01015,VMS INDUSTRIES LTD.,BSE,VMS,,VMS INDUSTRIES LTD. investor relations
INE932X01026,Share India Securities Limited,"BSE, NSE",SHAREINDIA,SHAREINDIA,Share India Securities Limited investor relations
INE933A01014,LYKA LABS LTD.,"BSE, NSE",LYKALABS,LYKALABS,LYKA LABS LTD. investor relations
INE933B01012,MEGASOFT LTD.,"BSE, NSE",MEGASOFT,SIGMAADV,MEGASOFT LTD. investor relations
INE933K01021,BAJAJ CONSUMER CARE LIMITED,"BSE, NSE",BAJAJCON,BAJAJCON,BAJAJ CONSUMER CARE LIMITED investor relations
INE933S01016,IndiaMART InterMESH Limited,"BSE, NSE",INDIAMART,INDIAMART,IndiaMART InterMESH Limited investor relations
INE933X01016,Shanti Overseas (India) Limited,NSE,,SHANTI,Shanti Overseas (India) Limited investor relations
INE934A01012,INTEGRATED HITECH LTD.,BSE,INTEGHIT,,INTEGRATED HITECH LTD. investor relations
INE934C01018,DR.AGARWALS EYE HOSPITAL LTD.,BSE,DRAGARWQ,,DR.AGARWALS EYE HOSPITAL LTD. investor relations
INE934S01014,G N A Axles Limited,"BSE, NSE",GNA,GNA,G N A Axles Limited investor relations
INE935A01035,GLENMARK PHARMACEUTICALS LTD.,"BSE, NSE",GLENMARK,GLENMARK,GLENMARK PHARMACEUTICALS LTD. investor relations
INE935B01025,MOSCHIP TECHNOLOGIES LIMITED,"BSE, NSE",MOSCHIP,MOSCHIP,MOSCHIP TECHNOLOGIES LIMITED investor relations
INE935D01013,Indus Finance Limited,BSE,INDUSFINL,,Indus Finance Limited investor relations
INE935N01020,Dixon Technologies (India) Lim,"BSE, NSE",DIXON,DIXON,Dixon Technologies (India) Lim investor relations
INE936A01025,Surat Trade and Mercantile Lim,BSE,SURATRAML,,Surat Trade and Mercantile Lim investor relations
INE936B01015,NATURAL CAPSULES LTD.,"BSE, NSE",NATCAPSUQ,NATCAPSUQ,NATURAL CAPSULES LTD. investor relations
INE937A01023,SPML INFRA LIMITED,"BSE, NSE",SPMLINFRA,SPMLINFRA,SPML INFRA LIMITED investor relations
INE937C01029,NILA INFRASTRUCTURES LTD.,"BSE, NSE",NILAINFRA,NILAINFRA,NILA INFRASTRUCTURES LTD. investor relations
INE937K01014,Econo Trade (India) Limited,BSE,ETIL,,Econo Trade (India) Limited investor relations
INE938A01021,LCC INFOTECH LTD.,"BSE, NSE",LCCINFOTEC,LCCINFOTEC,LCC INFOTECH LTD. investor relations
INE938C01019,LAKSHMI MILLS COMPANY LTD.,BSE,LAKSHMIMIL,,LAKSHMI MILLS COMPANY LTD. investor relations
INE939A01011,STRIDES PHARMA SCIENCE LIMITED,"BSE, NSE",STAR,STAR,STRIDES PHARMA SCIENCE LIMITED investor relations
INE939X01013,Manba Finance Limited,"BSE, NSE",MANBA,MANBA,Manba Finance Limited investor relations
INE940E01011,EURO LEDER FASHION LTD.,BSE,EUROLED,,EURO LEDER FASHION LTD. investor relations
INE940H01022,PEARL GLOBAL INDUSTRIES LIMITE,"BSE, NSE",PGIL,PGIL,PEARL GLOBAL INDUSTRIES LIMITE investor relations
INE940N01012,PREMIER SYNTHETICS LTD.,BSE,PREMSYN,,PREMIER SYNTHETICS LTD. investor relations
INE942C01045,GUJARAT THEMIS BIOSYN LTD.,"BSE, NSE",GUJTHEM,GUJTHEM,GUJARAT THEMIS BIOSYN LTD. investor relations
INE942G01012,MCLEOD RUSSEL INDIA LTD.,"BSE, NSE",MCLEODRUSS,MCLEODRUSS,MCLEOD RUSSEL INDIA LTD. investor relations
INE943D01017,MPS LTD.,"BSE, NSE",MPSLTD,MPSLTD,MPS LTD. investor relations
INE943P01029,Dr. Agarwal's Health Care Limi,"BSE, NSE",AGARWALEYE,AGARWALEYE,Dr. Agarwal's Health Care Limi investor relations
INE943X01015,Jigar Cables Limited,BSE,JIGAR,,Jigar Cables Limited investor relations
INE944A01011,GUJARAT STATE FINANCIAL CORPOR,BSE,GUJSTATFIN,,GUJARAT STATE FINANCIAL CORPOR investor relations
INE944C01017,MARKET CREATORS LTD.,BSE,MKTCREAT,,MARKET CREATORS LTD. investor relations
INE944F01028,RADICO KHAITAN LTD.,"BSE, NSE",RADICO,RADICO,RADICO KHAITAN LTD. investor relations
INE945B01016,TYROON TEA CO.LTD.,BSE,TYROON,,TYROON TEA CO.LTD. investor relations
INE945F01025,DECCAN GOLD MINES LTD.,BSE,DECNGOLD,,DECCAN GOLD MINES LTD. investor relations
INE945H01013,V2 RETAIL LTD.,"BSE, NSE",V2RETAIL,V2RETAIL,V2 RETAIL LTD. investor relations
INE945J01027,ZODIAC VENTURES LIMITED,BSE,ZODIACVEN,,ZODIAC VENTURES LIMITED investor relations
INE945O01019,PANTH INFINITY LIMITED,BSE,PANTH,,PANTH INFINITY LIMITED investor relations
INE945P01024,WARDWIZARD INNOVATIONS AND MOB,BSE,WARDINMOBI,,WARDWIZARD INNOVATIONS AND MOB investor relations
INE946H01037,VIPUL LTD.,"BSE, NSE",VIPULLTD,VIPULLTD,VIPUL LTD. investor relations
INE947A01014,SUNFLAG IRON & STEEL CO.LTD.,"BSE, NSE",SUNFLAG,SUNFLAG,SUNFLAG IRON & STEEL CO.LTD. investor relations
INE947G01011,Mercury Laboratories Limited,BSE,MERCURYLAB,,Mercury Laboratories Limited investor relations
INE947I01017,Lotus Eye Hospital And Institu,"BSE, NSE",LOTUSEYE,LOTUSEYE,Lotus Eye Hospital And Institu investor relations
INE947J01015,DEN NETWORKS LTD,"BSE, NSE",DEN,DEN,DEN NETWORKS LTD investor relations
INE947N01017,Aequs Limited,"BSE, NSE",AEQUS,AEQUS,Aequs Limited investor relations
INE947Q01028,Laurus Labs Limited,"BSE, NSE",LAURUSLABS,LAURUSLABS,Laurus Labs Limited investor relations
INE948A01012,TRIGYN TECHNOLOGIES LTD.,"BSE, NSE",TRIGYN,TRIGYN,TRIGYN TECHNOLOGIES LTD. investor relations
INE948G01019,SBEC SUGAR LTD.,BSE,SBECSUG,,SBEC SUGAR LTD. investor relations
INE948Q01018,BFL Asset Finvest Limited,BSE,BFLAFL,,BFL Asset Finvest Limited investor relations
INE949B01018,COSCO (INDIA) LTD.,BSE,COSCO,,COSCO (INDIA) LTD. investor relations
INE949C01016,Classic Leasing & Finance Ltd.,BSE,CLFL,,Classic Leasing & Finance Ltd. investor relations
INE949H01023,MAN INFRACONSTRUCTION LTD.,"BSE, NSE",MANINFRA,MANINFRA,MAN INFRACONSTRUCTION LTD. investor relations
INE949L01017,AU Small Finance Bank Limited,"BSE, NSE",AUBANK,AUBANK,AU Small Finance Bank Limited investor relations
INE949P01018,GENUS PAPER & BOARDS LIMITED,"BSE, NSE",GENUSPAPER,GENUSPAPER,GENUS PAPER & BOARDS LIMITED investor relations
INE950C01014,H.P.COTTON TEXTILE MILLS LTD.,BSE,HPCOTTON,,H.P.COTTON TEXTILE MILLS LTD. investor relations
INE950I01011,D B CORP LTD,"BSE, NSE",DBCORP,DBCORP,D B CORP LTD investor relations
INE950M01013,Monte Carlo Fashions Limited,"BSE, NSE",MONTECARLO,MONTECARLO,Monte Carlo Fashions Limited investor relations
INE951B01014,KRYPTON INDUSTRIES LTD.,BSE,KRYPTONQ,,KRYPTON INDUSTRIES LTD. investor relations
INE951C01012,UNIVERSAL OFFICE AUTOMATION LT,BSE,UNIOFFICE,,UNIVERSAL OFFICE AUTOMATION LT investor relations
INE951D01028,ATUL AUTO LTD.,"BSE, NSE",ATULAUTO,ATULAUTO,ATUL AUTO LTD. investor relations
INE951I01027,V-GUARD INDUSTRIES LTD.,"BSE, NSE",VGUARD,VGUARD,V-GUARD INDUSTRIES LTD. investor relations
INE951M01037,RRIL LIMITED,BSE,RRIL,,RRIL LIMITED investor relations
INE952C01028,MINAXI TEXTILES LTD.,BSE,MINAXI,,MINAXI TEXTILES LTD. investor relations
INE952H01027,RAJ TELEVISION NETWORK LTD.,"BSE, NSE",RAJTV,RAJTV,RAJ TELEVISION NETWORK LTD. investor relations
INE952M01019,FLOMIC GLOBAL LOGISTICS LIMITE,BSE,FLOMIC,,FLOMIC GLOBAL LOGISTICS LIMITE investor relations
INE953B01010,CHARTERED CAPITAL & INVESTMENT,BSE,CHRTEDCA,,CHARTERED CAPITAL & INVESTMENT investor relations
INE953E01022,KSE LTD.,BSE,KSE,,KSE LTD. investor relations
INE953L01027,JANA SMALL FINANCE BANK LIMITE,"BSE, NSE",JSFB,JSFB,JANA SMALL FINANCE BANK LIMITE investor relations
INE953M01033,PS IT INFRASTRUCTURE & SERVICE,BSE,PSITINFRA,,PS IT INFRASTRUCTURE & SERVICE investor relations
INE953O01021,Sansera Engineering Limited,"BSE, NSE",SANSERA,SANSERA,Sansera Engineering Limited investor relations
INE953R01016,P N GADGIL JEWELLERS LIMITED,"BSE, NSE",PNGJL,PNGJL,P N GADGIL JEWELLERS LIMITED investor relations
INE953W01016,Escorp Asset Management Limite,BSE,ESCORP,,Escorp Asset Management Limite investor relations
INE954B01018,FLEX FOODS LTD.,BSE,FLEXFO,,FLEX FOODS LTD. investor relations
INE954E01012,MOHIT INDUSTRIES LTD.,"BSE, NSE",MOHITIND,MOHITIND,MOHIT INDUSTRIES LTD. investor relations
INE955D01029,GENUS POWER INFRASTRUCTURES LT,"BSE, NSE",GENUSPOWER,GENUSPOWER,GENUS POWER INFRASTRUCTURES LT investor relations
INE955I01044,SEJAL GLASS LIMITED,"BSE, NSE",SEJALLTD,SEJALLTD,SEJAL GLASS LIMITED investor relations
INE955V01021,Arvind Fashions Limited,"BSE, NSE",ARVINDFASN,ARVINDFASN,Arvind Fashions Limited investor relations
INE956B01013,DHAMPURE SPECIALITY SUGARS LTD,BSE,DHAMPURE,,DHAMPURE SPECIALITY SUGARS LTD investor relations
INE956G01038,VA TECH WABAG LTD.,"BSE, NSE",WABAG,WABAG,VA TECH WABAG LTD. investor relations
INE956O01016,Lenskart Solutions Limited,"BSE, NSE",LENSKART,LENSKART,Lenskart Solutions Limited investor relations
INE957C01019,ARUNA HOTELS LTD.,BSE,ARUNAHTEL,,ARUNA HOTELS LTD. investor relations
INE957E01031,BRIJLAXMI LEASING & FINANCE LT,BSE,BRIJLEAS,,BRIJLAXMI LEASING & FINANCE LT investor relations
INE957U01011,Mewar Hi-Tech Engineering Limi,BSE,MHEL,,Mewar Hi-Tech Engineering Limi investor relations
INE957W01025,Misquita Engineering Limited,BSE,MISQUITA,,Misquita Engineering Limited investor relations
INE958A01011,EUREKA INDUSTRIES LTD.,BSE,EUREKAI,,EUREKA INDUSTRIES LTD. investor relations
INE958C01025,BRIDGE SECURITIES LTD.,BSE,BRIDGESE,,BRIDGE SECURITIES LTD. investor relations
INE959A01019,PRIVI SPECIALITY CHEMICALS LIM,"BSE, NSE",PRIVISCL,PRIVISCL,PRIVI SPECIALITY CHEMICALS LIM investor relations
INE959B01017,GTT DATA SOLUTIONS LIMITED,BSE,GTTDATA,,GTT DATA SOLUTIONS LIMITED investor relations
INE959C01023,ORIENTAL AROMATICS LIMITED,"BSE, NSE",OAL,OAL,ORIENTAL AROMATICS LIMITED investor relations
INE959D01013,SOVEREIGN DIAMONDS LTD.,BSE,SOVERDIA,,SOVEREIGN DIAMONDS LTD. investor relations
INE960A01017,SHILP GRAVURES LTD.,BSE,SHILGRAVQ,,SHILP GRAVURES LTD. investor relations
INE960B01015,SPARC ELECTREX LIMITED,BSE,SPAR,,SPARC ELECTREX LIMITED investor relations
INE960E01019,SHIVA GLOBAL AGRO INDUSTRIES L,BSE,SHIVAAGRO,,SHIVA GLOBAL AGRO INDUSTRIES L investor relations
INE960Z01014,Raw Edge Industrial Solutions,BSE,RAWEDGE,,Raw Edge Industrial Solutions investor relations
INE961B01013,KAY POWER AND PAPER LTD.,BSE,KAYPOWR,,KAY POWER AND PAPER LTD. investor relations
INE961D01019,UNITED DRILLING TOOLS LTD.,"BSE, NSE",UNIDT,UNIDT,UNITED DRILLING TOOLS LTD. investor relations
INE961E01017,TRADE WINGS LTD.,BSE,TRADWIN,,TRADE WINGS LTD. investor relations
INE961O01016,Rainbow Children's Medicare Li,"BSE, NSE",RAINBOW,RAINBOW,Rainbow Children's Medicare Li investor relations
INE962B01011,PRAG BOSIMI SYNTHETICS LTD.,BSE,PRAGBOS,,PRAG BOSIMI SYNTHETICS LTD. investor relations
INE962C01035,Eastern Silk Industries Limited,NSE,,EASTSILK,Eastern Silk Industries Limited investor relations
INE962E01015,SCOOBEE DAY GARMENTS (INDIA) L,BSE,SCOOBEEDAY,,SCOOBEE DAY GARMENTS (INDIA) L investor relations
INE962O01014,VCU DATA MANAGEMENT LTD,BSE,VCU,,VCU DATA MANAGEMENT LTD investor relations
INE962Y01021,IRCON International Ltd,"BSE, NSE",IRCON,IRCON,IRCON International Ltd investor relations
INE963A01011,HIPOLIN LTD.,BSE,HIPOLIN,,HIPOLIN LTD. investor relations
INE963C01033,FAZE THREE LTD.,"BSE, NSE",FAZE3Q,FAZE3Q,FAZE THREE LTD. investor relations
INE964H01014,SEPC LIMITED,"BSE, NSE",SEPC,SEPC,SEPC LIMITED investor relations
INE964R01013,REGENCY FINCORP LIMITED,BSE,REGENCY,,REGENCY FINCORP LIMITED investor relations
INE964W01021,M.K.Proteins Limited,"BSE, NSE",MKPL,MKPL,M.K.Proteins Limited investor relations
INE965B01022,HYBRID FINANCIAL SERVICES LIMI,"BSE, NSE",HYBRIDFIN,HYBRIDFIN,HYBRID FINANCIAL SERVICES LIMI investor relations
INE965C01038,INNOVATIVE TECH PACK LTD.,BSE,INNOVTEC,,INNOVATIVE TECH PACK LTD. investor relations
INE965H01011,Siti Networks Ltd.,"BSE, NSE",SITINET,SITINET,Siti Networks Ltd. investor relations
INE965W01036,BMW VENTURES LIMITED,"BSE, NSE",BMWVENTLTD,BMWVENTLTD,BMW VENTURES LIMITED investor relations
INE966A01022,DOLAT ALGOTECH LIMITED,"BSE, NSE",DOLATALGO,DOLATALGO,DOLAT ALGOTECH LIMITED investor relations
INE966C01010,JAINCO PROJECTS (INDIA) LTD.,BSE,JAINCO,,JAINCO PROJECTS (INDIA) LTD. investor relations
INE966H01019,ZEE MEDIA CORPORATION LIMITED,"BSE, NSE",ZEEMEDIA,ZEEMEDIA,ZEE MEDIA CORPORATION LIMITED investor relations
INE966Q01010,HILIKS TECHNOLOGIES LIMITED,BSE,HILIKS,,HILIKS TECHNOLOGIES LIMITED investor relations
INE967A01012,SWARNSARITA JEWELS INDIA LIMIT,BSE,SWARNSAR,,SWARNSARITA JEWELS INDIA LIMIT investor relations
INE967B01028,SGL RESOURCES LIMITED,BSE,SGLRES,,SGL RESOURCES LIMITED investor relations
INE967C01018,KAMAT HOTELS (INDIA) LTD.,"BSE, NSE",KAMATHOTEL,KAMATHOTEL,KAMAT HOTELS (INDIA) LTD. investor relations
INE967G01019,SARASWATI COMMERCIAL (INDIA) L,BSE,ZSARACOM,,SARASWATI COMMERCIAL (INDIA) L investor relations
INE967H01025,Krishna Institute of Medical S,"BSE, NSE",KIMS,KIMS,Krishna Institute of Medical S investor relations
INE968D01022,ARSHIYA LIMITED,"BSE, NSE",ARSHIYA,ARSHIYA,ARSHIYA LIMITED investor relations
INE969C01022,RAGHUVIR SYNTHETICS LTD.,BSE,RAGHUSYN,,RAGHUVIR SYNTHETICS LTD. investor relations
INE969D01012,IND BANK HOUSING LTD.,BSE,INDBNK,,IND BANK HOUSING LTD. investor relations
INE969E01010,YAAN ENTERPRISES LIMITED,BSE,YAANENT,,YAAN ENTERPRISES LIMITED investor relations
INE970C01012,SHREE KRISHNA PAPER MILLS & IN,BSE,SKPMIL,,SHREE KRISHNA PAPER MILLS & IN investor relations
INE970D01010,LOYAL TEXTILE MILLS LTD.,"BSE, NSE",LOYALTEX,LOYALTEX,LOYAL TEXTILE MILLS LTD. investor relations
INE970N01027,Spacenet Enterprises India Limited,NSE,,SPCENET,Spacenet Enterprises India Limited investor relations
INE970X01018,Lemon Tree Hotels Limited,"BSE, NSE",LEMONTREE,LEMONTREE,Lemon Tree Hotels Limited investor relations
INE971A01014,KONNDOR INDUSTRIES LIMITED,BSE,KONNDOR,,KONNDOR INDUSTRIES LIMITED investor relations
INE971L01029,KEMISTAR CORPORATION LIMITED,BSE,KEMISTAR,,KEMISTAR CORPORATION LIMITED investor relations
INE972A01020,KOTHARI INDUSTRIAL CORPORATION,BSE,KOTIC,,KOTHARI INDUSTRIAL CORPORATION investor relations
INE972C01018,BHASKAR AGROCHEMICALS LTD.,BSE,BHASKAGR,,BHASKAR AGROCHEMICALS LTD. investor relations
INE972E01014,DHRUVA CAPITAL SERVICES LTD.,BSE,DHRUVCA,,DHRUVA CAPITAL SERVICES LTD. investor relations
INE972X01022,Vaishali Pharma Limited,NSE,,VAISHALI,Vaishali Pharma Limited investor relations
INE973A01010,GOLDEN TOBACCO LTD.,"BSE, NSE",GOLDENTOBC,GOLDENTOBC,GOLDEN TOBACCO LTD. investor relations
INE973B01026,ISF LIMITED,BSE,ISFL,,ISF LIMITED investor relations
INE973X01012,Poojawestern Metaliks Limited,BSE,POOJA,,Poojawestern Metaliks Limited investor relations
INE974B01016,CHEVIOT CO.LTD.,"BSE, NSE",CHEVIOT,CHEVIOT,CHEVIOT CO.LTD. investor relations
INE974F01025,Sunshine Capital Ltd.,BSE,SCL,,Sunshine Capital Ltd. investor relations
INE974X01010,Tube Investments of India Ltd,"BSE, NSE",TIINDIA,TIINDIA,Tube Investments of India Ltd investor relations
INE974Z01015,Priti International Limited,NSE,,PRITI,Priti International Limited investor relations
INE975C01011,CHORDIA FOOD PRODUCTS LTD.,BSE,CHORDIA,,CHORDIA FOOD PRODUCTS LTD. investor relations
INE975G01012,IL&FS TRANSPORTATION NETWORKS,"BSE, NSE",IL&FSTRANS,IL&FSTRANS,IL&FS TRANSPORTATION NETWORKS investor relations
INE976A01021,West Coast Paper Mills Limited,"BSE, NSE",WSTCSTPAPR,WSTCSTPAPR,West Coast Paper Mills Limited investor relations
INE976E01023,FOODS & INNS LTD.,"BSE, NSE",FOODSIN,FOODSIN,FOODS & INNS LTD. investor relations
INE976G01028,RBL Bank Limited,"BSE, NSE",RBLBANK,RBLBANK,RBL Bank Limited investor relations
INE976H01018,LEHAR FOOTWEARS LIMITED,BSE,LEHAR,,LEHAR FOOTWEARS LIMITED investor relations
INE976I01016,Tata Capital Limited,"BSE, NSE",TATACAP,TATACAP,Tata Capital Limited investor relations
INE976R01033,AGI Infra Limited,"BSE, NSE",AGIIL,AGIIL,AGI Infra Limited investor relations
INE976T01013,Sagardeep Alloys Limited,NSE,,SAGARDEEP,Sagardeep Alloys Limited investor relations
INE977E01013,FRONTIER CAPITAL LIMITED,BSE,FRONTCAP,,FRONTIER CAPITAL LIMITED investor relations
INE977M01024,PHOENIX TOWNSHIP LTD,BSE,PHOENIXTN,,PHOENIX TOWNSHIP LTD investor relations
INE977Y01011,Brand Concepts Limited,"BSE, NSE",BCONCEPTS,BCONCEPTS,Brand Concepts Limited investor relations
INE978A01027,HERITAGE FOODS LIMITED,"BSE, NSE",HERITGFOOD,HERITGFOOD,HERITAGE FOODS LIMITED investor relations
INE978G01016,SPL INDUSTRIES LTD.,"BSE, NSE",SPLIL,SPLIL,SPL INDUSTRIES LTD. investor relations
INE979A01025,SAREGAMA INDIA LTD.,"BSE, NSE",SAREGAMA,SAREGAMA,SAREGAMA INDIA LTD. investor relations
INE979B01015,HAWKINS COOKERS LTD.,BSE,HAWKINCOOK,,HAWKINS COOKERS LTD. investor relations
INE979D01011,Kush Industries Limited,BSE,KUSHIND,,Kush Industries Limited investor relations
INE979R01011,Shyam Century Ferrous Limited,"BSE, NSE",SHYAMCENT,SHYAMCENT,Shyam Century Ferrous Limited investor relations
INE980D01019,UNIROYAL INDUSTRIES LTD.,BSE,UNIROYAL,,UNIROYAL INDUSTRIES LTD. investor relations
INE980O01024,Jyoti CNC Automation Limited,"BSE, NSE",JYOTICNC,JYOTICNC,Jyoti CNC Automation Limited investor relations
INE980Y01015,South West Pinnacle Exploratio,"BSE, NSE",SOUTHWEST,SOUTHWEST,South West Pinnacle Exploratio investor relations
INE982B01027,ADF FOODS LTD.,"BSE, NSE",ADFFOODS,ADFFOODS,ADF FOODS LTD. investor relations
INE982C01033,TRITON CORP.LTD.,BSE,TRITON,,TRITON CORP.LTD. investor relations
INE982F01036,HATHWAY CABLE & DATACOM LTD,"BSE, NSE",HATHWAY,HATHWAY,HATHWAY CABLE & DATACOM LTD investor relations
INE982J01020,One 97 Communications Limited,"BSE, NSE",PAYTM,PAYTM,One 97 Communications Limited investor relations
INE982V01025,Jet Freight Logistics Limited,"BSE, NSE",JETFREIGHT,JETFREIGHT,Jet Freight Logistics Limited investor relations
INE983C01015,LUDLOW JUTE & SPECIALITIES LTD,BSE,LUDLOWJUT,,LUDLOW JUTE & SPECIALITIES LTD investor relations
INE984B01023,INTEGRA ENGINEERING INDIA LTD.,BSE,INTEGRAEN,,INTEGRA ENGINEERING INDIA LTD. investor relations
INE984E01035,Vivanza Biosciences Limited,BSE,VIVANZA,,Vivanza Biosciences Limited investor relations
INE985A01022,SINCLAIRS HOTELS LTD.,"BSE, NSE",SINCLAIR,SINCLAIR,SINCLAIRS HOTELS LTD. investor relations
INE985S01024,TeamLease Services Limited,"BSE, NSE",TEAMLEASE,TEAMLEASE,TeamLease Services Limited investor relations
INE985W01018,CREATIVE NEWTECH LIMITED,"BSE, NSE",CNL,CNL,CREATIVE NEWTECH LIMITED investor relations
INE986A01012,BILCARE LTD.,BSE,BI,,BILCARE LTD. investor relations
INE986B01044,RADHE DEVELOPERS (INDIA) LTD.,BSE,RADHEDE,,RADHE DEVELOPERS (INDIA) LTD. investor relations
INE986W01016,Bhakti Gems And Jewellery Limi,BSE,BGJL,,Bhakti Gems And Jewellery Limi investor relations
INE987A01010,MAKERS LABORATORIES LTD.,BSE,MAKERSL,,MAKERS LABORATORIES LTD. investor relations
INE987B01026,NATCO PHARMA LTD.,"BSE, NSE",NATCOPHARM,NATCOPHARM,NATCO PHARMA LTD. investor relations
INE987S01020,KSH INTERNATIONAL LIMITED,"BSE, NSE",KSHINTL,KSHINTL,KSH INTERNATIONAL LIMITED investor relations
INE988D01012,RISHI LASER LTD.,BSE,RISHILASE,,RISHI LASER LTD. investor relations
INE988S01028,Apeejay Surrendra Park Hotels,"BSE, NSE",PARKHOTELS,PARKHOTELS,Apeejay Surrendra Park Hotels investor relations
INE989A01032,SANGHVI MOVERS LTD.,"BSE, NSE",SANGHVIMOV,SANGHVIMOV,SANGHVI MOVERS LTD. investor relations
INE989C01038,DIAMOND POWER INFRASTRUCTURE L,"BSE, NSE",DIACABS,DIACABS,DIAMOND POWER INFRASTRUCTURE L investor relations
INE989D01010,RISHI TECHTEX LTD.,BSE,RISHITECH,,RISHI TECHTEX LTD. investor relations
INE989J01017,AMPVOLTS LIMITED,BSE,AMPVOLTS,,AMPVOLTS LIMITED investor relations
INE989S01042,Ontic Finserve Limited,BSE,ONTIC,,Ontic Finserve Limited investor relations
INE991A01020,AMFORGE INDUSTRIES LTD.,BSE,AMFORG,,AMFORGE INDUSTRIES LTD. investor relations
INE991B01010,KOTHARI FERMENTATION & BIOCHEM,BSE,KFBL,,KOTHARI FERMENTATION & BIOCHEM investor relations
INE991I01015,Aspinwall and Company Limited,NSE,,ASPINWALL,Aspinwall and Company Limited investor relations
INE992I01013,STARTECK FINANCE LIMITED,"BSE, NSE",STARTECK,STARTECK,STARTECK FINANCE LIMITED investor relations
INE993A01026,MAN INDUSTRIES (INDIA) LTD.,"BSE, NSE",MANINDS,MANINDS,MAN INDUSTRIES (INDIA) LTD. investor relations
INE993I01029,Enbee Trade &amp; Finance Ltd,BSE,ENBETRD,,Enbee Trade &amp; Finance Ltd investor relations
INE994B01014,BHARAT IMMUNOLOGICALS & BIOLOG,BSE,BIBCL,,BHARAT IMMUNOLOGICALS & BIOLOG investor relations
INE994D01010,Aeonx Digital Technology Limit,BSE,AEONXDIGI,,Aeonx Digital Technology Limit investor relations
INE994E01018,3B BlackBio Dx Limited,BSE,3BBLACKBIO,,3B BlackBio Dx Limited investor relations
INE994R01028,CRYSTAL BUSINESS SYSTEM LIMITE,BSE,CRYSTAL,,CRYSTAL BUSINESS SYSTEM LIMITE investor relations
INE995A01013,GRAVITY (INDIA) LTD.,BSE,GRAVITY,,GRAVITY (INDIA) LTD. investor relations
INE995D01025,Chembond Material Technologies,"BSE, NSE",CHEMBOND,CHEMBOND,Chembond Material Technologies investor relations
INE995S01015,NIVA BUPA HEALTH INSURANCE COM,"BSE, NSE",NIVABUPA,NIVABUPA,NIVA BUPA HEALTH INSURANCE COM investor relations
INE997C01015,Goenka Business & Finance Limi,BSE,GBFL,,Goenka Business & Finance Limi investor relations
INE997D01021,NEWTIME INFRASTRUCTURE LIMITED,BSE,NEWINFRA,,NEWTIME INFRASTRUCTURE LIMITED investor relations
INE997I01012,SHRI KRISHNA DEVCON LTD.,BSE,SHRIKRISH,,SHRI KRISHNA DEVCON LTD. investor relations
INE997Y01027,Mittal Life Style Limited,NSE,,MITTAL,Mittal Life Style Limited investor relations
INE998D01011,JAYABHARAT CREDIT LTD.,BSE,JAYBHCR,,JAYABHARAT CREDIT LTD. investor relations
INE998H01012,ORIENTAL TRIMEX LTD.,"BSE, NSE",ORIENTALTL,ORIENTALTL,ORIENTAL TRIMEX LTD. investor relations
INE998I01010,MAHINDRA HOLIDAYS & RESORTS IN,"BSE, NSE",MHRIL,MHRIL,MAHINDRA HOLIDAYS & RESORTS IN investor relations
INE999A01023,KSB LIMITED,"BSE, NSE",KSB,KSB,KSB LIMITED investor relations
INE999B01013,SANGHI INDUSTRIES LTD.,"BSE, NSE",SANGHIIND,SANGHIIND,SANGHI INDUSTRIES LTD. investor relations
INE999K01014,ORIENT GREEN POWER COMPANY LTD,"BSE, NSE",GREENPOWER,GREENPOWER,ORIENT GREEN POWER COMPANY LTD investor relations
